"w-full src","ellipsis-2","text-caption","text-body2-strong","flex","w-full src 2","ellipsis-2 2","flex href 4","text-caption 2","text-body2-strong 2","flex href 5","flex 2","w-full src 3","ellipsis-2 3","text-caption 3","text-body2-strong 3","flex 3","w-full src 4","ellipsis-2 4","flex href 9","text-caption 4","text-body2-strong 4","flex href 10","flex 4","w-full src 5","ellipsis-2 5","text-caption 5","text-body2-strong 5","flex href 12","flex 5","flex href 13","flex href 14","flex href 15","text-caption 6","w-full src 6","flex href 16","text-body2-strong 6","text-neutral-300","text-body2-strong 7","text-neutral-300 2"
"https://dkstatics-public.digikala.com/digikala-products/565927a5c2f166085255124fea99448d5d45ec76_1778576534.jpg?x-oss-process=image/resize,m_lfit,h_600,w_600/quality,q_90","جک سوسماری خودرو 2 تن پالاس مدل P1202 با بدنه فولادی مقاوم، ارتفاع بلند کردن 135 تا 320 میلی‌متر، سوپاپ ایمنی، چرخ‌های بزرگ قابل چرخش و کیف BMC برای حمل آسان","موجود در انبار دیجی کالا","۴.۵","۴,۷۱۰,۰۰۰","https://dkstatics-public.digikala.com/digikala-products/0a32f1f67397e84ed4059b85a1d3d9bc806af5d4_1635523255.jpg?x-oss-process=image/resize,m_lfit,h_600,w_600/quality,q_90","قیف خودرو چندکاره مناسب تمام خودروها با لوله خرطومی 35 سانتی‌متری، ساخته شده از پلاستیک مرغوب، دارای توری در دهانه، دسته روی بدنه، مناسب برای ریختن روغن موتور، بنزین، گازوئیل و ضدیخ مدل ZA-GHR1","[object Object]","موجود در انبار دیجی کالا","۴.۳","[object Object]","۱۲۸,۶۰۰","https://dkstatics-public.digikala.com/digikala-products/7dbfd7efc05317c7713af01699cb8f61e7718ce1_1777143168.jpg?x-oss-process=image/resize,m_lfit,h_600,w_600/quality,q_90","کارواش شارژی خانگی ویوارکس مدل VR2025-PW با موتور براشلس، فشار 25 بار، دبی آب 3.5 لیتر در دقیقه، نازل 6 حالته، سیستم مکش اتوماتیک و باتری دوقلو 20 ولتی","تنها ۱ عدد در انبار باقی مانده","۴.۳","۸,۳۵۰,۰۰۰","https://dkstatics-public.digikala.com/digikala-products/04792ece8626ee7b071517c402deeaf022e2f454_1770666439.jpg?x-oss-process=image/resize,m_lfit,h_600,w_600/quality,q_90","کارواش دینامی آبگرم و نیمه‌صنعتی دلیکس مدل XL3800W با فشار 280 بار، توان 3800 وات، قابلیت مکش خودکار آب، حداکثر دمای آب 50 درجه و دبی 10 لیتر در دقیقه","[object Object]","موجود در انبار دیجی کالا","۴.۱","[object Object]","۳۵,۰۰۰,۰۰۰","https://dkstatics-public.digikala.com/digikala-products/46efb92990a1ce3499410c83dfc807e93e138302_1691339623.jpg?x-oss-process=image/resize,m_lfit,h_600,w_600/quality,q_90","خوشبوکننده خورشیدی خودرو مدل هلیکوپتر با اسانس قطره‌ای ادکلنی، چسبان قابل نصب روی داشبورد، ماندگاری سه ماه و عملکرد بدون نیاز به باتری با نور خورشید","ارسال ۳ ساعته فروشنده","۴.۱","[object Object]","۶۱۰,۰۰۰","[object Object]","","","","","","","","",""
"https://dkstatics-public.digikala.com/digikala-products/f85a59568bca622e21c2ab084b38d3dec9e5d7b0_1747029883.jpg?x-oss-process=image/resize,m_lfit,h_600,w_600/quality,q_90","سروالف آلومینیومی خودرو مدل TPMS-4 مناسب پژو 206، 207، شاهین، اطلس، سهند، دنا و پارس با طرح لوگو، واشر آب‌بندی و بسته 4 عددی","موجود در انبار دیجی کالا","۴.۴","۲۰۰,۱۲۰","https://dkstatics-public.digikala.com/digikala-products/4506389.jpg?x-oss-process=image/resize,m_lfit,h_600,w_600/quality,q_90","روکش فرمان خودرو مدل 16 با قطر 37 سانتی‌متر ساخته شده از چرم مصنوعی با دوام بالا و وزن 210 گرم برای افزایش راحتی و کنترل بهتر فرمان در رانندگی","[object Object]","موجود در انبار دیجی کالا","۴","[object Object]","۱۵۵,۰۰۰","https://dkstatics-public.digikala.com/digikala-products/5468502.jpg?x-oss-process=image/resize,m_lfit,h_600,w_600/quality,q_90","آفتابگیر رولی شیشه جلو خودرو مدل R45، جنس پلاستیک، طول 130 سانتیمتر، عرض 42 سانتیمتر، قابلیت نصب با کاپ سوکشن، وزن 300 گرم","موجود در انبار دیجی کالا","۳.۷","۳۷۵,۰۰۰","https://dkstatics-public.digikala.com/digikala-products/971a592627eb7fbc1b9bbcd8aed25229cb75f42c_1753088637.jpg?x-oss-process=image/resize,m_lfit,h_600,w_600/quality,q_90","کاور ریموت فلزی سیلیکونی مناسب پژو 206 و 207 مدل MC-PG-A با طراحی دو لایه مقاوم در برابر ضربه، خط و خش و گرد و غبار، ضد آب، نوار شبرنگ و بند کمری برای محافظت و سهولت استفاده","[object Object]","موجود در انبار دیجی کالا","۴.۴","[object Object]","۶۶۵,۰۰۰","https://dkstatics-public.digikala.com/digikala-products/1549900ca3f1fe4bc9d20081eac6df14f2c16670_1734382887.jpg?x-oss-process=image/resize,m_lfit,h_600,w_600/quality,q_90","مجموعه 24 عددی برچسب خودرو ماسا دیزاین با چسبندگی بالا، جنس کاغذ روکش‌دار، مقاوم در برابر آب، نور خورشید و دما، کیفیت چاپ بالا و برش دقیق","","۴.۴","[object Object]","۲۴۱,۸۷۰","[object Object]","[object Object]","[object Object]","ارسال فروشنده","https://www.digikala.com/statics/img/svg/productCard/topBadge/SpecialSell.svg","[object Object]","۵٪","۲۵۴,۶۰۰","",""
"","شاخ تزئینی پلاستیکی مدل 01 مجموعه 2 عددی با چسب دو طرفه قوی، سبک و مقاوم مناسب نصب روی داشبورد خودرو، کلاه کاسکت موتور و دوچرخه، فرمان و کلاه نقاب دار","موجود در انبار دیجی کالا","۳.۷","۶۹,۰۰۰","","کیت نورپردازی تزئینی داخل خودرو مدل Musical مناسب پژو 206، پژو 207، پژو پارس، ام وی ام و سمند با چراغ‌های LED رنگی، حالت‌های نورپردازی متنوع، فلشر و نصب آسان","[object Object]","ارسال سریع دیجی‌کالا","۴.۳","[object Object]","۶۸۰,۰۰۰","","کیت مکش موتور تامی تیونینگ مدل TU5_TU3_XU7_EF7_M15 مناسب پژو 206، 207، پارس، رانا، دنا، ساینا، سمند و کوییک با فیلتر اسپرت قابل شستشو، کاهش مصرف سوخت و افزایش قدرت موتور","تنها ۲ عدد در انبار باقی مانده","۴.۱","۲,۳۸۰,۰۰۰","","آفتابگیر شیشه جلو خودرو مدل عینکی تا شو با کاور نگهدارنده، جنس پلاستیک، کاهش تابش مستقیم و گرمای داخل خودرو، افزایش ایمنی و راحتی رانندگی","[object Object]","ارسال سریع دیجی‌کالا","۴.۲","[object Object]","۱۴۰,۴۱۰","","پولیش بدنه خودرو جلاسنج مدل نرم حجم 170 گرم، پولیش نهایی بدون سیلیکون با چربی کنترل شده، براق کننده و محافظت کننده بدنه از اشعه خورشید، رفع خراش و لکه قیر، مناسب استفاده دستی و ماشینی","","۴.۱","[object Object]","۲۲۴,۰۰۰","[object Object]","[object Object]","[object Object]","ارسال فروشنده","","","۶٪","۷۲۰,۰۰۰","۲۳٪","۳,۱۰۰,۰۰۰"
"","چراغ آنتی هدلایت خودرو مزاحم گیر با چیپ COB و پرتاب نور بالا، نصب آسان بدون نیاز به سوراخ کاری، دارای 4 متر سیم، قابل اتصال به فندکی یا برق مستقیم، مناسب برای تمام خودروها","ارسال فروشنده","۴","۴۸۸,۰۰۰","","برس تمیز کننده داخلی خودرو مدل CBSH با طراحی اریب و قوس‌دار، دسته خوش‌دست، انعطاف‌پذیر و بادوام، مناسب برای سطوح داشبورد، دنده و فرمان تمامی خودروها","[object Object]","موجود در انبار دیجی کالا","۴","[object Object]","۱۳۰,۰۰۰","","براش تمیزکننده کابین خودرو مدل 01 با الیاف مصنوعی نرم و کرکی، خاصیت ارتجاعی و انعطاف‌پذیر، مناسب داشبورد، روکش صندلی و قسمت‌های پلاستیکی و چرمی، حذف سریع گرد و غبار و بقایای مواد غذایی بدون آسیب به سطوح","موجود در انبار دیجی کالا","۴","۱۱۰,۰۰۰","","منبع اگزوز اسپرت مدل B520 مناسب تمامی خودروها با قطر ورودی 6cm، مقاومت بالا در برابر حرارت طولانی‌مدت، سری ضد آب و ضد زنگ، صدای بم و ابعاد 130x130x520 میلی‌متر","[object Object]","موجود در انبار دیجی کالا","۴.۴","[object Object]","۱,۵۳۰,۰۰۰","","کارواش شارژی ۳۸ بار ۸۸ ولت جاب مدل JB-8880 CAR NEW با حداکثر دبی اب ۶ لیتر بر دقیقه مجموعه ۱۳ عددی","","","","۴,۹۹۰,۰۰۰","[object Object]","","[object Object]","موجود در انبار دیجی کالا","","[object Object]","۶٪","۵۲۰,۰۰۰","۶۰٪","۱۲,۵۰۰,۰۰۰"
"","تلفن مخصوص پارک خودرو مدل GPK با استند نصب روی داشبورد و پنجره، شامل 12 عدد برچسب آهنربایی قابل تنظیم برای نمایش شماره تماس و جلوگیری از افتادن محصول","ارسال فروشنده","۳.۷","۱۰۹,۰۰۰","","آفتابگیر خودرو مدل چتری با طراحی تلسکوپی و 10 دنده فولادی، ضد اشعه UV، نصب آسان روی شیشه جلو و داشبورد، کاهش دمای داخل خودرو و محافظت موثر در برابر نور خورشید","[object Object]","موجود در انبار دیجی کالا","۳.۸","[object Object]","۵۵۴,۵۳۰","","بسته 3 عددی برچسب خودرو شامل قوانین خودرو، سیستم صوتی و فابریک با چاپ باکیفیت و چسبندگی عالی برای زیبایی و جلب توجه کابین خودرو","","۳.۹","۶۲,۰۰۰","","حوله مایکروفایبر نانوتیس مدل Microfiber Cloth ابعاد 40x39 سانتی‌متر با الیاف میکروفایبر، قدرت جذب بالا، عدم ایجاد خط و خش و پرز، مناسب پاک کردن بدنه، شیشه، داخل کابین و قسمت‌های پلاستیکی و فلزی خودرو","[object Object]","موجود در انبار دیجی کالا","۴.۲","[object Object]","۲۵۸,۰۰۰","","کنسول متحرک داخل خودرو مدل آیلین از جنس پلاستیک فشرده با طراحی شبکه‌ای، دارای 2 محفظه شامل جای لیوان و فضای مستطیل برای لوازم شخصی، پد ضربه‌گیر محافظ روکش صندلی، روزنه عبور کابل شارژ و نصب آسان برای خودروهای مختلف، کد KE13","ارسال ۳ ساعته فروشنده","۳.۹","[object Object]","۱۶۰,۰۰۰","[object Object]","[object Object]","[object Object]","موجود در انبار دیجی کالا","","","۳۶٪","۱۶۹,۰۰۰","",""
"","تسمه بکسل خودرو مدل HVG با طول 3 متر و عرض 5 سانتیمتر مناسب برای تمام خودروها","موجود در انبار دیجی کالا","۳.۹","۲۷۸,۰۰۰","","شامپو واکس بدنه خودرو نانو نکسوس مدل N155 حجم 1.5 لیتر براق کننده، تمیز کننده و محافظت کننده با پی اچ خنثی و مقاومت در برابر سرما و گرما برای بدنه، پلاستیک، فلز، چراغ، رینگ، شیشه، گلگیر و لاستیک خودرو","[object Object]","ارسال سریع دیجی‌کالا","۴.۲","[object Object]","۲۶۰,۰۰۰","","واکس داشبورد و محافظ پلاستیک و چرم خودرو رستاک مدل 150 میلی‌لیتر با خاصیت براق‌کنندگی، تمیزکنندگی و محافظت در برابر اشعه UV و جلوگیری از بخار و چرب شدن شیشه","موجود در انبار دیجی کالا","۴.۳","۱۵۸,۰۰۰","","توربو ساند کوچک مدل j.s1047 مناسب تمام خودروها از جمله لیفان، جک، پراید، پژو، تیبا، رنو، برلیانس، ام وی ام و ساینا","[object Object]","ارسال فروشنده","۳.۷","[object Object]","۱۹۵,۰۰۰","","قفل فرمان خودرو مدل F-22 از جنس فولاد با روکش PVC، ابعاد 50x7x10 سانتی‌متر، به همراه دو عدد کلید و قابلیت جدا شدن قسمت ریلی برای نظافت و روغن‌کاری","","۳.۹","[object Object]","۱,۵۲۹,۸۵۰","[object Object]","[object Object]","[object Object]","موجود در انبار دیجی کالا","","[object Object]","۲۸٪","۳۸۵,۰۰۰","۷٪","۱,۶۴۵,۰۰۰"
"","نوار تزئینی دریچه کولر خودرو مدل NTD1000 بسته 10 عددی طول 19.5 سانتی متر، جنس لاستیک و آلومینیوم، انعطاف‌پذیر، قابل برش، نصب آسان بدون نیاز به ابزار و مقاوم در برابر شست‌وشو","موجود در انبار دیجی کالا","۳.۸","۱۶۵,۰۰۰","","واکس لاستیک خودرو تایر لوکس کد TL02 حجم 1 لیتر","[object Object]","موجود در انبار دیجی کالا","۴.۷","[object Object]","۲۸۷,۰۰۰","","کارواش توسن مدل 1114CPWX","تنها ۲ عدد در انبار باقی مانده","۴.۱","۱۵,۶۶۱,۰۶۰","","نگهدارنده موبایل خودرو نادیاهوم مدل H2","[object Object]","موجود در انبار دیجی کالا","۵","[object Object]","۴۸۵,۰۰۰","","شارژر باتری خودرو 12ولت 6 آمپر هیراد مدل CH 1260","ارسال ۳ ساعته فروشنده","۴.۴","[object Object]","۲,۲۳۵,۰۰۰","[object Object]","[object Object]","","","","","۱۸٪","۵۸۹,۰۰۰","۲۰٪","۲,۸۰۰,۰۰۰"
"","کمپرسور هوا شارژی ۵۵وات 150psi ایرویگو مدل V8","موجود در انبار دیجی کالا","۵","۳,۸۰۰,۰۰۰","","زبانه کمربند ایمنی خودرو مدل Q1 سازگار با تمام خودروها، ساخته‌شده از فلز ضخیم با رنگ کوره‌ای مقاوم در برابر خط و خش، نصب آسان بدون نیاز به ابزار و طراحی فری‌سایز اسپرت و شکیل","[object Object]","موجود در انبار دیجی کالا","۴.۵","[object Object]","۱۹۷,۰۰۰","","عایق صوتی و حرارتی خودرو اسپی توره مدل نمدی ET- 109 با ابعاد 95x205 سانتی‌متر مناسب برای صندوق، کاپوت، کف و درب خودرو با قابلیتیت صداگیری و کاهش حرارت","ارسال سریع دیجی‌کالا","۴.۱","۴۴۱,۱۰۰","","آفتابگیر شیشه خودرو مدل SQR ضدآب با ابعاد 70 × 180 سانتی‌متر، نصب آسان در جلو خودرو و محافظت از داشبورد و صندلی در برابر نور و حرارت آفتاب","[object Object]","ارسال سریع دیجی‌کالا","۴.۱","[object Object]","۱۴۵,۰۰۰","","روکش فرمان چرم مدل R05 قطر 50 سانتی‌متر همراه با نخ و سوزن مخصوص دوخت","","۳.۹","[object Object]","۱۲۵,۰۰۰","[object Object]","[object Object]","[object Object]","ارسال فروشنده","","[object Object]","۱۴٪","۴,۴۰۰,۰۰۰","۶۷٪","۱,۳۵۳,۰۰۰"
"https://dkstatics-public.digikala.com/digikala-products/f85a59568bca622e21c2ab084b38d3dec9e5d7b0_1747029883.jpg?x-oss-process=image/resize,m_lfit,h_600,w_600/quality,q_90","سروالف آلومینیومی خودرو مدل TPMS-4 مناسب پژو 206، 207، شاهین، اطلس، سهند، دنا و پارس با طرح لوگو، واشر آب‌بندی و بسته 4 عددی","موجود در انبار دیجی کالا","۴.۴","۲۰۰,۱۲۰","https://dkstatics-public.digikala.com/digikala-products/4506389.jpg?x-oss-process=image/resize,m_lfit,h_600,w_600/quality,q_90","روکش فرمان خودرو مدل 16 با قطر 37 سانتی‌متر ساخته شده از چرم مصنوعی با دوام بالا و وزن 210 گرم برای افزایش راحتی و کنترل بهتر فرمان در رانندگی","[object Object]","موجود در انبار دیجی کالا","۴","[object Object]","۱۵۵,۰۰۰","https://dkstatics-public.digikala.com/digikala-products/5468502.jpg?x-oss-process=image/resize,m_lfit,h_600,w_600/quality,q_90","آفتابگیر رولی شیشه جلو خودرو مدل R45، جنس پلاستیک، طول 130 سانتیمتر، عرض 42 سانتیمتر، قابلیت نصب با کاپ سوکشن، وزن 300 گرم","موجود در انبار دیجی کالا","۳.۷","۳۷۵,۰۰۰","https://dkstatics-public.digikala.com/digikala-products/971a592627eb7fbc1b9bbcd8aed25229cb75f42c_1753088637.jpg?x-oss-process=image/resize,m_lfit,h_600,w_600/quality,q_90","کاور ریموت فلزی سیلیکونی مناسب پژو 206 و 207 مدل MC-PG-A با طراحی دو لایه مقاوم در برابر ضربه، خط و خش و گرد و غبار، ضد آب، نوار شبرنگ و بند کمری برای محافظت و سهولت استفاده","[object Object]","موجود در انبار دیجی کالا","۴.۴","[object Object]","۶۶۵,۰۰۰","https://dkstatics-public.digikala.com/digikala-products/1549900ca3f1fe4bc9d20081eac6df14f2c16670_1734382887.jpg?x-oss-process=image/resize,m_lfit,h_600,w_600/quality,q_90","مجموعه 24 عددی برچسب خودرو ماسا دیزاین با چسبندگی بالا، جنس کاغذ روکش‌دار، مقاوم در برابر آب، نور خورشید و دما، کیفیت چاپ بالا و برش دقیق","","۴.۴","[object Object]","۲۴۱,۸۷۰","[object Object]","[object Object]","[object Object]","ارسال فروشنده","https://www.digikala.com/statics/img/svg/productCard/topBadge/SpecialSell.svg","[object Object]","۵٪","۲۵۴,۶۰۰","",""
"https://dkstatics-public.digikala.com/digikala-products/211ea344f2f40820e6f2bb472aa734d2b7814a2c_1712275900.jpg?x-oss-process=image/resize,m_lfit,h_600,w_600/quality,q_90","شاخ تزئینی پلاستیکی مدل 01 مجموعه 2 عددی با چسب دو طرفه قوی، سبک و مقاوم مناسب نصب روی داشبورد خودرو، کلاه کاسکت موتور و دوچرخه، فرمان و کلاه نقاب دار","موجود در انبار دیجی کالا","۳.۷","۶۹,۰۰۰","https://dkstatics-public.digikala.com/digikala-products/8ed8229e813af9655ed779df349664a6315a54be_1666852482.jpg?x-oss-process=image/resize,m_lfit,h_600,w_600/quality,q_90","کیت نورپردازی تزئینی داخل خودرو مدل Musical مناسب پژو 206، پژو 207، پژو پارس، ام وی ام و سمند با چراغ‌های LED رنگی، حالت‌های نورپردازی متنوع، فلشر و نصب آسان","[object Object]","ارسال سریع دیجی‌کالا","۴.۳","[object Object]","۶۸۰,۰۰۰","https://dkstatics-public.digikala.com/digikala-products/88561bad03e1c09f35d88f96951f6edeb4a8ec0f_1748970151.jpg?x-oss-process=image/resize,m_lfit,h_600,w_600/quality,q_90","کیت مکش موتور تامی تیونینگ مدل TU5_TU3_XU7_EF7_M15 مناسب پژو 206، 207، پارس، رانا، دنا، ساینا، سمند و کوییک با فیلتر اسپرت قابل شستشو، کاهش مصرف سوخت و افزایش قدرت موتور","تنها ۲ عدد در انبار باقی مانده","۴.۱","۲,۳۸۰,۰۰۰","https://dkstatics-public.digikala.com/digikala-products/4025346.jpg?x-oss-process=image/resize,m_lfit,h_600,w_600/quality,q_90","آفتابگیر شیشه جلو خودرو مدل عینکی تا شو با کاور نگهدارنده، جنس پلاستیک، کاهش تابش مستقیم و گرمای داخل خودرو، افزایش ایمنی و راحتی رانندگی","[object Object]","ارسال سریع دیجی‌کالا","۴.۲","[object Object]","۱۴۰,۴۱۰","https://dkstatics-public.digikala.com/digikala-products/3755113.jpg?x-oss-process=image/resize,m_lfit,h_600,w_600/quality,q_90","پولیش بدنه خودرو جلاسنج مدل نرم حجم 170 گرم، پولیش نهایی بدون سیلیکون با چربی کنترل شده، براق کننده و محافظت کننده بدنه از اشعه خورشید، رفع خراش و لکه قیر، مناسب استفاده دستی و ماشینی","","۴.۱","[object Object]","۲۲۴,۰۰۰","[object Object]","[object Object]","[object Object]","ارسال فروشنده","https://www.digikala.com/statics/img/svg/productCard/topBadge/SpecialSell.svg","","۶٪","۷۲۰,۰۰۰","۲۳٪","۳,۱۰۰,۰۰۰"
"https://dkstatics-public.digikala.com/digikala-products/2a44b0e6e87be5292a254baa2f8f630cc5473cf1_1691491532.jpg?x-oss-process=image/resize,m_lfit,h_600,w_600/quality,q_90","چراغ آنتی هدلایت خودرو مزاحم گیر با چیپ COB و پرتاب نور بالا، نصب آسان بدون نیاز به سوراخ کاری، دارای 4 متر سیم، قابل اتصال به فندکی یا برق مستقیم، مناسب برای تمام خودروها","ارسال فروشنده","۴","۴۸۸,۰۰۰","https://dkstatics-public.digikala.com/digikala-products/fd972623ca991fa633d7b19a41bb8fd11a0365ad_1725355924.jpg?x-oss-process=image/resize,m_lfit,h_600,w_600/quality,q_90","برس تمیز کننده داخلی خودرو مدل CBSH با طراحی اریب و قوس‌دار، دسته خوش‌دست، انعطاف‌پذیر و بادوام، مناسب برای سطوح داشبورد، دنده و فرمان تمامی خودروها","[object Object]","موجود در انبار دیجی کالا","۴","[object Object]","۱۳۰,۰۰۰","https://dkstatics-public.digikala.com/digikala-products/9f17ea588c7a24db719aa183cd2d6aac6709697a_1722720153.jpg?x-oss-process=image/resize,m_lfit,h_600,w_600/quality,q_90","براش تمیزکننده کابین خودرو مدل 01 با الیاف مصنوعی نرم و کرکی، خاصیت ارتجاعی و انعطاف‌پذیر، مناسب داشبورد، روکش صندلی و قسمت‌های پلاستیکی و چرمی، حذف سریع گرد و غبار و بقایای مواد غذایی بدون آسیب به سطوح","موجود در انبار دیجی کالا","۴","۱۱۰,۰۰۰","https://dkstatics-public.digikala.com/digikala-products/1a7a9e0c575f8bcaa1d2459394996717a6d667a8_1618315517.jpg?x-oss-process=image/resize,m_lfit,h_600,w_600/quality,q_90","منبع اگزوز اسپرت مدل B520 مناسب تمامی خودروها با قطر ورودی 6cm، مقاومت بالا در برابر حرارت طولانی‌مدت، سری ضد آب و ضد زنگ، صدای بم و ابعاد 130x130x520 میلی‌متر","[object Object]","موجود در انبار دیجی کالا","۴.۴","[object Object]","۱,۵۳۰,۰۰۰","https://dkstatics-public.digikala.com/digikala-products/791b06a55b72f1ebd1a81a3a3732367f0fb7f689_1785330266.jpg?x-oss-process=image/resize,m_lfit,h_600,w_600/quality,q_90","کارواش شارژی ۳۸ بار ۸۸ ولت جاب مدل JB-8880 CAR NEW با حداکثر دبی اب ۶ لیتر بر دقیقه مجموعه ۱۳ عددی","","","","۴,۹۹۰,۰۰۰","[object Object]","","[object Object]","موجود در انبار دیجی کالا","https://www.digikala.com/statics/img/svg/productCard/topBadge/SpecialSell.svg","[object Object]","۶٪","۵۲۰,۰۰۰","۶۰٪","۱۲,۵۰۰,۰۰۰"
"","سردنده فلزی طرح سامورایی با روکش مشکی و دوخت قرمز، مناسب تمام خودروها، ابعاد 26x3x3 سانتی‌متر و همراه با قطعات نصب","ارسال سریع دیجی‌کالا","۳.۷","۵۰۰,۰۰۰","","نظم‌دهنده صندوق عقب خودرو مدل BOX-300 با 5 محفظه، جنس پلاستیک و چرم مصنوعی، تاشو، ضد آب، دارای 2 جیب و دسته حمل سبک 300 گرم","[object Object]","موجود در انبار دیجی کالا","۳.۷","[object Object]","۱۷۷,۱۲۰","","برچسب بدنه خودرو مذهبی حسبی الله مقاوم در برابر آب و شستشو همراه با سلفون نصب آسان سایز 15x6.5 سانتی‌متر مدل MH109m","تنها ۳ عدد در انبار باقی مانده","۴.۳","۸۰,۷۴۰","","سراگزوز خودرو مدل PSY 601713 با ابعاد 140 در 80 میلی‌متر و وزن 346 گرم مناسب نصب روی انواع خودرو","[object Object]","موجود در انبار دیجی کالا","۴","[object Object]","۱۶۵,۰۰۰","","سر والف لاستیک خودرو مدل x100 بسته 8 عددی مناسب تمام خودروهای سواری","","۴.۳","[object Object]","۷۳,۰۰۰","[object Object]","","[object Object]","موجود در انبار دیجی کالا","","","۱۹٪","۱۰۰,۰۰۰","",""
"","ال وایر تزئینی خودرو مدل ew2 طول 2 متر با ترانس 12 ولت، نوردهی 360 درجه، نور ثابت و یکنواخت، انعطاف‌پذیری بالا، قابلیت قیچی کردن و تاشوندگی، مناسب برای انواع خودروهای سبک و سنگین","موجود در انبار دیجی کالا","۳.۹","۲۲۰,۰۰۰","","فیوز خودرو لوکس کدSA12 مناسب برای پراید بسته ١٠ عددی","[object Object]","موجود در انبار دیجی کالا","۴.۴","[object Object]","۱۴۰,۰۰۰","","روکش لاستیکی پدال خودرو مناسب برای پراید، تیبا و سایپا پراید 151 مدل FA5964 با مقاومت و دوام مطلوب و افزایش اصطکاک و ایمنی رانندگی مجموعه 3 عددی","موجود در انبار دیجی کالا","۳.۸","۶۳,۷۱۰","","چسب ترمیم شیشه خودرو کلرشیلد مدل BlackResin حجم 10 میلی لیتر مقاوم در برابر ضربه و آب با شفافیت بالا، دارای استاندارد ایمنی و همراه با شیلد شفاف و تیغ برای ترمیم سریع ترک و شکاف شیشه","[object Object]","موجود در انبار دیجی کالا","۳.۱","[object Object]","۷۰۰,۰۰۰","","ابر اسفنج نظافت خودرو مدل AY-4  مجموعه 2 عددی به همراه پوشش جای لیوان خودرو","","۵","[object Object]","۹۰,۰۰۰","[object Object]","","[object Object]","ارسال فروشنده","","[object Object]","","","",""
"https://dkstatics-public.digikala.com/digikala-products/114593375.jpg?x-oss-process=image/resize,m_lfit,h_600,w_600/quality,q_90","تلفن مخصوص پارک خودرو مدل GPK با استند نصب روی داشبورد و پنجره، شامل 12 عدد برچسب آهنربایی قابل تنظیم برای نمایش شماره تماس و جلوگیری از افتادن محصول","ارسال فروشنده","۳.۷","۱۰۹,۰۰۰","https://dkstatics-public.digikala.com/digikala-products/ee1df7998ba9dd4ee5b603bdd25f3c6a1b26627f_1665492577.jpg?x-oss-process=image/resize,m_lfit,h_600,w_600/quality,q_90","آفتابگیر خودرو مدل چتری با طراحی تلسکوپی و 10 دنده فولادی، ضد اشعه UV، نصب آسان روی شیشه جلو و داشبورد، کاهش دمای داخل خودرو و محافظت موثر در برابر نور خورشید","[object Object]","موجود در انبار دیجی کالا","۳.۸","[object Object]","۵۵۴,۵۳۰","https://dkstatics-public.digikala.com/digikala-products/a462ea8f836ad583c93484f166bb716ceacd8700_1705773245.jpg?x-oss-process=image/resize,m_lfit,h_600,w_600/quality,q_90","بسته 3 عددی برچسب خودرو شامل قوانین خودرو، سیستم صوتی و فابریک با چاپ باکیفیت و چسبندگی عالی برای زیبایی و جلب توجه کابین خودرو","","۳.۹","۶۲,۰۰۰","https://dkstatics-public.digikala.com/digikala-products/a4cdc6a6ce1b19f34cc568cefdfe44a9ff136878_1714998148.jpg?x-oss-process=image/resize,m_lfit,h_600,w_600/quality,q_90","حوله مایکروفایبر نانوتیس مدل Microfiber Cloth ابعاد 40x39 سانتی‌متر با الیاف میکروفایبر، قدرت جذب بالا، عدم ایجاد خط و خش و پرز، مناسب پاک کردن بدنه، شیشه، داخل کابین و قسمت‌های پلاستیکی و فلزی خودرو","[object Object]","موجود در انبار دیجی کالا","۴.۲","[object Object]","۲۵۸,۰۰۰","https://dkstatics-public.digikala.com/digikala-products/2073ca7c8f35a390eae483fdb7b142e84bae146b_1712660784.jpg?x-oss-process=image/resize,m_lfit,h_600,w_600/quality,q_90","کنسول متحرک داخل خودرو مدل آیلین از جنس پلاستیک فشرده با طراحی شبکه‌ای، دارای 2 محفظه شامل جای لیوان و فضای مستطیل برای لوازم شخصی، پد ضربه‌گیر محافظ روکش صندلی، روزنه عبور کابل شارژ و نصب آسان برای خودروهای مختلف، کد KE13","ارسال ۳ ساعته فروشنده","۳.۹","[object Object]","۱۶۰,۰۰۰","[object Object]","[object Object]","[object Object]","موجود در انبار دیجی کالا","https://www.digikala.com/statics/img/svg/productCard/topBadge/SpecialSell.svg","","۳۶٪","۱۶۹,۰۰۰","",""
"https://dkstatics-public.digikala.com/digikala-products/08ccff69753d59beac0ba247e04777b85e7b7871_1594706231.jpg?x-oss-process=image/resize,m_lfit,h_600,w_600/quality,q_90","تسمه بکسل خودرو مدل HVG با طول 3 متر و عرض 5 سانتیمتر مناسب برای تمام خودروها","موجود در انبار دیجی کالا","۳.۹","۲۷۸,۰۰۰","https://dkstatics-public.digikala.com/digikala-products/e088843b7e823519ae06f743b36697d8b8d41efe_1726080777.jpg?x-oss-process=image/resize,m_lfit,h_600,w_600/quality,q_90","شامپو واکس بدنه خودرو نانو نکسوس مدل N155 حجم 1.5 لیتر براق کننده، تمیز کننده و محافظت کننده با پی اچ خنثی و مقاومت در برابر سرما و گرما برای بدنه، پلاستیک، فلز، چراغ، رینگ، شیشه، گلگیر و لاستیک خودرو","[object Object]","ارسال سریع دیجی‌کالا","۴.۲","[object Object]","۲۶۰,۰۰۰","https://dkstatics-public.digikala.com/digikala-products/1634510.jpg?x-oss-process=image/resize,m_lfit,h_600,w_600/quality,q_90","واکس داشبورد و محافظ پلاستیک و چرم خودرو رستاک مدل 150 میلی‌لیتر با خاصیت براق‌کنندگی، تمیزکنندگی و محافظت در برابر اشعه UV و جلوگیری از بخار و چرب شدن شیشه","موجود در انبار دیجی کالا","۴.۳","۱۵۸,۰۰۰","https://dkstatics-public.digikala.com/digikala-products/15abf2c8afe1b4f4b13aad743b2767c265d1e1d9_1597524562.jpg?x-oss-process=image/resize,m_lfit,h_600,w_600/quality,q_90","توربو ساند کوچک مدل j.s1047 مناسب تمام خودروها از جمله لیفان، جک، پراید، پژو، تیبا، رنو، برلیانس، ام وی ام و ساینا","[object Object]","ارسال فروشنده","۳.۷","[object Object]","۱۹۵,۰۰۰","https://dkstatics-public.digikala.com/digikala-products/369f623665327bcb2ebed7a87d6d154dbdcae5e2_1602352196.jpg?x-oss-process=image/resize,m_lfit,h_600,w_600/quality,q_90","قفل فرمان خودرو مدل F-22 از جنس فولاد با روکش PVC، ابعاد 50x7x10 سانتی‌متر، به همراه دو عدد کلید و قابلیت جدا شدن قسمت ریلی برای نظافت و روغن‌کاری","","۳.۹","[object Object]","۱,۵۲۹,۸۵۰","[object Object]","[object Object]","[object Object]","موجود در انبار دیجی کالا","https://www.digikala.com/statics/img/svg/productCard/topBadge/SpecialSell.svg","[object Object]","۲۸٪","۳۸۵,۰۰۰","۷٪","۱,۶۴۵,۰۰۰"
"","نوار تزئینی دریچه کولر خودرو مدل NTD1000 بسته 10 عددی طول 19.5 سانتی متر، جنس لاستیک و آلومینیوم، انعطاف‌پذیر، قابل برش، نصب آسان بدون نیاز به ابزار و مقاوم در برابر شست‌وشو","موجود در انبار دیجی کالا","۳.۸","۱۶۵,۰۰۰","","واکس لاستیک خودرو تایر لوکس کد TL02 حجم 1 لیتر","[object Object]","موجود در انبار دیجی کالا","۴.۷","[object Object]","۲۸۷,۰۰۰","","کارواش توسن مدل 1114CPWX","تنها ۲ عدد در انبار باقی مانده","۴.۱","۱۵,۶۶۱,۰۶۰","","نگهدارنده موبایل خودرو نادیاهوم مدل H2","[object Object]","موجود در انبار دیجی کالا","۵","[object Object]","۴۸۵,۰۰۰","","شارژر باتری خودرو 12ولت 6 آمپر هیراد مدل CH 1260","ارسال ۳ ساعته فروشنده","۴.۴","[object Object]","۲,۲۳۵,۰۰۰","[object Object]","[object Object]","","","https://www.digikala.com/statics/img/svg/productCard/topBadge/SpecialSell.svg","","۱۸٪","۵۸۹,۰۰۰","۲۰٪","۲,۸۰۰,۰۰۰"
"","قاب ستون وسط پایین کد 1375 مناسب برای پراید صبا بسته 2 عددی","موجود در انبار دیجی کالا","۴","۳۰۶,۹۰۰","","کفپوش سه بعدی خودرو پلی‌اتیلن مدل بابل پوشش کد 03 مناسب تیبا، تیبا 2، ساینا و کوییک با انعطاف‌پذیری بالا، پوشش‌دهی کامل کف، مقاوم در برابر گرما و سرما و قابلیت شستشوی آسان","[object Object]","موجود در انبار دیجی کالا","۳.۶","[object Object]","۸۷۵,۴۴۰","","پولیش واکس خودرو جلاسنج مدل NEW با خاصیت براق کنندگی سیلیکونی، ایجاد فیلم محافظ در برابر اشعه خورشید، رفع ماتی و خراش‌های سطحی، درخشندگی بالا و دوام پس از شستشو، مناسب برای بدنه، رینگ، لاستیک و قطعات پلاستیکی و فلزی خودرو","تنها ۲ عدد در انبار باقی مانده","۴.۱","۲۸۰,۰۰۰","","واکس داشبورد رستاک مدل R102 بسته 2 عددی با حجم 150 میلی‌لیتر، براق‌کننده و تمیزکننده داشبورد و سطوح پلاستیکی و چرمی، جلوگیری از جذب گرد و غبار و محافظت مداوم","[object Object]","ارسال فروشنده","۴.۴","[object Object]","۳۲۵,۰۰۰","","برچسب خودرو طرح no airbag کد 263 با طرح فانتزی و قابل چسباندن روی بدنه خودرو و مقاوم در برابر شرایط جوی","","۴","[object Object]","۶۰,۰۰۰","[object Object]","","[object Object]","ارسال سریع دیجی‌کالا","","","","","",""
"","زبانه کمربند ایمنی خودرو مدل Q2 بسته 2 عددی فلزی فری‌سایز با رنگ کوره‌ای مقاوم در برابر خط و خش، سازگار با تمام خودروها و خودروهای بنزینی، دیزلی، دوگانه‌سوز و برقی، طراحی اسپرت و شکیل","موجود در انبار دیجی کالا","۴.۵","۲۹۵,۰۰۰","","جعبه نظم دهنده صندوق عقب خودرو مدل T1 با رویه چرم مصنوعی، بدنه اسکلت‌دار و ایستادار، دستگیره مقاوم، طراحی مینیمال و ابعاد 40x25x25 سانتی‌متر مناسب خودروهای سواری","[object Object]","موجود در انبار دیجی کالا","۴.۴","[object Object]","۴۰۴,۱۰۰","","لیپ زیر سپر تزئینی خودرو مدل carestayle ساخته شده از فایبرگلاس رنگ مشکی مات، قابل نصب با پیچ خودکاری و مناسب برای انواع خودروهای داخلی و خارجی","","۴.۳","۵۹۸,۰۰۰","","آویز تزئینی خودرو مدل بچه روح شبتاب 2 از جنس شیشه با طول زنجیر 45 سانتی‌متر و ابعاد 4×2×2 سانتی‌متر مناسب آویز آینه خودرو","[object Object]","موجود در انبار دیجی کالا","۴.۳","[object Object]","۱۴۶,۰۰۰","","کمپرسور هوا دلیکس مدل BS1800W، توان 1800 وات، فشار 150-250 PSI، دبی 5.1 مترمکعب بر ساعت، موتور یونیورسال، دو سیلندر بدون روغن، کارکرد پیوسته 1 ساعت","ارسال ۳ ساعته فروشنده","۴.۱","[object Object]","۱۲,۰۰۰,۰۰۰","[object Object]","","[object Object]","موجود در انبار دیجی کالا","","","۱۰٪","۴۴۹,۰۰۰","",""
"https://dkstatics-public.digikala.com/digikala-products/a3292d72bb5c855afa944df68d0cbf97b9120688_1745076391.jpg?x-oss-process=image/resize,m_lfit,h_600,w_600/quality,q_90","نوار تزئینی دریچه کولر خودرو مدل NTD1000 بسته 10 عددی طول 19.5 سانتی متر، جنس لاستیک و آلومینیوم، انعطاف‌پذیر، قابل برش، نصب آسان بدون نیاز به ابزار و مقاوم در برابر شست‌وشو","موجود در انبار دیجی کالا","۳.۸","۱۶۵,۰۰۰","https://dkstatics-public.digikala.com/digikala-products/ced55bfd09919907759c492509d7239081e7ae2b_1785501977.jpg?x-oss-process=image/resize,m_lfit,h_600,w_600/quality,q_90","واکس لاستیک خودرو تایر لوکس کد TL02 حجم 1 لیتر","[object Object]","موجود در انبار دیجی کالا","۴.۷","[object Object]","۲۸۷,۰۰۰","https://dkstatics-public.digikala.com/digikala-products/10a46dc4e4b33d87a32dff760e9693352c673448_1593866755.jpg?x-oss-process=image/resize,m_lfit,h_600,w_600/quality,q_90","کارواش توسن مدل 1114CPWX","تنها ۲ عدد در انبار باقی مانده","۴.۱","۱۵,۶۶۱,۰۶۰","https://dkstatics-public.digikala.com/digikala-products/b914a993976cb632bbc0ab3c3f013a568a357ab1_1783928822.jpg?x-oss-process=image/resize,m_lfit,h_600,w_600/quality,q_90","نگهدارنده موبایل خودرو نادیاهوم مدل H2","[object Object]","موجود در انبار دیجی کالا","۵","[object Object]","۴۸۵,۰۰۰","https://dkstatics-public.digikala.com/digikala-products/89cc5064c1a51c3fd3bb4baa63101d1ba52a94e8_1775509264.jpg?x-oss-process=image/resize,m_lfit,h_600,w_600/quality,q_90","شارژر باتری خودرو 12ولت 6 آمپر هیراد مدل CH 1260","ارسال ۳ ساعته فروشنده","۴.۴","[object Object]","۲,۲۳۵,۰۰۰","[object Object]","[object Object]","","","https://www.digikala.com/statics/img/svg/productCard/topBadge/SpecialSell.svg","","۱۸٪","۵۸۹,۰۰۰","۲۰٪","۲,۸۰۰,۰۰۰"
"https://dkstatics-public.digikala.com/digikala-products/33817914f314b9045739a55886fd62306ce4a305_1783679369.jpg?x-oss-process=image/resize,m_lfit,h_600,w_600/quality,q_90","کمپرسور هوا شارژی ۵۵وات 150psi ایرویگو مدل V8","موجود در انبار دیجی کالا","۵","۳,۸۰۰,۰۰۰","https://dkstatics-public.digikala.com/digikala-products/c5ad9d1a45f47f579d972131c9459b3e3dee1b45_1767965367.jpg?x-oss-process=image/resize,m_lfit,h_600,w_600/quality,q_90","زبانه کمربند ایمنی خودرو مدل Q1 سازگار با تمام خودروها، ساخته‌شده از فلز ضخیم با رنگ کوره‌ای مقاوم در برابر خط و خش، نصب آسان بدون نیاز به ابزار و طراحی فری‌سایز اسپرت و شکیل","[object Object]","موجود در انبار دیجی کالا","۴.۵","[object Object]","۱۹۷,۰۰۰","https://dkstatics-public.digikala.com/digikala-products/1328d63fb79a8c82e381699d9954d228bdc1b9ef_1738829734.jpg?x-oss-process=image/resize,m_lfit,h_600,w_600/quality,q_90","عایق صوتی و حرارتی خودرو اسپی توره مدل نمدی ET- 109 با ابعاد 95x205 سانتی‌متر مناسب برای صندوق، کاپوت، کف و درب خودرو با قابلیتیت صداگیری و کاهش حرارت","ارسال سریع دیجی‌کالا","۴.۱","۴۴۱,۱۰۰","https://dkstatics-public.digikala.com/digikala-products/113476212.jpg?x-oss-process=image/resize,m_lfit,h_600,w_600/quality,q_90","آفتابگیر شیشه خودرو مدل SQR ضدآب با ابعاد 70 × 180 سانتی‌متر، نصب آسان در جلو خودرو و محافظت از داشبورد و صندلی در برابر نور و حرارت آفتاب","[object Object]","ارسال سریع دیجی‌کالا","۴.۱","[object Object]","۱۴۵,۰۰۰","https://dkstatics-public.digikala.com/digikala-products/5446565.jpg?x-oss-process=image/resize,m_lfit,h_600,w_600/quality,q_90","روکش فرمان چرم مدل R05 قطر 50 سانتی‌متر همراه با نخ و سوزن مخصوص دوخت","","۳.۹","[object Object]","۱۲۵,۰۰۰","[object Object]","[object Object]","[object Object]","ارسال فروشنده","https://www.digikala.com/statics/img/svg/productCard/topBadge/SpecialSell.svg","[object Object]","۱۴٪","۴,۴۰۰,۰۰۰","۶۷٪","۱,۳۵۳,۰۰۰"
"https://dkstatics-public.digikala.com/digikala-products/e7f5601d25f40a8f9c2dd23aafbca4c6fbb7a1c5_1662899999.jpg?x-oss-process=image/resize,m_lfit,h_600,w_600/quality,q_90","سردنده فلزی طرح سامورایی با روکش مشکی و دوخت قرمز، مناسب تمام خودروها، ابعاد 26x3x3 سانتی‌متر و همراه با قطعات نصب","ارسال سریع دیجی‌کالا","۳.۷","۵۰۰,۰۰۰","https://dkstatics-public.digikala.com/digikala-products/112700922.jpg?x-oss-process=image/resize,m_lfit,h_600,w_600/quality,q_90","نظم‌دهنده صندوق عقب خودرو مدل BOX-300 با 5 محفظه، جنس پلاستیک و چرم مصنوعی، تاشو، ضد آب، دارای 2 جیب و دسته حمل سبک 300 گرم","[object Object]","موجود در انبار دیجی کالا","۳.۷","[object Object]","۱۷۷,۱۲۰","https://dkstatics-public.digikala.com/digikala-products/baca0adda6feaec7f6a5b1f68d179cab193121b7_1637613081.jpg?x-oss-process=image/resize,m_lfit,h_600,w_600/quality,q_90","برچسب بدنه خودرو مذهبی حسبی الله مقاوم در برابر آب و شستشو همراه با سلفون نصب آسان سایز 15x6.5 سانتی‌متر مدل MH109m","تنها ۳ عدد در انبار باقی مانده","۴.۳","۸۰,۷۴۰","https://dkstatics-public.digikala.com/digikala-products/4200708.jpg?x-oss-process=image/resize,m_lfit,h_600,w_600/quality,q_90","سراگزوز خودرو مدل PSY 601713 با ابعاد 140 در 80 میلی‌متر و وزن 346 گرم مناسب نصب روی انواع خودرو","[object Object]","موجود در انبار دیجی کالا","۴","[object Object]","۱۶۵,۰۰۰","https://dkstatics-public.digikala.com/digikala-products/5cf759d2e9a7a46b6335c771109ed562d1e953fa_1685725027.jpg?x-oss-process=image/resize,m_lfit,h_600,w_600/quality,q_90","سر والف لاستیک خودرو مدل x100 بسته 8 عددی مناسب تمام خودروهای سواری","","۴.۳","[object Object]","۷۳,۰۰۰","[object Object]","","[object Object]","موجود در انبار دیجی کالا","https://www.digikala.com/statics/img/svg/productCard/topBadge/SpecialSell.svg","","۱۹٪","۱۰۰,۰۰۰","",""
"","قاب پایه برف پاک کن خودرو کالانیکس مدل GHB-PRIDEEST-100206 طرح استیل مناسب پراید مجموعه 4 عددی از جنس پلاستیک با نصب آسان در ستون جلو سمت راست و چپ","موجود در انبار دیجی کالا","۳.۸","۱۸۵,۰۰۰","","برچسب صداگیری خودرو نمدی رول 1.45 متری عرض 5 سانتی‌متر ضخامت 2 میلی‌متر مناسب عایق کاری و صداگیری قطعات خودرو مقاوم در برابر دما، نور خورشید و آب","[object Object]","موجود در انبار دیجی کالا","۴","[object Object]","۱۶۵,۰۰۰","","سر اگزوز توربو ساند مدل 01 قابل نصب بر تمامی خودروها، ساخت ایران، نصب آسان بدون نیاز به دستکاری، افزایش صدای توربو و رنگ فلز مقاوم","تنها ۲ عدد در انبار باقی مانده","۳.۶","۱۸۵,۷۱۰","","آرم خودرو طرح فلش و دمپایی مدل naec مجموعه 4 عددی","","تنها ۳ عدد در انبار باقی مانده","۳.۳","[object Object]","۱۵۵,۰۰۰","","کفپوش سه بعدی صندوق عقب خودرو پلی‌اورتان و نمدی مناسب پژو 405 مدل M-Tr کد B با قابلیت شست‌وشو، ضد لغزش و نصب کاملاً فیت صندوق عقب","","۴.۳","[object Object]","۷۱۰,۰۰۰","[object Object]","","","تنها ۲ عدد در انبار باقی مانده","","","۳٪","۱۷۰,۰۰۰","",""
"","عروسک روداشبوردی پلاستیکی مدل بیمکس تزئینی خودرو مناسب برای تمام خودروها با طراحی فانتزی و قابلیت حرکت و ایجاد جلوه شاد داخل کابین","ارسال سریع دیجی‌کالا","۴.۲","۹۳,۰۰۰","","کمپرسور هوا ویوارکس مدل VR1206-ACT کد1 new","[object Object]","موجود در انبار دیجی کالا","۳.۷","[object Object]","۳,۸۵۰,۰۰۰","","سطل زباله خودرو مدل SPORT، جنس برزنت، ابعاد 28x14x14 سانتی‌متر، وزن 100 گرم، قابلیت نصب داخل اتاق خودرو برای نگهداری آسان زباله در سفر","تنها ۲ عدد در انبار باقی مانده","۴.۴","۱۵۷,۷۴۰","","قرص شیشه شوی خودرو اتو لایف مدل Ultra بسته 30 عددی، محلول ساز با قابلیت تمیزکنندگی قوی، ضد بخار و ضد رسوب، مقاوم در برابر یخ زدگی تا منهای 5 درجه، محافظ حرکت نرم تیغه برف پاک کن","","","۴","[object Object]","۲۹۰,۰۰۰","","برچسب بدنه خودرو طرح کربن رول 20 سانتی متر در 100 سانتی متر مقاوم در برابر آب، شستشو، حرارت و آفتاب لندمون مدل SC003 M","ارسال ۳ ساعته فروشنده","۴.۱","[object Object]","۹۸۶,۰۴۰","[object Object]","[object Object]","","تنها ۱ عدد در انبار باقی مانده","","","۹٪","۱,۰۸۴,۶۴۰","",""
"https://dkstatics-public.digikala.com/digikala-products/6cc80cc38ca3513c28e8911c42124911fd116930_1702730741.jpg?x-oss-process=image/resize,m_lfit,h_600,w_600/quality,q_90","برچسب بدنه خودرو طرح اخطار مدل Wa004rf از جنس PVC با ابعاد 6×12 سانتیمتر، ضد آب، مقاوم در برابر گرما، سرما و کارواش، رنگ ثابت و ماندگاری طولانی، مناسب نصب روی بدنه و شیشه خودرو","موجود در انبار دیجی کالا","۴.۱","۶۷,۹۹۰","https://dkstatics-public.digikala.com/digikala-products/5ee61c754c3d0264984a48072aeeaad534cbe380_1664311579.jpg?x-oss-process=image/resize,m_lfit,h_600,w_600/quality,q_90","چسب پارچه ای نمدی سیم کشی خودرو کروپلاست مدل CR2 با مقاومت گرمایی بالا و خاصیت کاهش نویز مناسب برای انواع خودروها","[object Object]","ارسال فروشنده","۴.۱","[object Object]","۱۶۸,۲۲۰","https://dkstatics-public.digikala.com/digikala-products/87d8f1ab903382dda884b4b0ed57910cdd064010_1694385512.jpg?x-oss-process=image/resize,m_lfit,h_600,w_600/quality,q_90","برچسب سپر و زه بغل درب خودرو مناسب پژو پارس مدل CHS-PARS20M-30658 قطعه سازان کبیر طول 20 متر","","۳.۹","۲۷۵,۰۰۰","https://dkstatics-public.digikala.com/digikala-products/61fa717b35c856061a24409b10bb5fb388ef3812_1688659177.jpg?x-oss-process=image/resize,m_lfit,h_600,w_600/quality,q_90","کفپوش سه بعدی خودرو مخصوص سمند سورن پلاس مدل A-h با جنس چرم و نمد، ضد لغزش، دور دوزی شده و قابل جداسازی برای نظافت آسان","[object Object]","موجود در انبار دیجی کالا","۳.۶","[object Object]","۱,۲۲۱,۴۹۰","https://dkstatics-public.digikala.com/digikala-products/6631183ba1aa278170cb38394fa39b542958da8d_1753694542.jpg?x-oss-process=image/resize,m_lfit,h_600,w_600/quality,q_90","شارژر و تستر باتری 12 ولت فاکسسور مدل FTC-1206 با خروجی 6 آمپر، شارژ 7 مرحله‌ای، تست سه گانه سلامت باتری، قابلیت احیا با تزریق پالسی، پشتیبانی از انواع باتری اسیدی، خشک، ژل، AGM، EFB و لیتیوم فسفات، نمایشگر دیجیتال و محافظت کامل","ارسال ۳ ساعته فروشنده","۴.۴","[object Object]","۶,۲۵۰,۰۰۰","[object Object]","[object Object]","[object Object]","ارسال سریع دیجی‌کالا","https://www.digikala.com/statics/img/svg/productCard/topBadge/SpecialSell.svg","","۳۱٪","۲۴۲,۵۸۰","",""
"https://dkstatics-public.digikala.com/digikala-products/5a7d1926f552f9d3808984824cfbbeabe3afb22c_1785339838.jpg?x-oss-process=image/resize,m_lfit,h_600,w_600/quality,q_90","ابر جادویی خودرو مجیک مدل پولیشی","موجود در انبار دیجی کالا","۴.۶","۷۹,۵۰۰","https://dkstatics-public.digikala.com/digikala-products/84176ad417dd51d396694f2af17946a593660a0c_1760523230.jpg?x-oss-process=image/resize,m_lfit,h_600,w_600/quality,q_90","آفتابگیر چتری خودرو هایکواستار مدل U550 با ابعاد 132×70×57 سانتی‌متر، وزن سبک 335 گرم، جنس پلاستیک مقاوم، مناسب برای نصب جلو و عقب خودرو با قابلیت محافظت در برابر گرما و اشعه UV و طراحی جمع‌شونده سریع","[object Object]","ارسال سریع دیجی‌کالا","۴.۵","[object Object]","۹۹۷,۰۰۰","https://dkstatics-public.digikala.com/digikala-products/64fde4e10d9149f59c6578f4633a5ea31beadc4b_1781673626.jpg?x-oss-process=image/resize,m_lfit,h_600,w_600/quality,q_90","پشتی صندلی خودرو مدل عرق گیر مجموعه دو عددی","تنها ۲ عدد در انبار باقی مانده","۴","۹۸۰,۰۰۰","https://dkstatics-public.digikala.com/digikala-products/c6be30b6d8f91bd9e8e4b4fb1e263c6f3c2a026c_1704996334.jpg?x-oss-process=image/resize,m_lfit,h_600,w_600/quality,q_90","ضربه گیر لبه درب خودرو آرسی زد اسپرت مدل Liner402 مجموعه 4 عددی، شفاف، نصب آسان با چسب، ضد خط و خش و خودترمیم، مناسب تمام خودروها و رنگ‌ها، قابلیت استفاده روی چراغ، آینه و قطعات صاف خودرو","[object Object]","موجود در انبار دیجی کالا","۲.۷","[object Object]","۲۵۵,۰۰۰","https://dkstatics-public.digikala.com/digikala-products/db7a4dc6235969e0da0414202191f678198dff59_1747498668.jpg?x-oss-process=image/resize,m_lfit,h_600,w_600/quality,q_90","پنکه خودرو سه قلو مدل CIC926 با اتصال فندکی، قابلیت چرخش 360 درجه، 2 سرعت فن، قدرت 18 وات، نصب روی داشبورد و همراه با قرص خوشبو کننده و چسب 2 طرفه","ارسال ۳ ساعته فروشنده","","","۲,۱۶۰,۴۷۰","[object Object]","[object Object]","","","https://www.digikala.com/statics/img/svg/productCard/topBadge/SpecialSell.svg","","۲۳٪","۱,۲۹۹,۰۰۰","",""
"https://dkstatics-public.digikala.com/digikala-products/d73d584abb575afbd3636677d2619906cf211c11_1783693748.jpg?x-oss-process=image/resize,m_lfit,h_600,w_600/quality,q_90","چادر خودرو ام جی مکث مدل پنبه ای سایز بزرگ مناسب برای پژو 207","موجود در انبار دیجی کالا","۵","۳,۰۰۰,۰۰۰","https://dkstatics-public.digikala.com/digikala-products/94e6382b82d3513653af9fab3df03b9ab29b88a4_1674327440.jpg?x-oss-process=image/resize,m_lfit,h_600,w_600/quality,q_90","ابر نظافت خودرو مدل 03 از جنس اسفنج با ابعاد 5x10x15 سانتی‌متر مناسب برای تمیزکردن بدنه، پولیش کاری، چراغ، داخل کابین، داشبورد، روکش صندلی، رینگ، شیشه، قسمت‌های پلاستیکی، چرمی و لاستیک خودرو","[object Object]","ارسال سریع دیجی‌کالا","۳.۹","[object Object]","۷۱,۱۷۰","https://dkstatics-public.digikala.com/digikala-products/4fd42fef2ef7b99518db288b2b0536bdd89b8b73_1673148986.jpg?x-oss-process=image/resize,m_lfit,h_600,w_600/quality,q_90","روکش سر دنده مدل هودی پارچه‌ای مناسب تمام خودروها با ابعاد 10 در 10 در 20 سانتی‌متر و طراحی نوآورانه","","۴.۴","۱۰۵,۰۰۰","https://dkstatics-public.digikala.com/digikala-products/6fd8d8f4ce8b3f52d7992a7546086ef2fa41c0ac_1643753803.jpg?x-oss-process=image/resize,m_lfit,h_600,w_600/quality,q_90","جک خودرو مدل m4 مناسب برای پراید با ظرفیت 1.5 تن و وزن 2 کیلوگرم","[object Object]","موجود در انبار دیجی کالا","۴.۳","[object Object]","۶۸۶,۰۲۰","https://dkstatics-public.digikala.com/digikala-products/6712440e5837c946027aa9c6e168fc8085cc0698_1764510521.jpg?x-oss-process=image/resize,m_lfit,h_600,w_600/quality,q_90","مجموعه 4 عددی برچسب بدنه خودرو مدل Naek از جنس پلاستیک مقاوم در برابر آب و نور خورشید و ضدخش","ارسال ۳ ساعته فروشنده","۳.۷","[object Object]","۱۵۵,۰۰۰","[object Object]","","","","https://www.digikala.com/statics/img/svg/productCard/topBadge/SpecialSell.svg","","۴۳٪","۱۲۴,۹۸۰","۱۹٪","۱۳۰,۰۰۰"
"https://dkstatics-public.digikala.com/digikala-products/422e03a874ce32a83bc90e2cf511c85d7792002d_1744130190.jpg?x-oss-process=image/resize,m_lfit,h_600,w_600/quality,q_90","الوایر زیمر مدل ZN طول 2 متر","موجود در انبار دیجی کالا","۴.۷","۲۹۱,۰۰۰","https://dkstatics-public.digikala.com/digikala-products/6dbebbb52dc4e643ea7cffbb9caaeabc75ad483b_1734533548.jpg?x-oss-process=image/resize,m_lfit,h_600,w_600/quality,q_90","مایع براق‌کننده و تمیزکننده فوری چراغ خودرو حجم 125ml، رفع ماتی و زردی تا 70٪، مقاوم در برابر گرما و سرما، محافظت‌کننده و پولیش کاری، کیفیت بالا و ماندگاری 2 سال","[object Object]","موجود در انبار دیجی کالا","۳.۶","[object Object]","۲۶۵,۰۰۰","https://dkstatics-public.digikala.com/digikala-products/a2b0deb85ca8e87dbd71639ed13ef6a7e608228c_1716388379.jpg?x-oss-process=image/resize,m_lfit,h_600,w_600/quality,q_90","محلول براق کننده شیشه پولاکس مدل SILVER حجم 200 میلی‌لیتر مناسب تمیز کردن و افزایش درخشندگی سطوح شیشه‌ای","تنها ۳ عدد در انبار باقی مانده","۴.۲","۲۳۰,۰۰۰","https://dkstatics-public.digikala.com/digikala-products/7c5245c560e38f89cf7ff386db5b61fc9e6214e9_1674039279.jpg?x-oss-process=image/resize,m_lfit,h_600,w_600/quality,q_90","شامپو سرامیک بدنه خودرو کارماکر مدل CERAMIC حجم 500 میلی‌لیتر با pH خنثی، تمیزکننده و محافظ پوشش سرامیکی، مناسب حذف گرد و غبار و آلودگی‌های جاده‌ای","[object Object]","ارسال سریع دیجی‌کالا","۴.۳","[object Object]","۲۷۶,۳۸۰","https://dkstatics-public.digikala.com/digikala-products/0219c587cb5d96ede2545dd0de579aa6153f98bd_1637761814.jpg?x-oss-process=image/resize,m_lfit,h_600,w_600/quality,q_90","موتورشوی نانو خودرو یاتاش مدل 46 حجم 500 میلی‌لیتر با قدرت پاک‌کنندگی بالا برای حذف چربی و دوده‌های سر سخت، محافظت‌کننده و براق‌کننده موتور خودرو بدون نیاز به دخالت دست","ارسال ۳ ساعته فروشنده","۴.۲","[object Object]","۱۶۸,۱۳۰","[object Object]","","","","https://www.digikala.com/statics/img/svg/productCard/topBadge/SpecialSell.svg","","۱۷٪","۳۵۰,۰۰۰","۲۳٪","۲۲۰,۰۰۰"
"https://dkstatics-public.digikala.com/digikala-products/58e5f049efe6a7a6ddc4d7af49bd57579d4f24d9_1704544377.jpg?x-oss-process=image/resize,m_lfit,h_600,w_600/quality,q_90","پولیش بدنه خودرو نرم جلاسنج مدل نرم حجم 170 گرم، براق‌کننده، پولیش‌کاری و تمیزکننده با قابلیت محافظت از رنگ و رفع خراش‌های سطحی همراه پد پولیش","موجود در انبار دیجی کالا","۴.۱","۲۹۴,۹۲۰","https://dkstatics-public.digikala.com/digikala-products/36a5e33facd8ec234ec7e12de37275fd2083c628_1678971733.jpg?x-oss-process=image/resize,m_lfit,h_600,w_600/quality,q_90","قاب آینه جانبی خودرو مدل استیل صفا بسته 2 عددی مناسب پراید و پیکان با آبکاری شیمیایی، جنس ABS نشکن، مقاوم در برابر ضربه، خط و خش و نور خورشید، پوشش کامل آینه بغل","[object Object]","موجود در انبار دیجی کالا","۳.۹","[object Object]","۱۵۰,۰۰۰","https://dkstatics-public.digikala.com/digikala-products/3d0aa041a3129c6723622fbf07b414ba1edef9d3_1660579113.jpg?x-oss-process=image/resize,m_lfit,h_600,w_600/quality,q_90","قفل فرمان عصایی فولادی کلاغی سوپر کلاویس با روکش PVC، دو کلید کامپیوتری برنجی، مغزی دوپوسته برنجی، کارکرد آسان و مناسب برای کلیه خودروها و خودروهای دارای کیسه هوا","تنها ۱ عدد در انبار باقی مانده","۴.۲","۲,۳۳۸,۵۱۰","https://dkstatics-public.digikala.com/digikala-products/0dc27d7a4040636362216a2e9878ea3976a114e1_1706972882.jpg?x-oss-process=image/resize,m_lfit,h_600,w_600/quality,q_90","آژیر پلیسی خودرو توان 100 وات مدل 100 با دهنی سخنگو، صدای 115 دسی بل قوی، ضدآب، پایه نصب آسان و 7 مدل صدا، مناسب برای تمامی خودروها با تغذیه 12 ولت","[object Object]","موجود در انبار دیجی کالا","۴.۱","[object Object]","۱,۹۴۷,۵۰۰","https://dkstatics-public.digikala.com/digikala-products/5d88c163cefd978c36cdc3f273117660d743a9ee_1754222480.jpg?x-oss-process=image/resize,m_lfit,h_600,w_600/quality,q_90","دوربین دنده عقب خودرو کلارو مدل CL-588AHD با وضوح 720P، زاویه دید 120 درجه، دید در شب و قاب نصب دو حالته با سیم کنترل تبدیل تصویر به CVBS","","۴","[object Object]","۸۴۵,۰۰۰","[object Object]","","[object Object]","ارسال سریع دیجی‌کالا","https://www.digikala.com/statics/img/svg/productCard/topBadge/SpecialSell.svg","","۵٪","۲,۰۵۰,۰۰۰","۴۰٪","۱,۳۹۸,۰۰۰"
"https://dkstatics-public.digikala.com/digikala-products/57390cc9941c5d90702ba5780927c1cb916c93b5_1645716996.jpg?x-oss-process=image/resize,m_lfit,h_600,w_600/quality,q_90","کفپوش سه‌بعدی خودرو بابل پوشش مدل BT-BP103 مناسب سمند با جنس پلی‌اتیلن، مقاوم در برابر گرما و سرما، قابلیت شستشو، پوشش کامل کف خودرو","موجود در انبار دیجی کالا","۳.۶","۸۴۰,۸۰۰","https://dkstatics-public.digikala.com/digikala-products/4673e7feb3cc4e897ffbd62d07ca751e5b3f87e7_1768375653.jpg?x-oss-process=image/resize,m_lfit,h_600,w_600/quality,q_90","ست کامل روکش صندلی خودرو چرم مدل vip مناسب برای سایپا پراید 131 و 132 با ابر 6 میل، ضد خش، ضد آب، مقاوم در برابر دما، قابل شست‌وشو و دارای پشت گردنی و جا موبایلی راننده","[object Object]","ارسال سریع دیجی‌کالا","۴.۵","[object Object]","۵,۷۵۵,۸۰۰","https://dkstatics-public.digikala.com/digikala-products/c5fc22e62946d7b3ac3820bfac659ac2cbecec53_1671117786.jpg?x-oss-process=image/resize,m_lfit,h_600,w_600/quality,q_90","روکش سر دنده پارچه‌ای مدل هودی مناسب تمام خودروها با ابعاد 10x10x20 سانتی‌متر","تنها ۲ عدد در انبار باقی مانده","۴.۴","۱۱۹,۰۰۰","https://dkstatics-public.digikala.com/digikala-products/c90661e2c72c50cd269cd7bce07c79e693d88cb8_1779643052.jpg?x-oss-process=image/resize,m_lfit,h_600,w_600/quality,q_90","فیش فندکی خودرو کد cp5 به همراه پنج متر سیم","[object Object]","موجود در انبار دیجی کالا","۴.۴","[object Object]","۱۴۰,۰۰۰","https://dkstatics-public.digikala.com/digikala-products/083c51680b0a10c9867ea5114e8549280a3309f1_1758610157.jpg?x-oss-process=image/resize,m_lfit,h_600,w_600/quality,q_90","سر دنده استوانه‌ای آلومینیومی کالانیکس مدل DAN-DAYTONAWHT-100141 مناسب برای جعبه دنده دستی و تمام خودروها با طراحی طرح دایتونا و ابعاد 2x5x8 سانتی‌متر","ارسال ۳ ساعته فروشنده","۴.۴","[object Object]","۶۰۵,۰۰۰","[object Object]","[object Object]","","","https://www.digikala.com/statics/img/svg/productCard/topBadge/SpecialSell.svg","","۸٪","۱۲۹,۰۰۰","",""
"https://dkstatics-public.digikala.com/digikala-products/f6b98fc9e0c66f9c2af0804a02997ab6e17b9963_1729669130.jpg?x-oss-process=image/resize,m_lfit,h_600,w_600/quality,q_90","کاور مهره برف پاک کن خودرو مناسب برای تیبا، تیبا 2، کوییک، ساینا، شاهین و اطلس بسته 2 عددی بدون نیاز به چسب و نصب آسان با فشار دست","موجود در انبار دیجی کالا","۴.۲","۹۱,۶۲۰","https://dkstatics-public.digikala.com/digikala-products/29be6885ea960fbb1195af1905a28bce775365a9_1607518000.jpg?x-oss-process=image/resize,m_lfit,h_600,w_600/quality,q_90","بوق خودرو مدل 1011 دو عددی 12 ولت با صدای قوی و نصب آسان","[object Object]","موجود در انبار دیجی کالا","۴.۳","[object Object]","۳,۸۸۱,۳۹۰","https://dkstatics-public.digikala.com/digikala-products/282338961af566bde90ffb2307c2dfdee4fb3007_1706709958.jpg?x-oss-process=image/resize,m_lfit,h_600,w_600/quality,q_90","اسپری پولیش و براق کننده داشبورد خودرو کاسپین مدل کوهستان جدید حجم 300 میلی‌لیتر با قابلیت تمیزکنندگی و محافظت طولانی‌مدت","","۴.۴","۳۰۳,۰۳۰","https://dkstatics-public.digikala.com/digikala-products/e8bfb443a3cd88298f5ea69760a3c3158694c637_1778060814.jpg?x-oss-process=image/resize,m_lfit,h_600,w_600/quality,q_90","برچسب ژله‌ای دستگیره داخلی خودرو مدل PH-j67 مناسب پژو 206 و 207 بسته 4 عددی، کریستال برجسته سه بعدی، ضدخش، مقاوم در برابر آب، نور خورشید و دما، نصب آسان با چسب بیرنگ","[object Object]","ارسال سریع دیجی‌کالا","۴.۱","[object Object]","۱۸۰,۵۰۰","https://dkstatics-public.digikala.com/digikala-products/112968064.jpg?x-oss-process=image/resize,m_lfit,h_600,w_600/quality,q_90","نخ پنچری تیوبلس لاستیک خودرو مدل US10 بسته 10 عددی با طول هر نخ 19.5 سانتی متر مناسب برای تمام خودروها","ارسال ۳ ساعته فروشنده","۴.۲","[object Object]","۱۳۲,۰۰۰","[object Object]","","[object Object]","ارسال سریع دیجی‌کالا","https://www.digikala.com/statics/img/svg/productCard/topBadge/SpecialSell.svg","","۵٪","۱۹۰,۰۰۰","",""
"","فیوز خودرو لی‌تل‌فیوز مدل وکیوم بسته 11 عددی مناسب برای خودروهای پژو 405، پژو پارس، سمند، پراید، تیبا و وانت شامل فیوزهای 10، 15، 20، 25، 30 و 40 آمپر به همراه فیوز کش","ارسال سریع دیجی‌کالا","۴","۱۰۸,۰۰۰","","روکش پدال خودرو مدل Prd-03 مناسب انواع پراید و سایپا پراید 151 بسته 3 عددی با جنس پلاستیکی مقاوم، نصب آسان، افزایش عمر پدال و بهبود کنترل رانندگی","[object Object]","موجود در انبار دیجی کالا","۳.۹","[object Object]","۶۲,۰۰۰","","جا لیوانی فلزی خودرو مدل G4 با 4 محفظه، مناسب داشبورد پژو 206، پژو پارس، پژو 405، سمند LX و پراید داشبورد قدیم، طراحی جدید با نصب آسان و رنگ کوره‌ای مقاوم","تنها ۳ عدد در انبار باقی مانده","۳.۹","۲۲۰,۸۰۰","","قاب رو آینه خودرو مدل خفاشی مناسب برای پژو پارس بسته 2 عددی با نصب آسان و محافظت از آینه در برابر ضربه و خط و خش","","","۴","[object Object]","۵۹۶,۳۱۰","","صندوق باربند خودرو تایپر مدل 350 LS با ظرفیت 350 لیتر، جنس پلاستیک ABS رنگی، طراحی ایرو دینامیک، باز شدن درب از کنار و قفل ضد سرقت، مناسب برای تمامی خودروها و حمل چوب اسکی","ارسال ۳ ساعته فروشنده","۳.۷","[object Object]","۲۹,۷۰۰,۰۰۰","[object Object]","","","","","","۱۰٪","۱۲۰,۰۰۰","",""
"","برچسب خودرو ژله ای مدل ROCK STAR سایز 5x5 سانتی‌متر نصب آسان با چسب قوی و مقاوم در برابر گرد و غبار","ارسال سریع دیجی‌کالا","۴.۶","۹۵,۰۰۰","","ماکت چراغ شور خودرو پژو 206 مدل آرسی سایز بزرگ چسبی بدون نیاز به سوراخ کاری از مواد محکم و بادوام مناسب پژو 206 هاچ بک و صندوقدار","[object Object]","موجود در انبار دیجی کالا","۳.۳","[object Object]","۱۴۲,۰۰۰","","نظم دهنده صندوق عقب خودرو ویتابگ مدل چرمی واید با 5 محفظه و طول 80 سانتی‌متر، رویه چرم مصنوعی درجه یک، نصب آسان با زیپ چسب، قابلیت نگهداری ایمن بطری‌ها و لوازم متنوع، مناسب تمام خودروها و خودروهای برقی","تنها ۳ عدد در انبار باقی مانده","۴.۴","۳۶۹,۰۰۰","","هواکش کامل موتور خودروهای پژو 206، 207، 405 و رانا توان قطعه ابتکار مدل بهینه با فیلتر هوا، نصب سریع بدون نیاز به باز شدن باکس، جنس پلی آمید مقاوم در برابر ترک و شکستگی و استفاده صد درصدی از سطح فیلتر هوا","[object Object]","موجود در انبار دیجی کالا","۴.۲","[object Object]","۱,۵۴۵,۰۰۰","","آنتن خودرو معمولی مدل dan405 مناسب برای پراید، پژو 405، پژو 206، تیبا، ساینا، تیبا 2، آر دی و پژو 207 با طول 20 سانتیمتر و نصب آسان","","۳.۸","[object Object]","۴۵,۰۰۰","[object Object]","","[object Object]","موجود در انبار دیجی کالا","","","۱۶٪","۴۴۰,۰۰۰","",""
"","سر اگزوز مدل J.S با ابعاد 50x50x150 میلی‌متر و وزن 350 گرم مناسب نصب روی اگزوز خودرو، ساخت ایران","موجود در انبار دیجی کالا","۴.۶","۵۸۸,۰۰۰","","تخت تاشو سفری نادیاهوم مدل یونیورسال با عرض قابل تنظیم 65.5 و 75 سانتی‌متر، جنس چرم مصنوعی و MDF 8 میل، طراحی ارگونومیک برای ستون فقرات، تحمل وزن بالا، قابلیت شست‌وشو و حمل آسان با دسته و کاور محافظ","[object Object]","موجود در انبار دیجی کالا","۴.۵","[object Object]","۴,۸۹۰,۰۰۰","","واکس داشبورد خودرو رستاک مدل 02 حجم 150 میلی‌لیتر براق کننده، تمیزکننده و محافظت‌کننده مناسب برای داشبورد و قسمت‌های پلاستیکی و چرمی خودرو","ارسال فروشنده","۴.۴","۲۱۵,۰۰۰","","شامپو شست‌وشوی خودرو وست واش مدل فوم رنگی نانو حجم 1000 میلی لیتر","[object Object]","موجود در انبار دیجی کالا","۴.۴","[object Object]","۲۸۰,۰۰۰","","پد محافظ ژله ای کلید تنظیم کولر پژو پارس و 405 بسته 11 عددی مقاوم در برابر نور خورشید، آب و دما با نصب آسان و جلوگیری از خراشیدگی و ساییدگی","","۴.۱","[object Object]","۱۸۰,۰۰۰","[object Object]","","[object Object]","موجود در انبار دیجی کالا","","[object Object]","۱۱٪","۵,۵۰۰,۰۰۰","۴۷٪","۵۲۵,۰۰۰"
"","کابل تقویت اتصال بدنه باتری خودرو مدل Two Line2 با خلوص مس 98% و نمره 10، مناسب پژو 405، پژو پارس و سمند، افزایش کارایی استارت و رفع نوسانات برقی و دمای کاذب موتور","موجود در انبار دیجی کالا","۴","۳۸۹,۰۰۰","","آینه نقطه کور خودرو مقعر قطر 5 سانتیمتر مدل SLV بسته 2 عددی مناسب برای تمام خودروها","[object Object]","موجود در انبار دیجی کالا","۳.۸","[object Object]","۹۴,۱۷۰","","آویز تزئینی خودرو مدل دریم کچر - BLK","","۳.۳","۱۷۷,۰۰۰","","مجموعه 2 عددی کنسول وسط خودرو طرح کربن مناسب دنا و دنا پلاس، با محفظه نگهداری لیوان و وسایل، جنس پلاستیک مقاوم، طراحی شبکه‌ای، قابلیت عبور کابل شارژ و نصب در هر دو طرف خودرو","[object Object]","ارسال فروشنده","۴.۲","[object Object]","۲۸۹,۹۰۰","","ردیاب خودرو مدل GT02A","ارسال ۳ ساعته فروشنده","۲.۱","[object Object]","۳,۳۳۷,۹۰۰","[object Object]","[object Object]","","","","","۵۰٪","۳۵۴,۰۰۰","۱۷٪","۴,۰۳۷,۹۰۰"
"","تسمه بکسل خودرو مدل HJ-RE طول 3 متر مناسب خودروهای سواری با 2 قلاب فلزی و تحمل وزن 1 تا 4 تن","ارسال سریع دیجی‌کالا","۴","۲۵۸,۰۰۰","","عایق گلگیر صندوق خودرو پراید مدل نمدی جفتی با ابعاد 80x55x25 سانتی‌متر مناسب سایپا پراید 131، 132، X100، صبا، کیا و نسیم با پانچ برای نصب خار و جنس پرس شده","[object Object]","ارسال فروشنده","۴","[object Object]","۱,۵۳۵,۰۰۰","","خار موکت خودرو چیکال مدل P-955 بسته 10 عددی مقاوم در برابر ضربه و ضد آب مناسب برای پراید، پژو 405، پژو پارس و کوییک","","۳.۸","۷۴,۵۱۰","","جک خودرو مدل 31504 ظرفیت 2 تن با آسان بازشو و دسته متصل به بدنه مناسب برای خودروهای ایران‌خودرو و پژو 206","[object Object]","ارسال سریع دیجی‌کالا","۳.۹","[object Object]","۱,۰۹۹,۰۰۰","","تشک سفری خودرو مدل MOUFLON_G1 با طراحی ارگونومیک و رویه پارچه مخمل، ساختار 4 تکه تخته ضخیم، لایه فوم 2 سانتی‌متری، قابلیت نصب آسان با تسمه و قفل فلزی، مناسب برای ایجاد سطح تخت، نشیمن نرم و قابل شست‌وشو","ارسال ۳ ساعته فروشنده","۴.۳","[object Object]","۳,۷۳۴,۵۰۰","[object Object]","","[object Object]","موجود در انبار دیجی کالا","","","۱۴٪","۳۰۰,۰۰۰","۴٪","۱,۱۵۰,۰۰۰"
"https://dkstatics-public.digikala.com/digikala-products/fb36465b4431e14fc7cd0f6fb888f0e77389b21a_1642514857.jpg?x-oss-process=image/resize,m_lfit,h_600,w_600/quality,q_90","فیوز خودرو لی‌تل‌فیوز مدل وکیوم بسته 11 عددی مناسب برای خودروهای پژو 405، پژو پارس، سمند، پراید، تیبا و وانت شامل فیوزهای 10، 15، 20، 25، 30 و 40 آمپر به همراه فیوز کش","ارسال سریع دیجی‌کالا","۴","۱۰۸,۰۰۰","https://dkstatics-public.digikala.com/digikala-products/0b4de9cbcf55e2c1a87edd6716ad061b75e567f4_1701036425.jpg?x-oss-process=image/resize,m_lfit,h_600,w_600/quality,q_90","روکش پدال خودرو مدل Prd-03 مناسب انواع پراید و سایپا پراید 151 بسته 3 عددی با جنس پلاستیکی مقاوم، نصب آسان، افزایش عمر پدال و بهبود کنترل رانندگی","[object Object]","موجود در انبار دیجی کالا","۳.۹","[object Object]","۶۲,۰۰۰","https://dkstatics-public.digikala.com/digikala-products/504acea7654e19a0cec012917883e7fed552121b_1745222657.jpg?x-oss-process=image/resize,m_lfit,h_600,w_600/quality,q_90","جا لیوانی فلزی خودرو مدل G4 با 4 محفظه، مناسب داشبورد پژو 206، پژو پارس، پژو 405، سمند LX و پراید داشبورد قدیم، طراحی جدید با نصب آسان و رنگ کوره‌ای مقاوم","تنها ۳ عدد در انبار باقی مانده","۳.۹","۲۲۰,۸۰۰","https://dkstatics-public.digikala.com/digikala-products/23f9d771c337f7153a7e72f4fd88f116f0b40153_1653831344.jpg?x-oss-process=image/resize,m_lfit,h_600,w_600/quality,q_90","قاب رو آینه خودرو مدل خفاشی مناسب برای پژو پارس بسته 2 عددی با نصب آسان و محافظت از آینه در برابر ضربه و خط و خش","","","۴","[object Object]","۵۹۶,۳۱۰","https://dkstatics-public.digikala.com/digikala-products/111394278.jpg?x-oss-process=image/resize,m_lfit,h_600,w_600/quality,q_90","صندوق باربند خودرو تایپر مدل 350 LS با ظرفیت 350 لیتر، جنس پلاستیک ABS رنگی، طراحی ایرو دینامیک، باز شدن درب از کنار و قفل ضد سرقت، مناسب برای تمامی خودروها و حمل چوب اسکی","ارسال ۳ ساعته فروشنده","۳.۷","[object Object]","۲۹,۷۰۰,۰۰۰","[object Object]","","","","https://www.digikala.com/statics/img/svg/productCard/topBadge/SpecialSell.svg","","۱۰٪","۱۲۰,۰۰۰","",""
"https://dkstatics-public.digikala.com/digikala-products/f156ff7adf6e0088666001ddcd0c015bc7c81aaf_1698869730.jpg?x-oss-process=image/resize,m_lfit,h_600,w_600/quality,q_90","برچسب خودرو ژله ای مدل ROCK STAR سایز 5x5 سانتی‌متر نصب آسان با چسب قوی و مقاوم در برابر گرد و غبار","ارسال سریع دیجی‌کالا","۴.۶","۹۵,۰۰۰","https://dkstatics-public.digikala.com/digikala-products/4312528.jpg?x-oss-process=image/resize,m_lfit,h_600,w_600/quality,q_90","ماکت چراغ شور خودرو پژو 206 مدل آرسی سایز بزرگ چسبی بدون نیاز به سوراخ کاری از مواد محکم و بادوام مناسب پژو 206 هاچ بک و صندوقدار","[object Object]","موجود در انبار دیجی کالا","۳.۳","[object Object]","۱۴۲,۰۰۰","https://dkstatics-public.digikala.com/digikala-products/b55054779794e58fee7c36a2834b69fde00e7983_1740486355.jpg?x-oss-process=image/resize,m_lfit,h_600,w_600/quality,q_90","نظم دهنده صندوق عقب خودرو ویتابگ مدل چرمی واید با 5 محفظه و طول 80 سانتی‌متر، رویه چرم مصنوعی درجه یک، نصب آسان با زیپ چسب، قابلیت نگهداری ایمن بطری‌ها و لوازم متنوع، مناسب تمام خودروها و خودروهای برقی","تنها ۳ عدد در انبار باقی مانده","۴.۴","۳۶۹,۰۰۰","https://dkstatics-public.digikala.com/digikala-products/02e541681aba41c30c2a6d188f5b342f8b2e8c87_1649866521.jpg?x-oss-process=image/resize,m_lfit,h_600,w_600/quality,q_90","هواکش کامل موتور خودروهای پژو 206، 207، 405 و رانا توان قطعه ابتکار مدل بهینه با فیلتر هوا، نصب سریع بدون نیاز به باز شدن باکس، جنس پلی آمید مقاوم در برابر ترک و شکستگی و استفاده صد درصدی از سطح فیلتر هوا","[object Object]","موجود در انبار دیجی کالا","۴.۲","[object Object]","۱,۵۴۵,۰۰۰","https://dkstatics-public.digikala.com/digikala-products/113987946.jpg?x-oss-process=image/resize,m_lfit,h_600,w_600/quality,q_90","آنتن خودرو معمولی مدل dan405 مناسب برای پراید، پژو 405، پژو 206، تیبا، ساینا، تیبا 2، آر دی و پژو 207 با طول 20 سانتیمتر و نصب آسان","","۳.۸","[object Object]","۴۵,۰۰۰","[object Object]","","[object Object]","موجود در انبار دیجی کالا","https://www.digikala.com/statics/img/svg/productCard/topBadge/SpecialSell.svg","","۱۶٪","۴۴۰,۰۰۰","",""
"","نگهدارنده عینک خودرو مدل CJ 2021 گیره نصب روی آفتابگیر، جنس پلاستیک کربن، ابعاد 2.75x1.5x1.14 سانتی‌متر، محفظه تک‌عددی، مناسب نظم‌دهی داخل اتاق خودرو","موجود در انبار دیجی کالا","۳.۷","۹۴,۰۰۰","","سردنده دستی اسپرت مدل 2008-ST مناسب برای پراید، تیبا، ساینا و کوییک، ساخته شده از پلاستیک ضد سایش با روکش آبکاری کروم استیل و رویه چرم مصنوعی دلتا با کیفیت بالا","[object Object]","ارسال سریع دیجی‌کالا","۴.۳","[object Object]","۳۲۵,۰۰۰","","خار هواکش اتاق خودرو کد cd مناسب پژو 405 بسته 4 عددی","تنها ۲ عدد در انبار باقی مانده","۴.۲","۶۰,۶۰۰","","برچسب بدنه خودرو قابل شستشو و نصب روی بدنه و شیشه مدل 151","[object Object]","موجود در انبار دیجی کالا","۳.۷","[object Object]","۸۰,۰۰۰","","دستگاه تستر فیوز و سیم کشی خودرو و موتور سیکلت مدل YS-04 با هشدار صوتی، ال ای دی قرمز و سبز، نوک تیز و ضد زنگ، بدنه محکم و سیم 1.5 متر برای عیب‌یابی دقیق و کاربرد صنعتی و خانگی","","۴.۴","[object Object]","۶۲۳,۴۵۰","[object Object]","[object Object]","[object Object]","موجود در انبار دیجی کالا","","","","","",""
"","روکش فرمان مخملی با قطر 60 سانتی‌متر مدل sp-22 مناسب محافظت از فرمان خودرو و جلوگیری از فرسایش و پوسته پوسته شدن دست راننده","موجود در انبار دیجی کالا","۴.۳","۲۵۵,۷۱۰","","کناره گیر صندلی خودرو مدل PG-011 بسته 2 عددی از جنس لاستیک و پلاستیک با قابلیت نصب آسان در کنار صندلی جلو چپ و راست و دارای محل نگهداری گوشی و جاکلیدی","[object Object]","موجود در انبار دیجی کالا","۳.۱","[object Object]","۳۸۰,۰۰۰","","واکس داشبورد و قطعات داخلی خودرو غفاری مدل GT3 حجم 120 میلی‌لیتر براق کننده، محافظت‌کننده در برابر نور خورشید و گردوغبار، مناسب لاستیک، پلاستیک، چرمی و فلزی","تنها ۱ عدد در انبار باقی مانده","۴.۳","۳۳۶,۴۲۰","","یخچال فریزر خودرو ایستکول مدل TM-4040-DC با ظرفیت 40 لیتر، قابلیت اتصال به فندکی و باتری خودرو، سیستم کنترل دما، لامپ داخلی، قفل امنیتی و سبد فلزی همراه با آدابتور 12 ولت و کابل اتصال مستقیم","[object Object]","ارسال سریع دیجی‌کالا","۴.۴","[object Object]","۵۹,۴۵۷,۰۰۰","","جاسوئیچی موتورسیکلت مدل Helmet Flame طرح کلاه کاسکت","","۳","[object Object]","۲۸۴,۰۰۰","[object Object]","[object Object]","[object Object]","موجود در انبار دیجی کالا","","","۱۵٪","۷۰,۳۵۰,۰۰۰","۲۹٪","۴۰۰,۰۰۰"
"","عایق درب خودرو فومی مدل ls_16 مناسب پراید و سایپا شامل 4 عدد، ضخامت 2 میل، پشت چسب‌دار با چسب قوی نخ‌دار، عایق صوتی و حرارتی مقاوم و قابل شست‌وشو","موجود در انبار دیجی کالا","۳.۷","۳۹۴,۶۳۰","","گل پخش کن نرم مناسب خودرو ساینا مجموعه 4 عددی مدل AR با قابلیت نصب آسان و استفاده برای چرخ‌های جلو و عقب","[object Object]","موجود در انبار دیجی کالا","۳.۶","[object Object]","۴۹۰,۰۰۰","","کارواش خانگی فورد مدل FPWE F2.1 با موتور 1500 وات، فشار آب 120 بار، مکش خودکار آب، سیستم اتو استاپ، طول شلنگ 5 متر و قابلیت استفاده از آب گرم تا 40 درجه سانتی‌گراد","تنها ۱ عدد در انبار باقی مانده","۴.۳","۲۳,۵۰۰,۰۰۰","","کاور ریموت فلزی خودرو مدل Premium مناسب پراید و تیبا و ساینا و کوییک، جنس زینک با پوشش داخلی سیلیکونی، مقاوم در برابر ضربه و فشار، دارای قلاب فلزی محکم و محافظت کامل در برابر گرد و غبار و آب","[object Object]","ارسال فروشنده","۳.۹","[object Object]","۵۷۰,۰۰۰","","بست نگهدارنده باتری خودرو پراید چیکال مدل Q-12 با اتصال تقویت شده برای کاهش فشار و جلوگیری از شکستن سینی زیر باتری مناسب پراید 111، 131، 132، 141، 151 وانت، X100، صبا و نسیم","","۳.۹","[object Object]","۲۴۷,۴۲۰","[object Object]","","[object Object]","ارسال سریع دیجی‌کالا","","","۳۳٪","۵۸۹,۰۰۰","۵۳٪","۵۰,۰۰۰,۰۰۰"
"https://dkstatics-public.digikala.com/digikala-products/f996ef5f86ddf868d4f334604b182da4091f35d2_1761727786.jpg?x-oss-process=image/resize,m_lfit,h_600,w_600/quality,q_90","کاور ریموت فلزی ام آر جی مدل A1112 طرح فلز گرادیانی مناسب پراید با بند چرمی و قلاب فلزی، مقاوم در برابر ضربه و خط و خش، نصب آسان و طراحی لوکس و اسپرت","ارسال سریع دیجی‌کالا","۳","۴۸۹,۰۰۰","https://dkstatics-public.digikala.com/digikala-products/5542003.jpg?x-oss-process=image/resize,m_lfit,h_600,w_600/quality,q_90","جا عینکی خودرو مدل GH01 با جنس پلاستیک ABS مقاوم، دو محفظه نگهداری، قابلیت نصب و تنظیم زاویه آسان، طراحی مدرن برای نگهداری ایمن و دسترسی راحت به عینک داخل اتاق خودرو","[object Object]","ارسال فروشنده","۳.۹","[object Object]","۲۵,۰۰۰","https://dkstatics-public.digikala.com/digikala-products/1bd3d5399f4136e26eb54c4a02700302fed0e44a_1643139025.jpg?x-oss-process=image/resize,m_lfit,h_600,w_600/quality,q_90","اسفنج خشگیر خودروی نانو بسته 2 عددی ساخت آلمان بدون نیاز به مواد شیمیایی برای از بین بردن خط و خش سطحی، لکه‌های چرب و آلودگی‌های سخت روی بدنه، قسمت‌های فلزی، پلاستیکی، چرمی و شیشه خودرو","","۴","۱۴۴,۰۰۰","https://dkstatics-public.digikala.com/digikala-products/b9f58e6233b691137963c3e64df0c0f3e7fa7dbd_1737021616.jpg?x-oss-process=image/resize,m_lfit,h_600,w_600/quality,q_90","کفپوش سه بعدی صندوق عقب خودرو پانیذ مدل MH مناسب سمند سورن پلاس با جنس پلی اورتان و پشت نمد، مقاوم در برابر تغییر شکل و پوسیدگی، فیت کامل صندوق، ضد لغزش، قابل شست‌وشو و سهولت در نظافت","[object Object]","ارسال سریع دیجی‌کالا","۴.۲","[object Object]","۷۹۲,۰۰۰","https://dkstatics-public.digikala.com/digikala-products/e667ae13a5f006e5b76700ebc282cfbaca6c4e21_1665283787.jpg?x-oss-process=image/resize,m_lfit,h_600,w_600/quality,q_90","سطل زباله ماشین مدل ریمپ از جنس چرم مصنوعی با ابعاد 12x6x22 سانتی‌متر، سبک، مقاوم و کم‌حجم مناسب برای داخل اتاق خودرو و قابلیت نگهداری زباله به‌صورت منظم و بهداشتی","ارسال ۳ ساعته فروشنده","۴.۳","[object Object]","۳۰۰,۰۰۰","[object Object]","[object Object]","","","https://www.digikala.com/statics/img/svg/productCard/topBadge/SpecialSell.svg","","۴۰٪","۴۲,۰۰۰","۲۸٪","۱,۱۰۰,۰۰۰"
"https://dkstatics-public.digikala.com/digikala-products/93ab835a45a190ecb964e6fc7f029602c1b3d8ff_1688044876.jpg?x-oss-process=image/resize,m_lfit,h_600,w_600/quality,q_90","استیکر خودرو پویا مارکت طرح مانستر کد 365","ارسال فروشنده","۴.۳","۹۵,۰۰۰","https://dkstatics-public.digikala.com/digikala-products/1e13474d486ecc52f158ab811d2c741c50a2b757_1622049310.jpg?x-oss-process=image/resize,m_lfit,h_600,w_600/quality,q_90","دستمال نظافت خودرو میکروفایبر کد 536 با ابعاد 40 × 30 سانتی‌متر، جذب بالا، نرمی و مقاومت مناسب برای تمیز کردن بدنه، شیشه و گلگیر خودرو بدون ایجاد خط و خش","[object Object]","موجود در انبار دیجی کالا","۴.۲","[object Object]","۱۳۰,۰۰۰","https://dkstatics-public.digikala.com/digikala-products/b757fdca8243642100a5093426d215f9fcc10d3e_1615034392.jpg?x-oss-process=image/resize,m_lfit,h_600,w_600/quality,q_90","لامپ ال ای دی خودرو الایت مدل ELIGHT7 با نور آبی، مناسب برای تمام خودروها، ساخت تایوان و بسته‌بندی وکیوم، مجموعه 2 عددی","","۴","۶۰,۰۰۰","https://dkstatics-public.digikala.com/digikala-products/8420d9b6df12ee36d67922d1b271cd47ac333efd_1715510965.jpg?x-oss-process=image/resize,m_lfit,h_600,w_600/quality,q_90","کمربند نظم‌دهنده صندوق عقب خودرو اسپورت مدل چسبی کش‌دار با 4 محفظه، نصب آسان و سبک، بسته 2 عددی برای صرفه‌جویی در فضا و سازماندهی وسایل داخل خودرو","[object Object]","موجود در انبار دیجی کالا","۴.۲","[object Object]","۱۴۰,۰۰۰","https://dkstatics-public.digikala.com/digikala-products/9ed46c871873e5bf238a5dfe70db23e7812230ad_1769676065.jpg?x-oss-process=image/resize,m_lfit,h_600,w_600/quality,q_90","آویز تزئینی خودرو مدل سوریکاوا نئون چراغ‌دار طرح قلب پلاستیکی مناسب آینه، دستگیره، شیشه و داشبورد با زنجیر 12 سانتی‌متر و ابعاد 10 در 12 سانتی‌متر","ارسال ۳ ساعته فروشنده","۳.۶","[object Object]","۲۵۰,۰۰۰","[object Object]","[object Object]","[object Object]","موجود در انبار دیجی کالا","","","","","",""
"https://dkstatics-public.digikala.com/digikala-products/199946d2dfaa1e2ea48b010e8ea851c13f12ae4f_1767116993.jpg?x-oss-process=image/resize,m_lfit,h_600,w_600/quality,q_90","چادر خودرو متوسط مدل ضدآب پشت نقره شمعی مناسب پراید، سایپا پراید 131، پراید 132، ساینا و تیبا با مقاومت در برابر آب، خط‌وخش، گردوغبار و نور خورشید و وزن سبک همراه کیف حمل","موجود در انبار دیجی کالا","۳.۸","۵۳۵,۰۰۰","https://dkstatics-public.digikala.com/digikala-products/550dcadec8466c32bd90d53add4a648c8a09d84a_1770924236.jpg?x-oss-process=image/resize,m_lfit,h_600,w_600/quality,q_90","لکه بر و خشگیر بدنه خودرو روین مدل RV-1 حجم 100 میلی‌لیتر با فرمولاسیون پیشرفته، پاک‌کننده قیر، دوده و لکه‌های روغنی، محوکننده خط و خش سطحی، براق‌کننده و محافظت‌کننده بدنه و قطعات فلزی خودرو","[object Object]","موجود در انبار دیجی کالا","۳.۶","[object Object]","۲۰۴,۷۳۰","https://dkstatics-public.digikala.com/digikala-products/31df710de0801dbfa5e846c20ed7e6b3ff182709_1713861475.jpg?x-oss-process=image/resize,m_lfit,h_600,w_600/quality,q_90","تستر فیوز خودرو مدل 65384 بسته 13 عددی شامل پیچ گوشتی تستر، سیم تست سوسماری و فیوزهای 3، 5، 7.5، 10، 15، 20، 25 و 30 آمپر مناسب برای پژو 206، پژو 405 و پژو پارس","موجود در انبار دیجی کالا","۴","۱۴۲,۰۰۰","https://dkstatics-public.digikala.com/digikala-products/f6f3f71ffa221b4155adcdb12afcd504d4542191_1781212968.jpg?x-oss-process=image/resize,m_lfit,h_600,w_600/quality,q_90","برچسب خودرو مدل فان بسته 7 عددی","[object Object]","موجود در انبار دیجی کالا","۴.۷","[object Object]","۴۹۹,۳۴۰","https://dkstatics-public.digikala.com/digikala-products/e433798f9ad4748d0f78a9aa0b51dfb4ab73a0f0_1762510323.jpg?x-oss-process=image/resize,m_lfit,h_600,w_600/quality,q_90","قاب کامل پلاستیکی برف پاک کن خودرو کالانیکس مدل GHB-PRIDEESTIL-100227 مناسب برای پراید با نصب روی ستون جلو سمت راست و چپ، مجموعه 6 عددی","","۳.۶","[object Object]","ناموجود","","","[object Object]","موجود در انبار دیجی کالا","https://www.digikala.com/statics/img/svg/productCard/topBadge/SpecialSell.svg","[object Object]","۲۴٪","۱۸۸,۰۰۰","",""
"https://dkstatics-public.digikala.com/digikala-products/c5d0bd60cfd4eff1ee34002e585066262ef32df1_1643375381.jpg?x-oss-process=image/resize,m_lfit,h_600,w_600/quality,q_90","اسپری تمیزکننده و براق کننده لاستیک اس تی پی مدل Son of A Gun حجم 596 میلی‌لیتر با ساختار فومی، محافظت در برابر فرسایش و ترک‌خوردگی، قدرت تمیزکنندگی و براق‌کنندگی بالا بدون نیاز به دستمال","موجود در انبار دیجی کالا","۴.۵","۲۳۷,۰۳۰","https://dkstatics-public.digikala.com/digikala-products/9c5ac972e6d972da027a1509e4dbf0fdabb94d80_1699274401.jpg?x-oss-process=image/resize,m_lfit,h_600,w_600/quality,q_90","واکس داشبورد داخل کابین خودرو مدل M16 حجم 150 میلی‌لیتر براق کننده، تمیز کننده و محافظت کننده","[object Object]","ارسال فروشنده","۴.۴","[object Object]","۲۳۰,۰۰۰","https://dkstatics-public.digikala.com/digikala-products/1c63859cac7353db05f86547630266d7dd851cd0_1644838205.jpg?x-oss-process=image/resize,m_lfit,h_600,w_600/quality,q_90","برچسب خودرو طرح آداک 10 درصد کد 2010","تنها ۳ عدد در انبار باقی مانده","۴.۲","۱۹۵,۰۰۰","https://dkstatics-public.digikala.com/digikala-products/9f4e2c7c4adeda844837d9fcc0af1c9a9f8ffe6f_1689461089.jpg?x-oss-process=image/resize,m_lfit,h_600,w_600/quality,q_90","چادر خودرو مدل Best مناسب سمند سورن پلاس، جنس برزنت پشم شیشه PVC، ضد آب و ضد لک چربی، مقاوم در برابر نور آفتاب، جلوگیری از داغ شدن داخل خودرو، محافظ بدنه در برابر خط و خش و تثبیت رنگ خودرو","[object Object]","موجود در انبار دیجی کالا","۴.۲","[object Object]","۳,۸۵۴,۰۰۰","https://dkstatics-public.digikala.com/digikala-products/2ef6abd30273dbf1c0e7381ae7aa6ecde8e1d5b0_1714070987.jpg?x-oss-process=image/resize,m_lfit,h_600,w_600/quality,q_90","اسپری براق‌کننده و محافظ داشبورد کاسپین مدل کوهستان حجم 300 میلی‌لیتر با خاصیت آنتی‌استاتیک برای جلوگیری از جذب گردوغبار، افزایش عمر و جلوگیری از ترک‌خوردگی داشبورد و بخش‌های پلاستیکی خودرو با رایحه خوش","ارسال ۳ ساعته فروشنده","۴.۴","[object Object]","۳۲۰,۰۰۰","[object Object]","[object Object]","","","https://www.digikala.com/statics/img/svg/productCard/topBadge/SpecialSell.svg","","۶٪","۴,۱۰۰,۰۰۰","",""
"https://dkstatics-public.digikala.com/digikala-products/d41aaff4f9b254b95afe9c135d2d1f99c10c9ef2_1654443298.jpg?x-oss-process=image/resize,m_lfit,h_600,w_600/quality,q_90","سردنده قطعه سازان کبیر طرح چوب مدل PUG-405-310 مناسب برای پژو 405","ارسال فروشنده","۳.۳","۲۷۸,۰۰۰","https://dkstatics-public.digikala.com/digikala-products/7d288e7996a8026584967d176c59a5acfc92a449_1704011622.jpg?x-oss-process=image/resize,m_lfit,h_600,w_600/quality,q_90","عایق نمدی درب صندوق خودرو مناسب برای پژو 405 مدل lux-car با ابعاد 80x80x25 سانتی‌متر، جذب صوت، کاهش گرمای تابش خورشید، قابل شست‌وشو","[object Object]","موجود در انبار دیجی کالا","۴.۱","[object Object]","۹۰۰,۰۰۰","https://dkstatics-public.digikala.com/digikala-products/4542793.jpg?x-oss-process=image/resize,m_lfit,h_600,w_600/quality,q_90","روکش آماده فرمان خودرو چرمی کد 11 با قطر 37 سانتی‌متر و وزن 320 گرم","تنها ۱ عدد در انبار باقی مانده","۴.۲","۱۹۶,۸۴۰","https://dkstatics-public.digikala.com/digikala-products/36bd6293a2564b9533b164138034296611ed55ea_1680122938.jpg?x-oss-process=image/resize,m_lfit,h_600,w_600/quality,q_90","آفتابگیر شیشه جلو خودرو مدل عینکی کد 2023 با جنس شمعی، ابعاد 140 در 70 سانتی‌متر، قابلیت تاشوندگی، اشغال فضای کم و کاور نگهدارنده برای محافظت از داخل خودرو در برابر نور و گرمای آفتاب","[object Object]","موجود در انبار دیجی کالا","۴","[object Object]","۱۷۰,۰۰۰","https://dkstatics-public.digikala.com/digikala-products/70108895742ba1bcdb648a5af1b385dcaea87cb9_1785611388.jpg?x-oss-process=image/resize,m_lfit,h_600,w_600/quality,q_90","شامپو واکس بدنه خودرو آرویان مدل پرمیوم حجم 1.5 لیتر","","","","۲۹۵,۰۰۰","[object Object]","[object Object]","[object Object]","موجود در انبار دیجی کالا","https://www.digikala.com/statics/img/svg/productCard/topBadge/SpecialSell.svg","","۲۴٪","۲۵۹,۰۰۰","۱۶٪","۳۵۰,۰۰۰"
"https://dkstatics-public.digikala.com/digikala-products/4bba2af29bb7452bac9d95682bae8ed5455578f6_1782925810.jpg?x-oss-process=image/resize,m_lfit,h_600,w_600/quality,q_90","کمربند نظم دهنده صندوق عقب خودرو میراژ مدل رگولار","موجود در انبار دیجی کالا","۳","۲۲۰,۰۰۰","https://dkstatics-public.digikala.com/digikala-products/b7877ed0d878846f12f1976d14565309baf7bb99_1667319400.jpg?x-oss-process=image/resize,m_lfit,h_600,w_600/quality,q_90","کفپوش سه‌بعدی خودرو بابل کارپت مدل ECCO مناسب پژو 206، 207، رانا و رانا پلاس با جنس پلی‌اتیلن و نمد، طراحی سه‌تکه مجزا، ضد لغزش و پوشش کامل کف خودرو","[object Object]","موجود در انبار دیجی کالا","۴","[object Object]","۱,۱۸۶,۰۰۰","https://dkstatics-public.digikala.com/digikala-products/52cc4d47259101a82543a63e0b1f8eb7994299df_1693919037.jpg?x-oss-process=image/resize,m_lfit,h_600,w_600/quality,q_90","بسته 10 عددی برچسب بدنه خودرو طرح قوانین ماشین با چسب بسیار قوی و انعطاف‌پذیر کد gm02","تنها ۲ عدد در انبار باقی مانده","۴","۱۳۷,۰۰۰","https://dkstatics-public.digikala.com/digikala-products/955edd7b16a9642f1a18fb4c4cfed0d6e5ce2da7_1766066302.jpg?x-oss-process=image/resize,m_lfit,h_600,w_600/quality,q_90","چادر خودرو شمعی پشت نقره ضدآب سایز بزرگ L مناسب پژو پارس و پژو 405، مقاوم در برابر آب، گردوغبار، نور خورشید و خط‌وخش، سبک و کم‌حجم با کش دوبل جلو و عقب و کیف حمل","[object Object]","ارسال فروشنده","۳.۱","[object Object]","۲,۱۷۹,۰۰۰","https://dkstatics-public.digikala.com/digikala-products/28e3694eafae96bf350057d15ddc1c7cfedce39d_1636277586.jpg?x-oss-process=image/resize,m_lfit,h_600,w_600/quality,q_90","تشک بادی صندلی عقب خودرو مدل Bounds Car Interior با ابعاد 135x85x38 سانتی‌متر، جنس پی‌وی‌سی، وزن 2300 گرم، قابلیت استفاده راحت برای سفر و کمپ با ساختار کامفورت و پمپاژ یکنواخت هوا","","۳.۸","[object Object]","۳,۵۹۹,۰۰۰","[object Object]","","","تنها ۱ عدد در انبار باقی مانده","https://www.digikala.com/statics/img/svg/productCard/topBadge/SpecialSell.svg","","۱۲٪","۲۵۰,۰۰۰","",""
"https://dkstatics-public.digikala.com/digikala-products/a182c6bb744cf082b16927296488ffe53babb580_1649597973.jpg?x-oss-process=image/resize,m_lfit,h_600,w_600/quality,q_90","فنر سوتکش اگزوز مدل 02 مناسب برای پرشیا، سمند، زانتیا و دنا با نصب آسان، مقاومت در برابر دما و فشار، صدای گوش‌نواز و سازگار با شرایط آب و هوایی مختلف","ارسال سریع دیجی‌کالا","۳.۸","۳۱,۶۶۰","https://dkstatics-public.digikala.com/digikala-products/a7ff9a90e21d98a31dfb7d3593200fc4f25b54ac_1728828089.jpg?x-oss-process=image/resize,m_lfit,h_600,w_600/quality,q_90","برچسب تزئینی بدنه خودرو سفید مقاوم در برابر آب و شستشو با ابعاد 28.5 در 7.5 سانتی متر کد MT-W506 همراه با سلفون نصب آسان","[object Object]","موجود در انبار دیجی کالا","۴.۴","[object Object]","۹۳,۲۲۰","https://dkstatics-public.digikala.com/digikala-products/ac3bc03238fc1d5e5fc5cd7170503773e9220737_1754476944.jpg?x-oss-process=image/resize,m_lfit,h_600,w_600/quality,q_90","محلول شیشه‌شوی خودرو کاسپین مدل Non-Smearing حجم 4 لیتر با فرمولاسیون پیشرفته، حاوی الکل ضد یخ‌زدگی، مناسب استفاده در تمام فصول سال، بدون ایجاد رسوب و آسیب به قطعات شیشه‌شوی","موجود در انبار دیجی کالا","۴.۴","۵۳۸,۸۰۰","https://dkstatics-public.digikala.com/digikala-products/7548f568e18f4d199c06b4d256faca6068cd9c29_1778864155.jpg?x-oss-process=image/resize,m_lfit,h_600,w_600/quality,q_90","برچسب خودرو پویا مارکت طرح پلنگ صورتی کد 4097","[object Object]","ارسال سریع دیجی‌کالا","۴.۲","[object Object]","۹۵,۰۰۰","https://dkstatics-public.digikala.com/digikala-products/5055521.jpg?x-oss-process=image/resize,m_lfit,h_600,w_600/quality,q_90","کیت پنچرگیری لاستیک خودرو ایگل مدل Ktp-3 با بدنه فلزی مقاوم و نخ چسبدار مخصوص برای رفع سریع و آسان پنچری تایرهای تیوبلس در تمام خودروها","","۴.۱","[object Object]","۲۹۷,۰۰۰","[object Object]","","[object Object]","ارسال فروشنده","https://www.digikala.com/statics/img/svg/productCard/topBadge/SpecialSell.svg","[object Object]","۲٪","۵۵۱,۸۰۰","",""
"","برچسب بدنه خودرو سولگی طرح مار کد M475","موجود در انبار دیجی کالا","۳.۹","۲۸۶,۲۸۰","","جای دستمال کاغذی خودرو هئوروتات مدل HT","[object Object]","موجود در انبار دیجی کالا","۳.۸","[object Object]","۳۸۰,۰۰۰","","قاب دور دنده پلاستیکی نقره‌ای براق مناسب پژو 206 مدل bar11 با ابعاد 14.3x10.8x1.5 سانتی‌متر","تنها ۲ عدد در انبار باقی مانده","۳.۵","۱۴۹,۰۰۰","","کیت نظافت خودرو نورامکس کد CWP026 حجم 750 میلی لیتر بسته 13 عددی","[object Object]","ارسال سریع دیجی‌کالا","","","۲,۴۱۵,۰۰۰","","پنکه خودرو مدل CIC932","ارسال ۳ ساعته فروشنده","","","۳,۵۰۰,۰۰۰","[object Object]","","","","","","۲۰٪","۴۷۵,۰۰۰","۲۵٪","۳,۲۲۰,۰۰۰"
"","مبدل برق خودرو باس مدل BS123 TYN254-2 با ظرفیت 2000 وات، تبدیل جریان DC به AC، خروجی 220 ولت و 50 هرتز، دارای حفاظت چهارگانه، خنک‌کننده اتوماتیک، کلید قطع اضطراری و بدنه آلومینیومی سبک و مستحکم","ارسال سریع دیجی‌کالا","۴.۵","۸,۴۰۹,۰۰۰","","کیسه زباله خودرو الیاف مصنوعی مدل CRD0012 دارای 4 محفظه و 3 جیب جانبی، حجم مناسب و جادار، تخلیه آسان، مناسب نصب داخل اتاق خودرو","[object Object]","موجود در انبار دیجی کالا","۴.۳","[object Object]","۱۲۱,۰۵۰","","کارواش معمولی فورد مدل 120 BAR با توان موتور 1500 وات، فشار آب 120 بار، دبی 7.5 لیتر بر دقیقه، شلنگ 5 متری، موتور ذغالی، تفنگ آب پاش ارگونومیک، مخزن مایع شوینده و لانس توربو قابل تنظیم","موجود در انبار دیجی کالا","۴.۴","۲۲,۹۸۹,۰۰۰","","بوق خودرو دیسکی مدل AKE 146 مناسب برای پراید","[object Object]","ارسال سریع دیجی‌کالا","۴.۱","[object Object]","۳۲۶,۳۳۰","","توری کاپوت خودرو کشسان مدل insho مناسب برای تمام خودروها با جنس کناف و ابعاد 30 در 20 در 10 سانتی‌متر","","۳.۱","[object Object]","۸۵۰,۰۰۰","[object Object]","[object Object]","[object Object]","موجود در انبار دیجی کالا","","[object Object]","۲۳٪","۳۰,۰۰۸,۰۰۰","",""
"","برچسب چراغ خودرو طرح سنگ مهدیار، بسته دو عددی، مقاوم در برابر آب و شستشو، همراه با سلفون، نصب آسان، مناسب چراغ عقب و جلو","موجود در انبار دیجی کالا","۳.۸","۱۴۵,۰۰۰","","دزدگیر خودرو استیلاک مدل ST109","[object Object]","موجود در انبار دیجی کالا","۴.۸","[object Object]","۳,۸۵۰,۰۰۰","","کمربند نظم دهنده صندوق عقب خودرو اسپورت مدل چسبی کش دار با 4 محفظه، نصب آسان، سبک و کم‌حجم، مناسب انواع خودرو داخلی و خارجی و صرفه‌جویی در فضای صندوق عقب، کد K100","","۴.۱","۱۰۳,۰۰۰","","شامپو و واکس بدنه خودرو فونیکس مدل 2in1 حجم 500 میلی‌لیتر با فرمولاسیون ویژه، تمیزکننده قوی، براق‌کننده و محافظ رنگ در برابر آلودگی و عوامل محیطی","[object Object]","موجود در انبار دیجی کالا","۴.۵","[object Object]","۱۹۰,۶۴۰","","عروسک روداشبوردی خودرو مدل گربه خوابیده","ارسال ۳ ساعته فروشنده","۴.۵","[object Object]","۸۸,۰۰۰","[object Object]","[object Object]","[object Object]","موجود در انبار دیجی کالا","","","","","",""
"","جاسوئیچی فلزی خودرو مدل پژو با ابعاد 3×10 سانتی‌متر و وزن 50 گرم","موجود در انبار دیجی کالا","۳.۶","۱۵۰,۰۰۰","","مایع تمیز کننده شیشه خودرو تیزرو صنعت مدل فصل گرم حجم 3 لیتر","[object Object]","ارسال سریع دیجی‌کالا","۴.۴","[object Object]","۱۲۱,۳۰۰","","کیت مکش هوا خودرو آلیاژ استیل 304 مدل bf235 مناسب انواع خودروهای ایرانی و خارجی، مقاوم در برابر حرارت، افزایش قدرت موتور و جلوگیری از ورود هوای گرم به موتور","موجود در انبار دیجی کالا","۳.۶","۶۵۰,۰۰۰","","اسپری تمیز کننده و براق کننده لاستیک اس تی پی مدل Tire Shine حجم 650 میلی لیتر با خاصیت محافظت‌کنندگی و قابلیت استفاده روی قسمت‌های پلاستیکی خودرو","[object Object]","موجود در انبار دیجی کالا","۴.۳","[object Object]","۲۰۳,۷۰۰","","آفتابگیر شیشه خودرو مدل عینکی با طراحی تاشو، دفع 95 درصد اشعه UV، نصب آسان، مناسب برای شیشه جلو و عقب، کاهش دمای داخلی و محافظت از داشبورد و قطعات پلاستیکی و چرمی","","۳.۹","[object Object]","۲۱۷,۰۰۰","[object Object]","[object Object]","[object Object]","موجود در انبار دیجی کالا","","[object Object]","۱۵٪","۱۴۲,۰۰۰","۳٪","۲۱۰,۰۰۰"
"","درجه تنظیم باد لاستیک مدل inflator طرح کاور ژله ای با اتصال به والو لاستیک، مناسب برای انواع خودروهای پژو، تویوتا، بی ام دبلیو، رنو، بنز و سایر خودروهای سواری و وانت","ارسال سریع دیجی‌کالا","۳.۹","۳۳۲,۵۰۰","","خوشبوکننده خودرو رایحه گل‌های بهاری مدل Br01 با ماندگاری سه ماه و وزن 25 گرم","[object Object]","موجود در انبار دیجی کالا","۳.۵","[object Object]","۱۳۲,۹۰۰","","روکش داشبورد نمدی بابل کارپت مناسب برای پژو 206 با استحکام بالا، مقاومت در برابر نور آفتاب، رطوبت و آب، محافظت از داشبورد خودرو و دوام طولانی‌مدت","تنها ۱ عدد در انبار باقی مانده","۴.۴","۷۹۵,۰۰۰","","کاور ریموت فلزی ام آر جی مدل A1099 با طراحی گرادیانی مقاوم در برابر ضربه و آب به‌همراه بند چرمی و قلاب فلزی مناسب پژو 207، 206، پارس و رانا","[object Object]","موجود در انبار دیجی کالا","۴.۴","[object Object]","۹۴۰,۰۰۰","","برچسب بدنه خودرو ماتریسیو مدل violent ابعاد 12 در 30 سانتی‌متر، مقاوم در برابر آب و شستشو، همراه با سلفون نصب آسان، مناسب نصب از خارج خودرو","ارسال ۳ ساعته فروشنده","۴.۳","[object Object]","۹۷,۲۰۰","[object Object]","","","","","","۵٪","۳۵۰,۰۰۰","۳۲٪","۱۹۵,۹۰۰"
"https://dkstatics-public.digikala.com/digikala-products/30a6d644531c30c546dd3216d302e791f7ac5cfa_1782454609.jpg?x-oss-process=image/resize,m_lfit,h_600,w_600/quality,q_90","برچسب بدنه خودرو سولگی طرح مار کد M475","موجود در انبار دیجی کالا","۳.۹","۲۸۶,۲۸۰","https://dkstatics-public.digikala.com/digikala-products/1824303836c914866981edbfa8097fb96cf23860_1785238879.jpg?x-oss-process=image/resize,m_lfit,h_600,w_600/quality,q_90","جای دستمال کاغذی خودرو هئوروتات مدل HT","[object Object]","موجود در انبار دیجی کالا","۳.۸","[object Object]","۳۸۰,۰۰۰","https://dkstatics-public.digikala.com/digikala-products/8b1baff676f2e6a3966573fdcdd92f4f89aa942e_1602499876.jpg?x-oss-process=image/resize,m_lfit,h_600,w_600/quality,q_90","قاب دور دنده پلاستیکی نقره‌ای براق مناسب پژو 206 مدل bar11 با ابعاد 14.3x10.8x1.5 سانتی‌متر","تنها ۲ عدد در انبار باقی مانده","۳.۵","۱۴۹,۰۰۰","https://dkstatics-public.digikala.com/digikala-products/d8643f6a53acf53def6fd817f2a202f597f79784_1707714705.jpg?x-oss-process=image/resize,m_lfit,h_600,w_600/quality,q_90","کیت نظافت خودرو نورامکس کد CWP026 حجم 750 میلی لیتر بسته 13 عددی","[object Object]","ارسال سریع دیجی‌کالا","","","۲,۴۱۵,۰۰۰","https://dkstatics-public.digikala.com/digikala-products/e0fcb7c6770cc3f783dd87b37b72cef1528bcf26_1745414548.jpg?x-oss-process=image/resize,m_lfit,h_600,w_600/quality,q_90","پنکه خودرو مدل CIC932","ارسال ۳ ساعته فروشنده","","","۳,۵۰۰,۰۰۰","[object Object]","","","","https://www.digikala.com/statics/img/svg/productCard/topBadge/SpecialSell.svg","","۲۰٪","۴۷۵,۰۰۰","۲۵٪","۳,۲۲۰,۰۰۰"
"https://dkstatics-public.digikala.com/digikala-products/a4645232dad5dd5b215289e88a246006ba51f148_1687805507.jpg?x-oss-process=image/resize,m_lfit,h_600,w_600/quality,q_90","مبدل برق خودرو باس مدل BS123 TYN254-2 با ظرفیت 2000 وات، تبدیل جریان DC به AC، خروجی 220 ولت و 50 هرتز، دارای حفاظت چهارگانه، خنک‌کننده اتوماتیک، کلید قطع اضطراری و بدنه آلومینیومی سبک و مستحکم","ارسال سریع دیجی‌کالا","۴.۵","۸,۴۰۹,۰۰۰","https://dkstatics-public.digikala.com/digikala-products/120876046.jpg?x-oss-process=image/resize,m_lfit,h_600,w_600/quality,q_90","کیسه زباله خودرو الیاف مصنوعی مدل CRD0012 دارای 4 محفظه و 3 جیب جانبی، حجم مناسب و جادار، تخلیه آسان، مناسب نصب داخل اتاق خودرو","[object Object]","موجود در انبار دیجی کالا","۴.۳","[object Object]","۱۲۱,۰۵۰","https://dkstatics-public.digikala.com/digikala-products/aa70c72c0c360d196687fe7971ba6ca8c81004b2_1640375776.jpg?x-oss-process=image/resize,m_lfit,h_600,w_600/quality,q_90","کارواش معمولی فورد مدل 120 BAR با توان موتور 1500 وات، فشار آب 120 بار، دبی 7.5 لیتر بر دقیقه، شلنگ 5 متری، موتور ذغالی، تفنگ آب پاش ارگونومیک، مخزن مایع شوینده و لانس توربو قابل تنظیم","موجود در انبار دیجی کالا","۴.۴","۲۲,۹۸۹,۰۰۰","https://dkstatics-public.digikala.com/digikala-products/e53fb2671e4a4e1b33c13a9d91398dc15b3a017d_1617609790.jpg?x-oss-process=image/resize,m_lfit,h_600,w_600/quality,q_90","بوق خودرو دیسکی مدل AKE 146 مناسب برای پراید","[object Object]","ارسال سریع دیجی‌کالا","۴.۱","[object Object]","۳۲۶,۳۳۰","https://dkstatics-public.digikala.com/digikala-products/daf2b76c34ccfe5e44c2c1c9a3a3c5d4d4db3a87_1668592565.jpg?x-oss-process=image/resize,m_lfit,h_600,w_600/quality,q_90","توری کاپوت خودرو کشسان مدل insho مناسب برای تمام خودروها با جنس کناف و ابعاد 30 در 20 در 10 سانتی‌متر","","۳.۱","[object Object]","۸۵۰,۰۰۰","[object Object]","[object Object]","[object Object]","موجود در انبار دیجی کالا","https://www.digikala.com/statics/img/svg/productCard/topBadge/SpecialSell.svg","[object Object]","۲۳٪","۳۰,۰۰۸,۰۰۰","",""
"","جا لیوانی خودرو نگهدارنده لیوان و موبایل مناسب تهویه افقی با گیره تنظیم سه اندازه، جنس ABS، ابعاد 12x10x10 سانتی‌متر، مدل CAR 012، مجهز به نوار چسب دوطرفه برای ثابت ماندن در جاده","موجود در انبار دیجی کالا","۳.۲","۶۰۰,۰۰۰","","سر اگزوز فلزی بیضی ریموس با ابعاد 200x150x80 میلی‌متر، مقاوم در برابر حرارت و مناسب نصب روی انواع منبع اگزوز خودروهای پژو، ام وی ام، برلیانس و بنز با نصب جوشی و بدون ایجاد لقی و صدا","[object Object]","موجود در انبار دیجی کالا","۴.۱","[object Object]","۹۶۵,۰۰۰","","روکش صندلی خودرو ادا روکش مدل سناتور مناسب برای ساینا و ساینا S، چرمی ضخامت 0.9 میلی‌متر، شامل 13 تکه کامل با پد طبی، پشت گردنی و جا موبایلی، طراحی متناسب با فریم صندلی و آستر و ابر مرغوب","تنها ۲ عدد در انبار باقی مانده","۴.۲","۵,۸۸۰,۰۰۰","","اسپری تمیزکننده و براق کننده لاستیک خودرو اس تی پی مدل stp3 مقاوم در برابر گرما و سرما حجم 595 میلی لیتر بسته 2 عددی","[object Object]","موجود در انبار دیجی کالا","۴.۳","[object Object]","۴۱۹,۱۷۰","","برچسب شیشه خودرو طرح فانتزی در لحظه زندگی کن مدل LZD-858 با ابعاد 60 در 5 سانتی‌متر، رنگ سفید و سلفون برای نصب آسان و بدون آسیب به سطح","ارسال ۳ ساعته فروشنده","۴.۲","[object Object]","۹۷,۶۲۰","[object Object]","[object Object]","","","","","۲۰٪","۱۲۲,۵۱۰","",""
"","مجموعه 2 عددی لیوان و جا لیوانی خودرو چیکال مدل P-485-508-RC مناسب پژو 206 و پژو 207 با نصب فابریکی، جنس پلاستیک ABS و استیل آبکاری کروم، ضد آب، مقاوم در برابر خط و خش و قابلیت استفاده به عنوان جاسیگاری","ارسال فروشنده","۳.۹","۷۲۴,۱۳۰","","برچسب بدنه خودرو طرح برگ با ابعاد 13 در 8 سانتی‌متر مناسب تزئین بدنه و افزایش زیبایی ظاهری خودرو","[object Object]","موجود در انبار دیجی کالا","۴","[object Object]","۵۶,۳۰۰","","خوشبوکننده آویز خودرو مایع مدل Ex04 حجم 10 میلی لیتر با رایحه Exotic و ماندگاری سه ماه","","۳.۸","۱۳۵,۰۰۰","","جاسوئیچی خودرو طرح واشر سر سیلندر مدل Gasket2025 از جنس آلیاژ زینک درجه یک، سبک و مقاوم مناسب برای تمام خودروها و دارای طراحی خاص چندرنگ","[object Object]","موجود در انبار دیجی کالا","۴.۷","[object Object]","۲۵۰,۰۰۰","","پشتی صندلی خودرو طبی مدل SP-M8 با ابعاد 45x35x15 سانتی‌متر، وزن 400 گرم و جنس الیاف پنبه برای بهبود وضعیت نشستن و کاهش آسیب به ستون فقرات","ارسال ۳ ساعته فروشنده","۳.۹","[object Object]","۵۲۷,۰۱۰","[object Object]","[object Object]","[object Object]","موجود در انبار دیجی کالا","","","۷٪","۱۴۵,۰۰۰","",""
"","واکس داشبورد خودرو رستاک مدل ژله‌ای حجم 150 میلی‌لیتر براق‌کننده، تمیزکننده و محافظت‌کننده در برابر اشعه UV برای داشبورد، روکش صندلی، فرمان و قسمت‌های چرمی و پلاستیکی داخل کابین","موجود در انبار دیجی کالا","۴.۵","۲۲۰,۰۰۰","","نظم دهنده صندوق عقب خودرو مدل SD با 3 محفظه، جنس الیاف مصنوعی، ابعاد 52x33x33 سانتی‌متر، قابلیت جمع‌شدن و اشغال فضای کم برای نگهداری منظم وسایل داخل خودرو","[object Object]","ارسال فروشنده","۳.۶","[object Object]","۱۹۸,۳۳۰","","بوق حلزونی خودرو دو عددی آکه مدل 143 مناسب برای پژو 405، پژو 206 و پژو پارس","","۴.۲","۹۱۰,۰۰۰","","محلول شیشه شوی خودرو کاسپین مدل Sh4L حجم 4000 میلی‌لیتر دارای فرمولاسیون پیشرفته برای استفاده در تمام فصول، حاوی مواد پاک‌کننده و الکل ضد یخ‌زدگی، بدون رسوب و بدون آسیب به قطعات سیستم شیشه‌شوی","[object Object]","موجود در انبار دیجی کالا","۴.۴","[object Object]","۴۴۹,۰۰۰","","کفپوش سه بعدی صندوق عقب خودرو مناسب برای پراید صبا مدل TopTrunk ساخته شده از پلی‌اورتان با زیره نمدی، کاملاً فیت صندوق، بدون لغزندگی، قابل شست‌وشو و سهولت در نظافت","ارسال ۳ ساعته فروشنده","۴.۳","[object Object]","۷۵۸,۸۳۰","[object Object]","","[object Object]","ارسال فروشنده","","","۱۷٪","۹۱۴,۲۵۰","",""
"https://dkstatics-public.digikala.com/digikala-products/ce0e3dbe0a09e92746b35e7af4ddebfefbdb4ef1_1704202922.jpg?x-oss-process=image/resize,m_lfit,h_600,w_600/quality,q_90","پولیش و واکس رنگی مشکی بدنه خودرو سوناکس مدل PolhClor حجم 500ml با فناوری نانو، پرکننده خط و خش عمیق، محافظت در برابر خوردگی و عوامل محیطی، براق‌کننده و تمیزکننده همزمان","ارسال سریع دیجی‌کالا","۴","۳,۶۰۰,۰۰۰","https://dkstatics-public.digikala.com/digikala-products/4340135.jpg?x-oss-process=image/resize,m_lfit,h_600,w_600/quality,q_90","ست کامل قلم خشگیر بدنه خودرو ایران خودرو مدل 29020T با رنگ سفید، بر پایه رزین اکریلیک هوا خشک، مقاوم در برابر اشعه UV و عوامل جوی، ضد بنزین و گازوئیل، قابلیت پوشش و چسبندگی بالا، خشک شدن سریع و شفافیت دائم","[object Object]","موجود در انبار دیجی کالا","۴","[object Object]","۳۹۵,۰۰۰","https://dkstatics-public.digikala.com/digikala-products/eccdfeaee7ab4a0b90d23411b6406bf42e3ba23e_1691327212.jpg?x-oss-process=image/resize,m_lfit,h_600,w_600/quality,q_90","نگهدارنده درب باک خودرو وارون مدل K-413 مناسب پژو 207، جلوگیری از گم شدن و آلوده شدن درب باک، نصب آسان و کاربردی","","۳.۶","۱۷۵,۵۴۰","https://dkstatics-public.digikala.com/digikala-products/0f974eca5ab6cdd48887b980c4e575bfccc64625_1639219865.jpg?x-oss-process=image/resize,m_lfit,h_600,w_600/quality,q_90","زه استیل دور پنجره خودرو 200سانتی متر مدل 8800 با عرض 18 میل، چسب 2 طرفه مقاوم در برابر نور آفتاب و کارواش، نصب آسان و رنگ ثابت، مناسب برای تمام خودروها","[object Object]","موجود در انبار دیجی کالا","۳.۴","[object Object]","۳۷۸,۴۶۰","https://dkstatics-public.digikala.com/digikala-products/3498f787b3b7d1e61d106a29130c2dc0ea4a2513_1713172551.jpg?x-oss-process=image/resize,m_lfit,h_600,w_600/quality,q_90","قاب روی دستگیره درب خودرو صفا مدل استیل مناسب برای پراید بسته 4 عددی","ارسال ۳ ساعته فروشنده","۳.۵","[object Object]","۱۴۵,۰۰۰","[object Object]","","[object Object]","موجود در انبار دیجی کالا","https://www.digikala.com/statics/img/svg/productCard/topBadge/SpecialSell.svg","","۲۱٪","۵۰۰,۰۰۰","",""
"https://dkstatics-public.digikala.com/digikala-products/13b8912da39ffe4bc36c2a9fba73ae61caea4f74_1767269281.jpg?x-oss-process=image/resize,m_lfit,h_600,w_600/quality,q_90","کفپوش پنج‌بعدی خودرو چرم مصنوعی مناسب تارا با طراحی سه‌تکه، ضخامت 10 میلی‌متر، ضد آب و ضد خش، پوشش کامل کف و جیب جای موبایل و مدارک","ارسال فروشنده","۳.۴","۳,۹۰۰,۰۰۰","https://dkstatics-public.digikala.com/digikala-products/8b7b64d1f3a0266d5cb3c44a5d851d1b601619bc_1638715333.jpg?x-oss-process=image/resize,m_lfit,h_600,w_600/quality,q_90","کفپوش سه بعدی خودرو پلی‌اتیلن مدل بابل پوشش کد 01 مناسب برای پژو 206، پژو 207 و رانا با طرح چرم، انعطاف‌پذیر، نشکن و قابل شستشو، مقاوم در برابر دفرمه شدن و دارای دیواره‌های کناری ثابت","[object Object]","ارسال فروشنده","۳.۴","[object Object]","۸۸۲,۷۳۰","https://dkstatics-public.digikala.com/digikala-products/5c7a54d7893a5e766d302fc0a07c4e93a91a9ddc_1733060496.jpg?x-oss-process=image/resize,m_lfit,h_600,w_600/quality,q_90","خوشبو کننده و تصفیه کننده هوای ایستاده خودرو مدل Car Fragrance با اتصال USB، رایحه Ocean، نور لیزر طرح آسمان ستاره‌ای و قابلیت پخش اسانس با یک لمس","تنها ۲ عدد در انبار باقی مانده","۳.۸","۲,۰۹۹,۰۰۰","https://dkstatics-public.digikala.com/digikala-products/d1154e6cf2a41bb3f846b8d2375a6595d5b69810_1699362369.jpg?x-oss-process=image/resize,m_lfit,h_600,w_600/quality,q_90","چادر خودرو برزنتی ساکا مدل Prestige مناسب پژو 405 با جنس PVC و پشم شیشه، مقاوم در برابر آب، نور آفتاب و لک چربی، جلوگیری از داغ شدن داخل خودرو، محافظت از بدنه","[object Object]","موجود در انبار دیجی کالا","۴.۴","[object Object]","۳,۸۴۰,۰۰۰","https://dkstatics-public.digikala.com/digikala-products/ab08b0c7ed8ca9e794ec63d2808b60717f964db6_1610726262.jpg?x-oss-process=image/resize,m_lfit,h_600,w_600/quality,q_90","برچسب بدنه خودرو ماتریسیو مدل M22 طرح ماشالله سفید مقاوم در برابر آب و شستشو همراه با سلفون نصب آسان از خارج خودرو ابعاد 14.5 در 8 سانتی‌متر","","۴.۴","[object Object]","۵۰,۰۰۰","[object Object]","[object Object]","","تنها ۲ عدد در انبار باقی مانده","https://www.digikala.com/statics/img/svg/productCard/topBadge/SpecialSell.svg","","۴٪","۴,۰۰۰,۰۰۰","",""
"https://dkstatics-public.digikala.com/digikala-products/9972312cf5d9815c8e3f5febbade4622bdbdf92d_1621718271.jpg?x-oss-process=image/resize,m_lfit,h_600,w_600/quality,q_90","ردیاب خودرو وی فایندر مدل W500 با دقت مکان‌یابی 2 متر، سازگار با تمام اپراتورها، قابلیت نمایش آنلاین موقعیت و سرعت، مرور مسیر تا 3 سال، کنترل قفل مرکزی و خاموش کردن خودرو از راه دور، هشدار دزدگیر پیشرفته و شنود صدای داخل خودرو","موجود در انبار دیجی کالا","۴.۳","۸,۱۰۰,۰۰۰","https://dkstatics-public.digikala.com/digikala-products/fd5f848ae250b661bf64e4430e5fbd5e391f0d33_1777894553.jpg?x-oss-process=image/resize,m_lfit,h_600,w_600/quality,q_90","گل پیچ رینگ خودرو چیکال طرح روکش استیل مدل سایز 17 کد P-432 بسته 4 عددی","[object Object]","ارسال سریع دیجی‌کالا","۴.۳","[object Object]","۱۸۴,۵۶۰","https://dkstatics-public.digikala.com/digikala-products/04ca4ecc0ff293d563fe394e78fd7ee3bc95cd25_1640433264.jpg?x-oss-process=image/resize,m_lfit,h_600,w_600/quality,q_90","کاور لنت ترمز برمبو مدل AK-1 مناسب برای خودروهای با رینگ اسپرت و ترمز دیسکی، مقاوم در برابر حرارت، دارای رنگ کوره‌ای با دوام و قابل نصب روی کالیپر و لنت ترمز، مناسب تمام خودروها به جز پراید و تیبا","تنها ۲ عدد در انبار باقی مانده","۳.۲","۳۷۸,۰۰۰","https://dkstatics-public.digikala.com/digikala-products/4fd031963e6927f7d3674a28f267464d67056e19_1666783824.jpg?x-oss-process=image/resize,m_lfit,h_600,w_600/quality,q_90","کفپوش سه بعدی صندوق عقب خودرو پلی‌اورتان مدل MH-TR مناسب برای کوییک با قالبگیری دقیق، فیت کامل صندوق، زیره نمدی ضد لغزش و قابلیت شست‌وشوی آسان","[object Object]","موجود در انبار دیجی کالا","۴.۳","[object Object]","۷۳۱,۷۳۰","https://dkstatics-public.digikala.com/digikala-products/2b575afda6978e94ae7cde01e01be60f5ef66206_1688201283.jpg?x-oss-process=image/resize,m_lfit,h_600,w_600/quality,q_90","کفپوش سه بعدی خودرو مناسب تیبا 2 مدل A-h با طراحی سه تکه، جنس چرم و نمد، دوردوزی شده، ضد لغزش و با دوام","","۴","[object Object]","۱,۲۲۱,۸۱۰","[object Object]","[object Object]","[object Object]","ارسال فروشنده","https://www.digikala.com/statics/img/svg/productCard/topBadge/SpecialSell.svg","","۱۴٪","۸۵۱,۶۳۰","",""
"https://dkstatics-public.digikala.com/digikala-products/877c9a176845138fb61b1b17902a188e66e7c930_1696086928.jpg?x-oss-process=image/resize,m_lfit,h_600,w_600/quality,q_90","برچسب بدنه خودرو طرح اسپرت مدل SP002M با ابعاد 100 در 26 سانتی متر، رنگ مشکی مقاوم در برابر شست‌وشو، ضدآب و ضد حرارت، همراه با سلفون نصب آسان","موجود در انبار دیجی کالا","۴","۱۷۰,۰۰۰","https://dkstatics-public.digikala.com/digikala-products/5b1d3322ba40b447393550168657d5fb845506d4_1672655345.jpg?x-oss-process=image/resize,m_lfit,h_600,w_600/quality,q_90","کفپوش سه‌بعدی خودرو پانیذ مدل MHLB N مناسب پراید صبا با جنس پلی‌اورتان و پشت نمد صنعتی، مقاوم در برابر مایعات و تغییر شکل، طراحی قالب‌خورده و ضد لغزش، شامل 3 تکه برای کف جلو و عقب خودرو، ساخت ایران","[object Object]","ارسال فروشنده","۴.۲","[object Object]","۱,۳۸۰,۰۰۰","https://dkstatics-public.digikala.com/digikala-products/3662881.jpg?x-oss-process=image/resize,m_lfit,h_600,w_600/quality,q_90","چراغ ال وایر لبه دار تزئینی خودرو طول 200 سانتیمتر با نوردهی 360 درجه، قابلیت اتصال و برش بدون خرابی، منبع تغذیه 12 تا 24 ولت، مناسب انواع خودروهای سبک و سنگین","ارسال سریع دیجی‌کالا","۴","۲۴۰,۰۰۰","https://dkstatics-public.digikala.com/digikala-products/6f8d900e36f30857a5b8bcd625242f0b782a74de_1781420172.jpg?x-oss-process=image/resize,m_lfit,h_600,w_600/quality,q_90","دستگاه دیاگ عیب یاب خودرو مارکو مدل Smart_Wifi","[object Object]","موجود در انبار دیجی کالا","۴.۹","[object Object]","۴,۲۰۰,۰۰۰","https://dkstatics-public.digikala.com/digikala-products/51cc243a09ce7a3ed314446f852d58bdd3b6403e_1673198041.jpg?x-oss-process=image/resize,m_lfit,h_600,w_600/quality,q_90","لامپ ال ای دی دنده عقب خودرو مدل HI-TECH با نور سفید، تکنولوژی ساخت پیشرفته، افزایش طول عمر و مناسب برای تمام خودروها","","۴","[object Object]","۳۵۵,۰۰۰","[object Object]","","[object Object]","ارسال سریع دیجی‌کالا","https://www.digikala.com/statics/img/svg/productCard/topBadge/SpecialSell.svg","[object Object]","۳۱٪","۲,۰۰۰,۰۰۰","۳۷٪","۶,۷۰۰,۰۰۰"
"https://dkstatics-public.digikala.com/digikala-products/5c0c00771d24e86f1a34bcd2b82de890f4a901a4_1721741386.jpg?x-oss-process=image/resize,m_lfit,h_600,w_600/quality,q_90","شامپو بدنه خودرو نکسوس مدل N1 حجم 1 لیتر براق کننده، تمیز کننده و محافظت کننده مناسب بدنه، چراغ، رینگ، شیشه و قسمت‌های پلاستیکی و فلزی خودرو","ارسال سریع دیجی‌کالا","۴.۱","۱۹۹,۸۵۰","https://dkstatics-public.digikala.com/digikala-products/095a63a72f439008fc7f4185fe528e12bd3a6741_1760778305.jpg?x-oss-process=image/resize,m_lfit,h_600,w_600/quality,q_90","ضربه‌گیر درب خودرو پلاستیکی مدل GLOSSY بسته 4 عددی مقاوم در برابر ضربه و ضدزنگ با چسب دوطرفه مناسب برای تمام خودروها و جلوگیری از خش و آسیب در هنگام باز و بسته شدن درب","[object Object]","ارسال فروشنده","۳.۸","[object Object]","۳۶۷,۸۷۰","https://dkstatics-public.digikala.com/digikala-products/bb48d361229868e5eabb41c621439b424da1f16f_1677579107.jpg?x-oss-process=image/resize,m_lfit,h_600,w_600/quality,q_90","پنل دور دنده چراغ‌دار اسپرت مناسب پژو 405 و پژو پارس مدل WH01 با نور ال ای دی سه رنگ، ساخت ترکیب چوب 3 میل و پلکسی مقاوم، نصب آسان و طراحی مشابه خودروهای لوکس","تنها ۳ عدد در انبار باقی مانده","۳.۷","۵۱۹,۰۰۰","https://dkstatics-public.digikala.com/digikala-products/13d47501c6b60aa806e09587366126f7d6d08857_1756128867.jpg?x-oss-process=image/resize,m_lfit,h_600,w_600/quality,q_90","عایق صوتی و حرارتی درب خودرو مدل dp-28 مناسب پراید با فوم صادراتی، چسب ضد آب سلفونی، صداگیری قوی، جلوگیری از گرد و غبار، نصب آسان و قابل شست‌وشو","[object Object]","موجود در انبار دیجی کالا","۳.۶","[object Object]","۴۹۹,۰۰۰","https://dkstatics-public.digikala.com/digikala-products/1827874.jpg?x-oss-process=image/resize,m_lfit,h_600,w_600/quality,q_90","کمپرسور هوای فندکی KPA مدل 2069","ارسال ۳ ساعته فروشنده","۲.۴","[object Object]","۱,۴۸۰,۰۰۰","[object Object]","[object Object]","","","https://www.digikala.com/statics/img/svg/productCard/topBadge/SpecialSell.svg","","۹٪","۲۲۰,۰۰۰","",""
"https://dkstatics-public.digikala.com/digikala-products/0231733f3fc3a8b1465f21c7bd8b24c8a44d4b36_1698739598.jpg?x-oss-process=image/resize,m_lfit,h_600,w_600/quality,q_90","آینه وسط خودرو مدل استیل فلزی استیل نصب فابریک روی شیشه مناسب پژو 405، پژو پارس، وانت پیکان، پیکان، پراید و نیسان زامیاد با طراحی ایتالیایی و افزایش زیبایی کابین و نمای بیرونی خودرو","موجود در انبار دیجی کالا","۴.۵","۱,۴۹۰,۰۰۰","https://dkstatics-public.digikala.com/digikala-products/d550570e591f80eba48f3258728025ca3487eed7_1749494383.jpg?x-oss-process=image/resize,m_lfit,h_600,w_600/quality,q_90","ضربه‌گیر لاستیکی آرام‌بند درب خودرو مدل BLK بسته 4 عددی با چسب 2 طرفه نصب آسان برای کاهش صدای کوبیده شدن و محافظت از زبانه قفل درب مناسب برای تمام خودروها و نصب در 4 درب خودرو","[object Object]","موجود در انبار دیجی کالا","۳.۱","[object Object]","۲۶۵,۰۰۰","https://dkstatics-public.digikala.com/digikala-products/75925d1a95820c11ff8d4765da84a8bb24c6ebe6_1700674632.jpg?x-oss-process=image/resize,m_lfit,h_600,w_600/quality,q_90","روکش دنده فانتزی هودی از پارچه دورس سه نخ مناسب برای تمام خودروها مدل blck با ابعاد 13x15x5 سانتی‌متر","موجود در انبار دیجی کالا","۴.۴","۱۰۹,۰۰۰","https://dkstatics-public.digikala.com/digikala-products/b007b3035daceda27b004ac3a529b097ce0276dc_1726145130.jpg?x-oss-process=image/resize,m_lfit,h_600,w_600/quality,q_90","خوشبوکننده خودرو خورشیدی مدل هلیکوپتر کد KTP030 با رایحه Ocean، ماندگاری سه ماه، قابلیت شارژ با انرژی خورشید و چرخش پره‌ها بدون نیاز به باتری و شارژ، مناسب استفاده روی سطوح صاف داخل خودرو","[object Object]","ارسال سریع دیجی‌کالا","۴.۱","[object Object]","۵۶۵,۶۰۰","https://dkstatics-public.digikala.com/digikala-products/332648cd04e3935c86bb81056cc927cb0599a243_1676837913.jpg?x-oss-process=image/resize,m_lfit,h_600,w_600/quality,q_90","اسپری براق کننده و جرم گیر بدنه خودرو یاتاش کد 46 حجم 500 میلی لیتر","","۴","[object Object]","۲۵۸,۷۹۰","[object Object]","","[object Object]","ارسال سریع دیجی‌کالا","https://www.digikala.com/statics/img/svg/productCard/topBadge/SpecialSell.svg","[object Object]","۱۶٪","۱۳۰,۰۰۰","۲۱٪","۳۲۸,۰۰۰"
"https://dkstatics-public.digikala.com/digikala-products/903a00f300b1782dbff9643e90ea7c1c044b76c7_1684940947.jpg?x-oss-process=image/resize,m_lfit,h_600,w_600/quality,q_90","آفتاب گیر شیشه خودرو لنزووو مدل LL904 مناسب برای رنو L90 مجموعه 4 عددی","موجود در انبار دیجی کالا","۴","۴۶۰,۰۰۰","https://dkstatics-public.digikala.com/digikala-products/d73d584abb575afbd3636677d2619906cf211c11_1783694613.jpg?x-oss-process=image/resize,m_lfit,h_600,w_600/quality,q_90","چادر خودرو ام جی مکث مدل پنبه ای سایز (L) مناسب برای کوییک R","[object Object]","موجود در انبار دیجی کالا","۴","[object Object]","۳,۰۰۰,۰۰۰","https://dkstatics-public.digikala.com/digikala-products/1df51657f5eb58d916dc9f604d6be9428dea235f_1696749792.jpg?x-oss-process=image/resize,m_lfit,h_600,w_600/quality,q_90","دزدگیر خودرو استیل میت مدل EBAT 8181 single","","۳.۹","۱۰,۷۰۰,۰۰۰","https://dkstatics-public.digikala.com/digikala-products/f8795f4224c26ea835fb8b1250c32e6be6364c7a_1594151617.jpg?x-oss-process=image/resize,m_lfit,h_600,w_600/quality,q_90","اسپری نانو شیشه شوی خودرو سی واکس مدل cw-g500nano حجم 500 میلی‌لیتر با فرمولاسیون آلمانی، براق کننده و آبگریز، خاصیت آنتی استاتیک، جلوگیری از جذب آلودگی و افزایش شفافیت و مقاومت شیشه","[object Object]","موجود در انبار دیجی کالا","","","۲۰۲,۵۰۰","https://dkstatics-public.digikala.com/digikala-products/136305d7b19871fcacda6ead6146331cb60782fa_1647458101.jpg?x-oss-process=image/resize,m_lfit,h_600,w_600/quality,q_90","جرم‌گیر و براق‌کننده بدنه خودرو یاتاش مدل 51 حجم 500ml با فرمول جدید، حذف‌کننده لکه‌ها و آلودگی‌های قدیمی، محافظت‌کننده و پولیش بدون آسیب به رنگ بدنه","ارسال ۳ ساعته فروشنده","","","۲۴۵,۰۰۰","[object Object]","","[object Object]","موجود در انبار دیجی کالا","https://www.digikala.com/statics/img/svg/productCard/topBadge/SpecialSell.svg","","۱۰٪","۲۲۵,۰۰۰","۲۵٪","۳۲۸,۰۰۰"
"","آفتابگیر شیشه جلو خودرو مدل FRW از جنس پارچه شمعی با ابعاد 150x70 سانتی‌متر، قابلیت تاشوندگی، اشغال فضای کم و همراه با کاور نگهدارنده مناسب تمام مدل‌های خودرو و نصب در جلو، عقب و داشبورد خودرو","موجود در انبار دیجی کالا","۴.۱","۱۷۴,۰۰۰","","جک گازی کاپوت خودرو ساما وایپر بلید مدل 27 مناسب برای پژو 207 با نصب آسان و بدون نیاز به سوراخکاری و همراه با پیچ سر گرد و اتصال نصب شده","[object Object]","موجود در انبار دیجی کالا","۳.۶","[object Object]","۱,۲۲۲,۰۰۰","","گیره اویز کت دستگیره سقف خودرو چیکال مدل K-15 مناسب برای پراید بسته 4 عددی","ارسال فروشنده","۳.۷","۵۲,۹۷۰","","قاب ستون بیرونی خودرو پهلوان مدل پیانویی کد TCP1 مناسب برای تارا بسته چهار عددی","[object Object]","ارسال سریع دیجی‌کالا","۴.۷","[object Object]","۶۵۰,۰۰۰","","قاب ریموت پلاستیکی مقاوم مدل P-555 مناسب برای پژو 206 و پژو 206 صندوق‌دار با ابعاد 6x5x4 سانتی‌متر و وزن 40 گرم","","۳.۵","[object Object]","۸۶,۰۰۰","[object Object]","","[object Object]","موجود در انبار دیجی کالا","","[object Object]","۶٪","۱,۳۰۰,۰۰۰","",""
"","کاور محافظ باتری خودرو مدل L3 مناسب باتری سایز L3 با آمپراژ 66 تا 75 آمپر، جنس نمد دو لایه طوسی، محافظت در برابر سرما و گرما، نصب چسبی و سریع، قابلیت شستشو و سازگار با انواع سر باتری ترمینال‌دار، ملتی‌پلکس و منفی پیچی","ارسال سریع دیجی‌کالا","۴.۶","۶۹۷,۵۰۰","","قفل پدال آهنی مدل T-14 مناسب پژو 206 و رانا، دارای روکش آهنی، همراه با سه عدد کلید","[object Object]","موجود در انبار دیجی کالا","۳.۵","[object Object]","۸۴۵,۴۳۰","","کفپوش سه‌بعدی خودرو مدل A-h مناسب برای رنو L90، رنو تندر پلاس و رنو تندر پیکاپ، جنس چرم و نمد، سه تکه، ضد آب، ضد خش، مقاوم در برابر گرما و سرما، قابلیت ضد لغزش","تنها ۳ عدد در انبار باقی مانده","۴.۲","۱,۲۲۶,۴۲۰","","کفپوش سه بعدی خودرو بابل پوشش مدل Car-s مناسب تیبا، تیبا 2، ساینا و کوییک با طراحی چرم، جنس پلی‌اتیلن، پوشش کامل کف، مقاومت در برابر آب و مایعات، جلوگیری از بوی نامطبوع و خوردگی فلز، قابل شست‌وشو و تمیزکردن آسان","[object Object]","ارسال فروشنده","۳.۳","[object Object]","۷۹۸,۴۷۰","","چادر خودرو مناسب برای تیبا 2 مدل Best از جنس برزنت پشم شیشه PVC با مقاومت در برابر آب، نور آفتاب، لک چربی، جلوگیری از داغ شدن داخل خودرو و محافظت از بدنه","","۴.۳","[object Object]","۳,۷۷۰,۰۰۰","[object Object]","[object Object]","[object Object]","ارسال سریع دیجی‌کالا","","","۱۲٪","۱,۳۹۷,۹۶۰","",""
"","کاور محافظ ریموت خودرو پژو 206 مدل عاجدار ساخته شده از پلاستیک مقاوم با ابعاد 3x3x1 سانتی‌متر و وزن 50 گرم برای جلوگیری از آسیب و افزایش طول عمر ریموت","موجود در انبار دیجی کالا","۴.۴","۹۰,۰۰۰","","لوله کیت مکش پی وی سی مخصوص پژو 405 افزایش قدرت تا 5 اسب بخار، تنفس بهتر موتور و کاهش مصرف سوخت","[object Object]","ارسال فروشنده","۴","[object Object]","۱۷۳,۰۰۰","","چادر خودرو لوکس سهیل مدل شمعی مناسب برای پژو 206","تنها ۱ عدد در انبار باقی مانده","۴.۱","۳,۰۰۰,۰۰۰","","آرم مکمل در و گلگیر جلو خودرو مدل ar-d-sil-02LOGO مناسب برای دنا پلاس بسته 4 عددی","[object Object]","موجود در انبار دیجی کالا","۵","[object Object]","۳۹۸,۰۰۰","","پنل ضبط و دریچه کولر هیدروگرافی طرح چوب مناسب برای پراید صبا","ارسال ۳ ساعته فروشنده","","","۹۸۰,۰۰۰","[object Object]","","","","","","۶٪","۱۸۵,۰۰۰","۲۸٪","۴,۱۷۰,۸۳۰"
"","کانکتور ترمینال باتری خودرو 2in1-b2 مجموعه 2 عددی با طراحی 4 طرفه، مقاومت بالا در برابر خوردگی، مناسب سیستم صوتی قوی، شامل واشر فیبر ضد خوردگی و آچار آلن، نصب آسان و اتصال محکم","موجود در انبار دیجی کالا","۴.۲","۱,۰۶۷,۴۵۰","","برچسب بدنه و شیشه خودرو مدل لچکی اسپرت، بسته دو عددی، ضد آب و آفتاب، با دوام بالا، ابعاد 5.5 در 7.5 سانتی‌متر","[object Object]","موجود در انبار دیجی کالا","۴","[object Object]","۸۸,۰۰۰","","محافظ گودی دستگیره درب خودرو پلاستیکی مدل بادی فنس کربن بسته 4 عددی مقاوم در برابر آب، نور خورشید و دما، نصب آسان و ضدخش","موجود در انبار دیجی کالا","۲.۹","۱۳۲,۰۰۰","","اسپری تمیز کننده نمد سقف خودرو مدل نانو حجم 1 لیتر","[object Object]","موجود در انبار دیجی کالا","۳.۸","[object Object]","۲۲۰,۰۰۰","","جاسوئیچی خودرو مدل رینگ اسپرت فلزی مناسب پژو 206، پژو 207، پژو 405، پژو 2008، پژو پارس، دانگ فنگ HC Cross، اپل آسترا، اپل کورسا، اپل وکترا، آر دی و اس دبلیو ام G01","","۳.۶","[object Object]","۱۷۸,۰۰۰","[object Object]","","[object Object]","موجود در انبار دیجی کالا","","[object Object]","۴٪","۱,۱۱۰,۵۵۰","۳۰٪","۱۸۷,۵۰۰"
"","چادر خودرو چهارفصل بزرگ مدل L ضدآب با لایه محافظ ضد خط‌وخش، کش دوبل جلو و عقب، جای قلاب ضدسرقت، مناسب برای شاهین، تارا، چری آریزو 5، پژو 405 و پژو پارس، مقاوم در برابر آب، گردوغبار و نور خورشید","موجود در انبار دیجی کالا","۲.۶","۲,۰۷۹,۰۰۰","","شارژر باتری خودرو فاکسسور مدل FPT-250","[object Object]","ارسال فروشنده","۴.۴","[object Object]","۱۶,۴۰۰,۰۰۰","","نوار صداگیر درب خودرو 5 لایه مناسب برای تمام خودروها، کاهش صدا و جلوگیری از ورود گرد و خاک، طول 5 متر قابل برش و نصب آسان روی لبه درب","تنها ۳ عدد در انبار باقی مانده","۳.۹","۳۰۵,۰۰۰","","دزدگیر خودرو استیلاک مدل ST119","","","۴.۵","[object Object]","۳,۸۵۰,۰۰۰","","کفپوش سه بعدی خودرو  بابل کارپت مدل لاکچری مناسب برای پژو 207","ارسال ۳ ساعته فروشنده","۴.۵","[object Object]","۳,۴۳۶,۲۰۰","[object Object]","","","تنها ۱ عدد در انبار باقی مانده","","","۱۳٪","۳,۹۶۷,۵۰۰","",""
"https://dkstatics-public.digikala.com/digikala-products/319f616767fc0c807b1499625c755791b358d3ff_1684414768.jpg?x-oss-process=image/resize,m_lfit,h_600,w_600/quality,q_90","آفتابگیر شیشه جلو خودرو مدل FRW از جنس پارچه شمعی با ابعاد 150x70 سانتی‌متر، قابلیت تاشوندگی، اشغال فضای کم و همراه با کاور نگهدارنده مناسب تمام مدل‌های خودرو و نصب در جلو، عقب و داشبورد خودرو","موجود در انبار دیجی کالا","۴.۱","۱۷۴,۰۰۰","https://dkstatics-public.digikala.com/digikala-products/274c029af3e3c83956a31caf345375523281c0c8_1693059670.jpg?x-oss-process=image/resize,m_lfit,h_600,w_600/quality,q_90","جک گازی کاپوت خودرو ساما وایپر بلید مدل 27 مناسب برای پژو 207 با نصب آسان و بدون نیاز به سوراخکاری و همراه با پیچ سر گرد و اتصال نصب شده","[object Object]","موجود در انبار دیجی کالا","۳.۶","[object Object]","۱,۲۲۲,۰۰۰","https://dkstatics-public.digikala.com/digikala-products/43a74f8e1b8aba562f59c14b8c9c1c314705efa0_1641292180.jpg?x-oss-process=image/resize,m_lfit,h_600,w_600/quality,q_90","گیره اویز کت دستگیره سقف خودرو چیکال مدل K-15 مناسب برای پراید بسته 4 عددی","ارسال فروشنده","۳.۷","۵۲,۹۷۰","https://dkstatics-public.digikala.com/digikala-products/844b59efde4299d0181f521a6e6033ff393af780_1784376000.jpg?x-oss-process=image/resize,m_lfit,h_600,w_600/quality,q_90","قاب ستون بیرونی خودرو پهلوان مدل پیانویی کد TCP1 مناسب برای تارا بسته چهار عددی","[object Object]","ارسال سریع دیجی‌کالا","۴.۷","[object Object]","۶۵۰,۰۰۰","https://dkstatics-public.digikala.com/digikala-products/278a248d33103f40dfb7f8bb017aadfce606d646_1704277839.jpg?x-oss-process=image/resize,m_lfit,h_600,w_600/quality,q_90","قاب ریموت پلاستیکی مقاوم مدل P-555 مناسب برای پژو 206 و پژو 206 صندوق‌دار با ابعاد 6x5x4 سانتی‌متر و وزن 40 گرم","","۳.۵","[object Object]","۸۶,۰۰۰","[object Object]","","[object Object]","موجود در انبار دیجی کالا","https://www.digikala.com/statics/img/svg/productCard/topBadge/SpecialSell.svg","[object Object]","۶٪","۱,۳۰۰,۰۰۰","",""
"https://dkstatics-public.digikala.com/digikala-products/d2b91141cfddb36fd1feaabc8f010932bcc6cf59_1773166893.jpg?x-oss-process=image/resize,m_lfit,h_600,w_600/quality,q_90","کاور محافظ باتری خودرو مدل L3 مناسب باتری سایز L3 با آمپراژ 66 تا 75 آمپر، جنس نمد دو لایه طوسی، محافظت در برابر سرما و گرما، نصب چسبی و سریع، قابلیت شستشو و سازگار با انواع سر باتری ترمینال‌دار، ملتی‌پلکس و منفی پیچی","ارسال سریع دیجی‌کالا","۴.۶","۶۹۷,۵۰۰","https://dkstatics-public.digikala.com/digikala-products/fcff9f096243a177e0fc93288692859d7b66cded_1609333161.jpg?x-oss-process=image/resize,m_lfit,h_600,w_600/quality,q_90","قفل پدال آهنی مدل T-14 مناسب پژو 206 و رانا، دارای روکش آهنی، همراه با سه عدد کلید","[object Object]","موجود در انبار دیجی کالا","۳.۵","[object Object]","۸۴۵,۴۳۰","https://dkstatics-public.digikala.com/digikala-products/a49bdee9bb9f527a217080805f60631cd4902503_1765623620.jpg?x-oss-process=image/resize,m_lfit,h_600,w_600/quality,q_90","کفپوش سه‌بعدی خودرو مدل A-h مناسب برای رنو L90، رنو تندر پلاس و رنو تندر پیکاپ، جنس چرم و نمد، سه تکه، ضد آب، ضد خش، مقاوم در برابر گرما و سرما، قابلیت ضد لغزش","تنها ۳ عدد در انبار باقی مانده","۴.۲","۱,۲۲۶,۴۲۰","https://dkstatics-public.digikala.com/digikala-products/33ba0b66ed99d3b6d348f98086fade36bc6e0705_1707914662.jpg?x-oss-process=image/resize,m_lfit,h_600,w_600/quality,q_90","کفپوش سه بعدی خودرو بابل پوشش مدل Car-s مناسب تیبا، تیبا 2، ساینا و کوییک با طراحی چرم، جنس پلی‌اتیلن، پوشش کامل کف، مقاومت در برابر آب و مایعات، جلوگیری از بوی نامطبوع و خوردگی فلز، قابل شست‌وشو و تمیزکردن آسان","[object Object]","ارسال فروشنده","۳.۳","[object Object]","۷۹۸,۴۷۰","https://dkstatics-public.digikala.com/digikala-products/9f4e2c7c4adeda844837d9fcc0af1c9a9f8ffe6f_1689461808.jpg?x-oss-process=image/resize,m_lfit,h_600,w_600/quality,q_90","چادر خودرو مناسب برای تیبا 2 مدل Best از جنس برزنت پشم شیشه PVC با مقاومت در برابر آب، نور آفتاب، لک چربی، جلوگیری از داغ شدن داخل خودرو و محافظت از بدنه","","۴.۳","[object Object]","۳,۷۷۰,۰۰۰","[object Object]","[object Object]","[object Object]","ارسال سریع دیجی‌کالا","https://www.digikala.com/statics/img/svg/productCard/topBadge/SpecialSell.svg","","۱۲٪","۱,۳۹۷,۹۶۰","",""
"","دندون تزیینی خودرو مدل tuning1 بسته 2 عددی مناسب برای تمام خودروها و قابل نصب آسان با چسباندن روی سطح تمیز شده","موجود در انبار دیجی کالا","۳.۴","۱۵۴,۷۳۰","","آرم ژله ای خودرو مدل skeleton با کیفیت چاپ بالا مناسب استفاده روی بدنه خودرو و لپ‌تاپ","[object Object]","موجود در انبار دیجی کالا","۴.۳","[object Object]","۷۰,۰۰۰","","فنر برگرداننده پدال کلاچ تفتان پارت کد 0209072 مناسب برای پژو 206","موجود در انبار دیجی کالا","۴.۳","۲۰۰,۰۰۰","","کفپوش سه بعدی صندوق خودرو پانیذ مدل MH مناسب پژو 207 هاچ بک، پلی اورتان با پشت نمدی، ضد لغزش، مقاوم در برابر پوسیدگی، قابل شست‌وشو و سهولت در نظافت","[object Object]","موجود در انبار دیجی کالا","۴.۲","[object Object]","۷۹۲,۰۰۰","","ابرویی چراغ جلو خودرو مدل pen131 مناسب برای پراید 131 بسته دو عددی","","۴.۳","[object Object]","۳۱۵,۰۰۰","[object Object]","","[object Object]","ارسال فروشنده","","[object Object]","۲۸٪","۱,۱۰۰,۰۰۰","",""
"","کفپوش پنج بعدی خودرو پانیذ مدل EVA مناسب برای جک جی 4","موجود در انبار دیجی کالا","۴.۱","۳,۹۷۶,۰۰۰","","تزئینات داشبورد خودرو طرح بیمکس مدل شب نما با جنس پلاستیک و زیرکار چسب دوطرفه مناسب برای تمام خودروهای بنزینی و قابلیت نصب آسان و تمیزکاری با دستمال مرطوب","[object Object]","ارسال سریع دیجی‌کالا","۴.۱","[object Object]","۱۴۴,۰۰۰","","اسپری تمیزکننده انژکتور، کاربراتور و دریچه گاز خودرو رستور مدل 01 حجم 450 میلی‌لیتر","تنها ۱ عدد در انبار باقی مانده","۴.۳","۲۴۶,۰۰۰","","کارواش خانگی هیوندای مدل HP1526-PW با موتور 1500 وات، فشار آب 120 بار، دبی آب 6.6 لیتر در دقیقه، شلنگ 5 متر، استاندارد IPX5، مخزن مواد شوینده و سه عدد لنس قابل تنظیم فشار","[object Object]","ارسال سریع دیجی‌کالا","۴.۳","[object Object]","۱۷,۲۷۰,۰۰۰","","خار فیکس کننده موکت خودرو چیکال مدل P-79 مناسب پژو 206، پژو 207 و پژو 206 صندوق دار بسته 20 عددی","ارسال ۳ ساعته فروشنده","۴.۱","[object Object]","۹۷,۶۲۰","[object Object]","","","","","","۲۹٪","۵,۶۰۰,۰۰۰","",""
"","قلم خشگیر خودرو هیدروسان مدل 29020c حجم 15 میلی‌لیتر مناسب برای پژو 206، 207، پارس، سمند، سورن و دنا با دو سر سوزنی و قلم مویی مقاوم در برابر کارواش، شوینده و نور خورشید","ارسال سریع دیجی‌کالا","۴","۳۳۰,۰۰۰","","گیره نگهدارنده عینک خودرو مدل Snap بسته 2 عددی","[object Object]","ارسال فروشنده","۳.۸","[object Object]","۲۷۸,۰۰۰","","آویز تزئینی خودرو طرح خرس مستربین مدل تدی","","۴","۲۷۹,۰۰۰","","چادر خودرو پنبه‌ای مناسب برای دنا پلاس مدل FABRIC با قابلیت ضد اشعه مضر خورشید، تهویه هوا برای جلوگیری از عرق کردن و چسبندگی، مقاوم در برابر ساییدگی و قابل شستشو","[object Object]","موجود در انبار دیجی کالا","","","۲,۵۷۵,۰۰۰","","روکش فرمان مدل انگشتی سوزنی","ارسال ۳ ساعته فروشنده","","","۳۶۰,۰۰۰","[object Object]","[object Object]","[object Object]","موجود در انبار دیجی کالا","","","","","",""
"https://dkstatics-public.digikala.com/digikala-products/2a9d68e2fc25d6cc3f88746e0c19660a19b1e1c4_1683024478.jpg?x-oss-process=image/resize,m_lfit,h_600,w_600/quality,q_90","سر باطری خودرو اهرمی کد RE01 مناسب برای تمام خودروها و نصب آسان","موجود در انبار دیجی کالا","۴","۳۸۲,۰۰۰","https://dkstatics-public.digikala.com/digikala-products/1e7c2a4b596c91aa6cb5954f78086b282ebe8ef2_1755234932.jpg?x-oss-process=image/resize,m_lfit,h_600,w_600/quality,q_90","برچسب تزئینی بدنه خودرو مدل اسپورت طرح لانه زنبوری بسته 2 عددی، جنس پلاستیک، مقاوم در برابر آب، نور خورشید و دما، ابعاد هر برچسب 28.5x38.5 سانتیمتر","[object Object]","موجود در انبار دیجی کالا","۳.۷","[object Object]","۲۱۵,۱۵۰","https://dkstatics-public.digikala.com/digikala-products/02605f75db7f520282118000f48c370f9e92272f_1594645315.jpg?x-oss-process=image/resize,m_lfit,h_600,w_600/quality,q_90","ناخنی دریچه کولر پژو 206 مدل PartPro28-RC پلاستیکی با آبکاری کروم براق، مقاوم در برابر تغییر دما و قابلیت شست‌وشو، بسته 4 عددی، نصب آسان","تنها ۱ عدد در انبار باقی مانده","۳.۷","۱۸۷,۷۷۰","https://dkstatics-public.digikala.com/digikala-products/f4c0b1e9cbbf0d3933c2bffd941266d2c7e11792_1771862249.jpg?x-oss-process=image/resize,m_lfit,h_600,w_600/quality,q_90","آویز تزئینی خودرو طرح ابر شبتاب با جنس پلاستیک، طول زنجیر 40 سانتی‌متر، بند نخ ضخیم مقاوم و پلاک 4.5 سانتی‌متری نشکن و قابل شستشو مناسب آینه خودرو","[object Object]","موجود در انبار دیجی کالا","۴.۶","[object Object]","۲۳۷,۶۵۰","https://dkstatics-public.digikala.com/digikala-products/05e100ffb5952c7d601bfdbbf678d4881ca4f0f7_1637012261.jpg?x-oss-process=image/resize,m_lfit,h_600,w_600/quality,q_90","کارواش بوش مدل Aquatak 120","","۴.۵","[object Object]","۲۸,۹۰۰,۰۰۰","[object Object]","","","تنها ۱ عدد در انبار باقی مانده","https://www.digikala.com/statics/img/svg/productCard/topBadge/SpecialSell.svg","","۲٪","۳۹۰,۰۰۰","۳٪","۲۴۵,۰۰۰"
"https://dkstatics-public.digikala.com/digikala-products/6c9f7b8d513b8815b04a29ca506c08f63f811179_1749770199.jpg?x-oss-process=image/resize,m_lfit,h_600,w_600/quality,q_90","قیف روغن ساکشن مدل Funnel-430 طول 30 سانتی‌متر با لوله قابل انعطاف و سبک ویژه تجهیزات تعمیرگاهی","ارسال سریع دیجی‌کالا","۴.۳","۱۴۰,۰۰۰","https://dkstatics-public.digikala.com/digikala-products/fcde4d2a7eb92952edf1dc430f7dd7b7b749cad7_1758311121.jpg?x-oss-process=image/resize,m_lfit,h_600,w_600/quality,q_90","محلول سرامیک رفع آفتاب سوختگی خودرو ام موتورز مدل Liquid Glass G7 حجم 85 میلی‌لیتر با پوشش شیشه‌ای براق، ضد آب و مقاوم در برابر نور خورشید، مناسب بدنه و چراغ، قابلیت ترمیم و استفاده مجدد، مقاومت در برابر گرما و سرما و افزایش درخشندگی","[object Object]","موجود در انبار دیجی کالا","۳.۴","[object Object]","۹۲۰,۰۰۰","https://dkstatics-public.digikala.com/digikala-products/0b5620484bcc58ed7259e6851093eab594234589_1639225059.jpg?x-oss-process=image/resize,m_lfit,h_600,w_600/quality,q_90","کفپوش سه بعدی صندوق عقب خودرو پلی اورتان مدل M-Tr مناسب برای پژو پارس با قابلیت شست‌وشو، ضد لغزش و فیت کامل صندوق عقب با زیره نمدی برای جلوگیری از حرکت و سهولت در نظافت","تنها ۳ عدد در انبار باقی مانده","۴.۲","۷۲۰,۰۰۰","https://dkstatics-public.digikala.com/digikala-products/5dd989bef59df7dc32a762e72a5780a783a0d191_1754494902.jpg?x-oss-process=image/resize,m_lfit,h_600,w_600/quality,q_90","آویز تزئینی خودرو طرح شخصیت مدل بیمکس با جنس پلاستیک و طول زنجیر 14 سانتی‌متر و ابعاد 5x5x4 سانتی‌متر مناسب آینه خودرو","[object Object]","ارسال فروشنده","۴.۴","[object Object]","۱۱۵,۰۰۰","https://dkstatics-public.digikala.com/digikala-products/812bde7b3fbc4652a212c12632218728c12f57a4_1644764030.jpg?x-oss-process=image/resize,m_lfit,h_600,w_600/quality,q_90","دستمال میکروفایبر نظافت خودرو مدل 03 با ابعاد 30 در 30 سانتی‌متر، جنس مخمل، جذب فوق‌العاده رطوبت، خشک شدن سریع و مناسب برای بدنه، چراغ، شیشه و روکش صندلی خودرو","ارسال ۳ ساعته فروشنده","۴.۱","[object Object]","۱۳۸,۷۲۰","[object Object]","[object Object]","","","https://www.digikala.com/statics/img/svg/productCard/topBadge/SpecialSell.svg","","۳۰٪","۲۰۰,۰۰۰","۲۳٪","۱,۲۰۰,۰۰۰"
"https://dkstatics-public.digikala.com/digikala-products/d8f2a6179d1904f14731bec183b7f7ac5f330aa5_1766907228.jpg?x-oss-process=image/resize,m_lfit,h_600,w_600/quality,q_90","فرچه تمیزکننده داخل خودرو ام آر جی مدل brush3 بسته 3 عددی با الیاف نرم و درب محافظ مناسب نظافت دقیق داشبورد، دریچه کولر و قسمت‌های پلاستیکی بدون ایجاد خط و خش","موجود در انبار دیجی کالا","۴","۲۷۰,۶۵۰","https://dkstatics-public.digikala.com/digikala-products/294d70d63c1d7131af5846e9cebfda96f3ad100d_1688640882.jpg?x-oss-process=image/resize,m_lfit,h_600,w_600/quality,q_90","کفپوش سه بعدی خودرو مناسب پراید صبا مدل A-h ساخته شده از چرم و نمد با طراحی دور دوزی شده، ضد لغزش، مقاوم و قابل شستشو شامل سه تکه کفپوش راننده، شاگرد و کابین عقب","[object Object]","موجود در انبار دیجی کالا","۴","[object Object]","۱,۲۱۷,۸۸۰","https://dkstatics-public.digikala.com/digikala-products/06b31dc285fbce8ed1757458381eaa39c4d71c81_1752350486.jpg?x-oss-process=image/resize,m_lfit,h_600,w_600/quality,q_90","قاب تیرک عمودی درب  جلو چپ مدل 002 مناسب برای پژو 405 و پارس","تنها ۱ عدد در انبار باقی مانده","۴.۹","۲۴۸,۰۰۰","https://dkstatics-public.digikala.com/digikala-products/2db506cffc739dd8604953ed417f3c90d9f39c9b_1746880402.jpg?x-oss-process=image/resize,m_lfit,h_600,w_600/quality,q_90","اسپری موتور شوی نانو واش مدل e8 حجم 500 میلی‌لیتر با فرمولاسیون نانو برای تمیز کردن چربی‌ها و آلودگی‌های سخت موتور خودرو، مقاوم در برابر گرما و مناسب برای انژکتور، دریچه گاز و رادیاتور","[object Object]","موجود در انبار دیجی کالا","۴","[object Object]","۱۹۸,۰۰۰","https://dkstatics-public.digikala.com/digikala-products/48257305c25bcf9c8f968598ddf561931151ff8f_1775638860.jpg?x-oss-process=image/resize,m_lfit,h_600,w_600/quality,q_90","آویز تزئینی خودرو مدل قند شب تاب طرح تو قند منی پلاستیکی دستساز با خمیر پلیمری نشکن و ضد آب، طول زنجیر 15 سانتی‌متر و ابعاد 7 در 4 در 2 سانتی‌متر","ارسال ۳ ساعته فروشنده","۴.۹","[object Object]","۲۹۹,۰۰۰","[object Object]","[object Object]","","","https://www.digikala.com/statics/img/svg/productCard/topBadge/SpecialSell.svg","","۲۱٪","۲۵۰,۰۰۰","",""
"https://dkstatics-public.digikala.com/digikala-products/10d9983a87383472f85422138752c9fe1fe0bcd5_1735636739.jpg?x-oss-process=image/resize,m_lfit,h_600,w_600/quality,q_90","پنل بخاری گاندو طرح اسپرت مناسب برای پراید","ارسال فروشنده","۳.۹","۳۴۰,۰۰۰","https://dkstatics-public.digikala.com/digikala-products/e39f6553bbf181304cd2c7fb2bbbcd7c40288702_1784109074.jpg?x-oss-process=image/resize,m_lfit,h_600,w_600/quality,q_90","جارو شارژی خودرو رومئو مدل RM-1030","[object Object]","موجود در انبار دیجی کالا","۵","[object Object]","۶,۴۷۰,۰۰۰","https://dkstatics-public.digikala.com/digikala-products/12e341bcc2ccdc82460c12ef1209f27d3213e903_1764438607.jpg?x-oss-process=image/resize,m_lfit,h_600,w_600/quality,q_90","قاب درب باک پلاستیکی طرح استیل مناسب برای پراید مدل ST نصب آسان روی درب عقب سمت چپ خودرو","تنها ۳ عدد در انبار باقی مانده","۳.۸","۷۵,۰۰۰","https://dkstatics-public.digikala.com/digikala-products/dbca3fad6033f693a9943117626466e6be86104b_1657695723.jpg?x-oss-process=image/resize,m_lfit,h_600,w_600/quality,q_90","سردنده مدل شمشیر سامورایی کد rebl","[object Object]","موجود در انبار دیجی کالا","۳.۶","[object Object]","۲۲۸,۰۰۰","https://dkstatics-public.digikala.com/digikala-products/6d4242314be33e795b4667364ea809b46c875252_1632245062.jpg?x-oss-process=image/resize,m_lfit,h_600,w_600/quality,q_90","بوق دیسکی خودرو رادیانت مدل Disc 792 با فرکانس 335 و 400 هرتز، همراه رله، نصب آسان، صدای هارمونیک و افزایش طول عمر با آفتامات، مناسب انواع خودروهای تویوتا، سایپا و کره‌ای","","۴.۵","[object Object]","۱,۸۹۹,۰۰۰","[object Object]","","","تنها ۱ عدد در انبار باقی مانده","https://www.digikala.com/statics/img/svg/productCard/topBadge/SpecialSell.svg","","۵۰٪","۱۳,۰۰۰,۰۰۰","۷٪","۲,۰۵۰,۰۰۰"
"https://dkstatics-public.digikala.com/digikala-products/9351c6090e5720ac8269ce7129f0a586d60ade00_1662788588.jpg?x-oss-process=image/resize,m_lfit,h_600,w_600/quality,q_90","برچسب داخل موتور خودرو چیکال مدل K-23 مناسب برای پراید","موجود در انبار دیجی کالا","۳.۵","۸۰,۵۴۰","https://dkstatics-public.digikala.com/digikala-products/ecafa931d9b8d5c053718bf9bb1ac6d54a22c58c_1640376305.jpg?x-oss-process=image/resize,m_lfit,h_600,w_600/quality,q_90","برچسب رکاب خودرو طرح پژو بسته دو عددی با ابعاد 36 در 15 میلی‌متر، قابل نصب در محل دلخواه، مناسب تزئین و شخصی‌سازی خودرو","[object Object]","موجود در انبار دیجی کالا","۳.۴","[object Object]","۱۰۰,۰۰۰","https://dkstatics-public.digikala.com/digikala-products/c0957f520af24e55372787ac67a7fad6e45e716e_1715780345.jpg?x-oss-process=image/resize,m_lfit,h_600,w_600/quality,q_90","کمپرسور هوا قابل حمل شیائومی مدل Xiaomi Air Compressor 2 MJCQB06QW با باتری داخلی 2000 میلی‌آمپر، توان 150 وات، فشار قابل تنظیم تا 150 PSI، صفحه نمایش دیجیتال LED، خاموشی خودکار و 6 حالت بادکردن از پیش تعیین شده برای لاستیک خودرو، دوچرخه و توپ","","۴.۴","۶,۹۹۰,۰۰۰","https://dkstatics-public.digikala.com/digikala-products/e9c5248c3002e52ee61029324cafa50ddbc548a7_1689882888.jpg?x-oss-process=image/resize,m_lfit,h_600,w_600/quality,q_90","استیکر خودرو پویا مارکت طرح یوفو مدل 2532 با چاپ وینیل، روکش لمینت، خط برش لیزری، ضد آب، مقاوم در برابر خش، الکل و نور آفتاب","[object Object]","ارسال فروشنده","۴.۴","[object Object]","۹۵,۰۰۰","https://dkstatics-public.digikala.com/digikala-products/da40eeb0daebc2078ffc8253bf58f586cdc662cf_1627248670.jpg?x-oss-process=image/resize,m_lfit,h_600,w_600/quality,q_90","مجموعه 3 عددی برچسب بدنه خودرو ماتریسیو طرح ماشین پژو پارس مدل M94 مقاوم در برابر آب و شستشو، ابعاد 7 در 18 سانتی‌متر، نصب آسان همراه با سلفون، نصب از خارج خودرو","ارسال ۳ ساعته فروشنده","۴.۳","[object Object]","۹۴,۰۰۰","[object Object]","","[object Object]","موجود در انبار دیجی کالا","","","","","",""
"https://dkstatics-public.digikala.com/digikala-products/18762f87f648bce53089c653d1980b4b1d199f57_1754913406.jpg?x-oss-process=image/resize,m_lfit,h_600,w_600/quality,q_90","باکس زیر طاقچه صندوق عقب خودرو کالانیکس مدل BOX-206-10914 مناسب برای پژو 206","موجود در انبار دیجی کالا","۴.۳","۵۲۰,۰۰۰","https://dkstatics-public.digikala.com/digikala-products/9d45b0eb27d310ab673e5272c6d18a78f09a2114_1675082445.jpg?x-oss-process=image/resize,m_lfit,h_600,w_600/quality,q_90","سطل زباله خودرو بابل کارپت مدل TBPMC با جنس چرم مصنوعی، ابعاد 30×12.5×12.5 سانتی‌متر، دارای بند قابل تنظیم، چسب پارچه‌ای نصب آسان و زیپ تخلیه زباله","[object Object]","موجود در انبار دیجی کالا","۴.۴","[object Object]","۳۱۱,۸۱۰","https://dkstatics-public.digikala.com/digikala-products/6b74eefd9566a89d06dc9be138ddcd0405bdec35_1628003671.jpg?x-oss-process=image/resize,m_lfit,h_600,w_600/quality,q_90","لوله خرطومی سیم کشی خودرو مدل چاکدار سایز 6","موجود در انبار دیجی کالا","۴.۲","۱۶۵,۰۰۰","https://dkstatics-public.digikala.com/digikala-products/cb4e87fe46f625e3ae99be6d81c539896d89c7a4_1692776589.jpg?x-oss-process=image/resize,m_lfit,h_600,w_600/quality,q_90","کفپوش سه‌بعدی خودرو تارا لاستیک گیلان مدل چرم، سه تکه، مقاوم در برابر گرما و سرما، ضد لغزش و ضد خش، طراحی قالب‌گیری لیزری، قابلیت شستشو و ضد آب","[object Object]","موجود در انبار دیجی کالا","۴.۲","[object Object]","۲,۶۰۰,۰۰۰","https://dkstatics-public.digikala.com/digikala-products/029d0dc5b3c003db15036eb6775715dab295827c_1639396645.jpg?x-oss-process=image/resize,m_lfit,h_600,w_600/quality,q_90","آنتن چسبی خودرو مدل TYPE R مناسب تمام خودروها با ابعاد 24 در 4 سانتی‌متر و نصب آسان","","۴","[object Object]","۹۵,۰۰۰","[object Object]","[object Object]","[object Object]","ارسال فروشنده","https://www.digikala.com/statics/img/svg/productCard/topBadge/SpecialSell.svg","[object Object]","۷٪","۲,۸۰۰,۰۰۰","",""
"https://dkstatics-public.digikala.com/digikala-products/92802d0103dd92fe82dd105a4b8bac89656967b5_1781462214.jpg?x-oss-process=image/resize,m_lfit,h_600,w_600/quality,q_90","خوشبوکننده کارتی خودرو النا مدل ارکیده صورتی با رایحه Pink Orchid","ارسال فروشنده","۴","۱۷۲,۸۰۰","https://dkstatics-public.digikala.com/digikala-products/dc93d4f1dcbaed821feca3b4bfde4425a9c82c8d_1695126263.jpg?x-oss-process=image/resize,m_lfit,h_600,w_600/quality,q_90","آویز دستگیره خودرو مدل am1-R بسته 2 عددی مناسب نصب روی دستگیره سرنشینان عقب، افزایش راحتی و سهولت در استفاده، طراحی کاربردی و سازگار با انواع خودروها","[object Object]","ارسال فروشنده","۳.۹","[object Object]","۱۵۳,۰۰۰","https://dkstatics-public.digikala.com/digikala-products/ebbccad3300a4c427ed39442acbdedf261b701c2_1753298515.jpg?x-oss-process=image/resize,m_lfit,h_600,w_600/quality,q_90","برچسب بدنه خودرو مدل اسپورت RTT جنس پلاستیک مقاوم در برابر آب، نور خورشید و دما با نصب آسان","تنها ۳ عدد در انبار باقی مانده","۴","۹۸,۰۰۰","https://dkstatics-public.digikala.com/digikala-products/2278024.jpg?x-oss-process=image/resize,m_lfit,h_600,w_600/quality,q_90","جاسوئیچی فلزی خودرو مدل دنده با وزن 31 گرم","[object Object]","موجود در انبار دیجی کالا","۴","[object Object]","۱۸۰,۰۰۰","https://dkstatics-public.digikala.com/digikala-products/13592814d739d5d7f8ab88cd0343639657e69f6a_1777368663.jpg?x-oss-process=image/resize,m_lfit,h_600,w_600/quality,q_90","مجموعه کامل قاب و زه خودرو طرح اسپرت مدل 01 مناسب سایپا پراید 131، X100 و صبا، جنس پلاستیک ABS آبکاری شده، نصب آسان با چسب دوطرفه، شامل قاب آینه، درب جلو، دستگیره، ستون و سپر جلو و عقب در 20 عدد کامل","","۵","[object Object]","۴,۲۵۰,۹۶۰","[object Object]","[object Object]","[object Object]","موجود در انبار دیجی کالا","https://www.digikala.com/statics/img/svg/productCard/topBadge/SpecialSell.svg","","۲۰٪","۲۱۶,۰۰۰","",""
"","زه استیل آبگیر شیشه خودرو مدل AR مناسب برای کوییک، مجموعه 4 عددی، با روکشی کروم کوره‌ای، نصب آسان با چسب 2 طرفه، جلوه درخشان و جلوگیری از نفوذ آب به درب‌ها","موجود در انبار دیجی کالا","۳.۷","۸۹۰,۰۰۰","","چراغ تزئینی سقف خودرو هارمن مدل LASER 2 با 2 چراغ لیزری قرمز و آبی، اتصال از طریق USB، قابلیت تعویض طرح لیزری با چرخش سر چراغ، مناسب برای تمام خودروها و استفاده در شب","[object Object]","ارسال سریع دیجی‌کالا","۳.۶","[object Object]","۸۹۹,۰۰۰","","جاروشارژی چندکاره گرین لاین مدل GLV-15 با موتور DC ، توان 100 وات، مکش 15 کیلوپاسکال، باتری 6000 میلی‌آمپر با شارژ USB-C و فیلتر HEPA، مخزن 200 میلی‌لیتری، سه سرعت و نمایشگر دیجیتال","ارسال فروشنده","۴.۶","۶,۵۳۹,۷۰۰","","استیل دور دریچه کولر مناسب خودرو رنو L90 و پراید داشبورد جدید با چسب دوطرفه و کیفیت ساخت بالا بسته 4 عددی","[object Object]","ارسال سریع دیجی‌کالا","۳.۵","[object Object]","۹۵,۰۰۰","","سایه بان خودرو مدل S80%-2×2","","۴.۴","[object Object]","۶۹۰,۰۰۰","[object Object]","","[object Object]","ارسال فروشنده","","[object Object]","۲٪","۹۲۰,۰۰۰","۲۱٪","۸,۳۱۵,۳۰۰"
"","چادر خودرو ام جی مکث مدل نانو شمعی ضدآب سایز XL مناسب برای تارا","موجود در انبار دیجی کالا","۴.۵","۲,۹۵۰,۰۰۰","","پارکابی خودرو طرح استیل مناسب برای پراید مجموعه چهار عددی","[object Object]","موجود در انبار دیجی کالا","۲.۵","[object Object]","۸۳,۰۰۰","","ضربگیر و محافظ زیر دستگیره درب خودرو مدل CAR-SPORT بسته 8 عددی با طرح کربن، مناسب انواع خودروهای ایران خودرو و سایپا، جلوگیری از خش و آسیب رنگ درب و افزایش جلوه اسپرت خودرو","","۳.۴","۵۴۰,۰۰۰","","کمپرسور باد باسئوس مدل CRNL060001 بی‌سیم با فشارسنج دیجیتال و نمایشگر LCD، دارای درگاه شارژ USB نوع C، توان 250 وات، حداکثر فشار 125 PSI، فناوری دو سیلندر بدون روغن، همراه با شلنگ و سه سری نازل متنوع","[object Object]","موجود در انبار دیجی کالا","۴.۴","[object Object]","۱۳,۴۰۰,۰۰۰","","نوار نسوز اگزوز و هدرز خودرو و موتورسیکلت مدل H4 طول 5 متر","ارسال ۳ ساعته فروشنده","۴.۳","[object Object]","۶۵۹,۰۰۰","[object Object]","","[object Object]","موجود در انبار دیجی کالا","","","","","",""
"","روکش فرمان نادیاهوم مدل بونیورسال","موجود در انبار دیجی کالا","۴.۳","۱۵۸,۰۰۰","","کاور ریموت خودرو پلاستیکی مدل SPEED 02 مناسب برای پژو 206، پژو 207، رانا و رانا پلاس با ابعاد 3x2x1 سانتی‌متر و وزن 15 گرم","[object Object]","موجود در انبار دیجی کالا","۴.۳","[object Object]","۱۳۹,۵۹۰","","کارواش نیمه‌صنعتی اینتیمکث مدل 2026 با توان موتور 3880 وات، فشار آب 330 بار، دبی 6.5 لیتر بر دقیقه، موتور القایی و قابلیت مکش خودکار آب","تنها ۱ عدد در انبار باقی مانده","۴","۱۹,۹۰۰,۰۰۰","","خوشبو کننده خورشیدی خودرو مدل کهکشانی گوی دار با قابلیت شارژ مجدد اسانس، تعویض رایحه، پخش بوی قوی، نصب آسان و کارکرد با نور خورشید بدون نیاز به باتری مناسب تمام خودروها","","","۳.۲","[object Object]","۸۰۰,۰۰۰","","برچسب تزئینی چراغ سقف خودرو مناسب برای پژو 206 مدل BAR-SAGH206BLC-10956 از جنس کاغذ روکش‌دار با مقاومت در برابر آب","ارسال ۳ ساعته فروشنده","۴.۱","[object Object]","۱۳۹,۰۸۰","[object Object]","","","تنها ۳ عدد در انبار باقی مانده","","","۱۶٪","۱۸۹,۰۰۰","",""
"","قاب پلاک خودرو مدل 936 مجموعه 2 عددی از جنس ABS با پوشش 4 لایه مس، نیکل و کروم مقاوم در برابر خش، خوردگی و اشعه خورشید، نصب آسان با 2 میخ پرچ و مناسب برای انواع خودروها در سپر جلو و عقب","ارسال سریع دیجی‌کالا","۴.۲","۸۰۰,۰۰۰","","آچار درب باک و پمپ بنزین مدل TR_2، جنس درجه یک و مقاومت بسیار بالا","[object Object]","موجود در انبار دیجی کالا","۴.۲","[object Object]","۶۰۰,۰۰۰","","کارواش دینامی دلیکس مدل DL3800 با فشار 280 بار، توان موتور 3800 وات، قابلیت مکش خودکار آب، حداکثر دمای آب 50 درجه و دبی 10 لیتر در دقیقه","ارسال سریع دیجی‌کالا","۴","۱۷,۹۰۰,۰۰۰","","دستمال نظافت خودرو دولایه میکروفایبر مدل نانو بسته 2 عددی با ابعاد 40x30 سانتی‌متر، بدون پرز و لک، مناسب بدنه و شیشه، جنس پلی آمید و قابلیت شستشو برای جذب بهتر آب","[object Object]","ارسال سریع دیجی‌کالا","۴.۱","[object Object]","۱۵۴,۹۰۰","","بوق خودرو زنگی کالسکه‌ای دوهورن مدل BELL_12 با بدنه استیل، نصب آسان و مناسب برای سواری و موتور سیکلت با ولتاژ 12 ولت","","۵","[object Object]","۲,۱۰۰,۰۰۰","[object Object]","[object Object]","[object Object]","ارسال فروشنده","","[object Object]","۵۲٪","۳۷,۰۰۰,۰۰۰","۱۶٪","۲,۵۰۰,۰۰۰"
"","آفتابگیر عینکی زاگرس مدل Mo1","موجود در انبار دیجی کالا","۳.۹","۲۱۸,۹۰۰","","گیره شیشه خودرو مدل sareh-4 بسته 6 عددی مناسب برای تمام خودروها با طراحی مقاوم و نصب آسان","[object Object]","موجود در انبار دیجی کالا","۴.۲","[object Object]","۱۱۲,۵۰۰","","خوشبوکننده ایستاده خودرو آرئون مدل Ken جامد با رایحه آدامس بادکنکی، پخش بوی قوی، ماندگاری دو ماه، ساخت بلغارستان","تنها ۳ عدد در انبار باقی مانده","۴.۱","۴۶۳,۰۰۰","","تشک بادی صندلی عقب خودرو Pneufa Car Interior با ابعاد 143x99x41 سانتی‌متر، جنس پی‌وی‌سی و مخمل، پمپ باد دوکاره، پایه بادی، 2 عدد بالشتک، کیت ترمیم و ساک حمل مناسب کمپینگ، استراحت و خواب راحت در سفر","[object Object]","ارسال فروشنده","۳.۹","[object Object]","۳,۶۳۵,۳۵۰","","آنتن خودرو باتومی فلزی بلند 60 سانتی‌متر با نصب پیچی، گیرندگی قوی و عملکرد غیر برقی مناسب تمام خودروها، کد 123","","۲.۹","[object Object]","۳۰۸,۱۰۰","[object Object]","[object Object]","[object Object]","ارسال فروشنده","","","۱۰٪","۱۲۵,۰۰۰","",""
"https://dkstatics-public.digikala.com/digikala-products/e8dc7586fea8a3486a5f951d61b4cef411a8a4ec_1669295903.jpg?x-oss-process=image/resize,m_lfit,h_600,w_600/quality,q_90","زه استیل آبگیر شیشه خودرو مدل AR مناسب برای کوییک، مجموعه 4 عددی، با روکشی کروم کوره‌ای، نصب آسان با چسب 2 طرفه، جلوه درخشان و جلوگیری از نفوذ آب به درب‌ها","موجود در انبار دیجی کالا","۳.۷","۸۹۰,۰۰۰","https://dkstatics-public.digikala.com/digikala-products/f086db9d07121fa1ef52f9c8b8f3a51e80953465_1672440434.jpg?x-oss-process=image/resize,m_lfit,h_600,w_600/quality,q_90","چراغ تزئینی سقف خودرو هارمن مدل LASER 2 با 2 چراغ لیزری قرمز و آبی، اتصال از طریق USB، قابلیت تعویض طرح لیزری با چرخش سر چراغ، مناسب برای تمام خودروها و استفاده در شب","[object Object]","ارسال سریع دیجی‌کالا","۳.۶","[object Object]","۸۹۹,۰۰۰","https://dkstatics-public.digikala.com/digikala-products/506e46604de4f0a84a0ca1d6d70301596e1b02bc_1778397353.jpg?x-oss-process=image/resize,m_lfit,h_600,w_600/quality,q_90","جاروشارژی چندکاره گرین لاین مدل GLV-15 با موتور DC ، توان 100 وات، مکش 15 کیلوپاسکال، باتری 6000 میلی‌آمپر با شارژ USB-C و فیلتر HEPA، مخزن 200 میلی‌لیتری، سه سرعت و نمایشگر دیجیتال","ارسال فروشنده","۴.۶","۶,۵۳۹,۷۰۰","https://dkstatics-public.digikala.com/digikala-products/118989595.jpg?x-oss-process=image/resize,m_lfit,h_600,w_600/quality,q_90","استیل دور دریچه کولر مناسب خودرو رنو L90 و پراید داشبورد جدید با چسب دوطرفه و کیفیت ساخت بالا بسته 4 عددی","[object Object]","ارسال سریع دیجی‌کالا","۳.۵","[object Object]","۹۵,۰۰۰","https://dkstatics-public.digikala.com/digikala-products/8f4856673ed4f8beea827d3b3542a0060d8754ff_1629317718.jpg?x-oss-process=image/resize,m_lfit,h_600,w_600/quality,q_90","سایه بان خودرو مدل S80%-2×2","","۴.۴","[object Object]","۶۹۰,۰۰۰","[object Object]","","[object Object]","ارسال فروشنده","https://www.digikala.com/statics/img/svg/productCard/topBadge/SpecialSell.svg","[object Object]","۲٪","۹۲۰,۰۰۰","۲۱٪","۸,۳۱۵,۳۰۰"
"https://dkstatics-public.digikala.com/digikala-products/ee0b45fa3153bed067e41a451ded140167e58e31_1767465597.jpg?x-oss-process=image/resize,m_lfit,h_600,w_600/quality,q_90","چادر خودرو ام جی مکث مدل نانو شمعی ضدآب سایز XL مناسب برای تارا","موجود در انبار دیجی کالا","۴.۵","۲,۹۵۰,۰۰۰","https://dkstatics-public.digikala.com/digikala-products/e6c48b0f8805072e61b9e0448b04b4c8623c620f_1688138478.jpg?x-oss-process=image/resize,m_lfit,h_600,w_600/quality,q_90","پارکابی خودرو طرح استیل مناسب برای پراید مجموعه چهار عددی","[object Object]","موجود در انبار دیجی کالا","۲.۵","[object Object]","۸۳,۰۰۰","https://dkstatics-public.digikala.com/digikala-products/4e82977732c02aa745668b6bf6b8f3a2f57bbc4f_1682168297.jpg?x-oss-process=image/resize,m_lfit,h_600,w_600/quality,q_90","ضربگیر و محافظ زیر دستگیره درب خودرو مدل CAR-SPORT بسته 8 عددی با طرح کربن، مناسب انواع خودروهای ایران خودرو و سایپا، جلوگیری از خش و آسیب رنگ درب و افزایش جلوه اسپرت خودرو","","۳.۴","۵۴۰,۰۰۰","https://dkstatics-public.digikala.com/digikala-products/330e22228c3b240de09eaab527cdc61dbd9bd73f_1692097718.jpg?x-oss-process=image/resize,m_lfit,h_600,w_600/quality,q_90","کمپرسور باد باسئوس مدل CRNL060001 بی‌سیم با فشارسنج دیجیتال و نمایشگر LCD، دارای درگاه شارژ USB نوع C، توان 250 وات، حداکثر فشار 125 PSI، فناوری دو سیلندر بدون روغن، همراه با شلنگ و سه سری نازل متنوع","[object Object]","موجود در انبار دیجی کالا","۴.۴","[object Object]","۱۳,۴۰۰,۰۰۰","https://dkstatics-public.digikala.com/digikala-products/d0d86131762ac7f7602c886fac134d9af5b15767_1743793752.jpg?x-oss-process=image/resize,m_lfit,h_600,w_600/quality,q_90","نوار نسوز اگزوز و هدرز خودرو و موتورسیکلت مدل H4 طول 5 متر","ارسال ۳ ساعته فروشنده","۴.۳","[object Object]","۶۵۹,۰۰۰","[object Object]","","[object Object]","موجود در انبار دیجی کالا","","","","","",""
"","آرم خودرو چیکال طرح CNG مناسب برای پژو 405","موجود در انبار دیجی کالا","۳.۸","۹۱,۲۸۰","","چسب ترمیم کننده شیشه خودرو مدل thin-resin حجم 4 میلی لیتر مناسب برای تمام خودروها، ترمیم ترک شیشه با رزین شفاف، استفاده آسان با پد شفاف و خشک شدن با نور آفتاب یا UV","[object Object]","موجود در انبار دیجی کالا","۲.۸","[object Object]","۳۹۹,۰۰۰","","کفپوش پنج‌بعدی خودرو تارا مدل چرم گلدوزی شده سه‌تکه، ضد آب، ضد خش، ضخامت 10 میلی‌متر، پوشش کامل کف خودرو بدون نیاز به باز شدن صندلی، مقاوم و بدون تغییر شکل در طول مصرف","","۳.۸","۴,۱۵۸,۰۰۰","","جعبه نظم دهنده صندوق عقب خودرو پارچه‌ای ضخیم مدل 20 با 3 محفظه مساوی، ابعاد 50x32x32 سانتی‌متر و قابلیت استفاده داخل اتاق و صندوق عقب","[object Object]","ارسال فروشنده","۳.۸","[object Object]","۲۰۳,۶۰۰","","آفتابگیر شیشه خودرو مدل 8000 چتری، جنس ویسکوز، مناسب نصب جلو و عقب خودرو، سبک و جمع‌و جور با ابعاد 32x8x6 سانتی‌متر","ارسال ۳ ساعته فروشنده","۳.۸","[object Object]","۵۵۰,۰۰۰","[object Object]","","[object Object]","ارسال فروشنده","","","۴۹٪","۷۸۰,۰۰۰","",""
"","برچسب تزئینی شیشه خودرو مدل لانه زنبوری ZANBOR_B مناسب برای کوییک بسته 2 عددی با جنس پلاستیک و مقاومت در برابر آب، نور خورشید و دما","موجود در انبار دیجی کالا","۳.۷","۱۹۰,۰۰۰","","کاور ریموت و سوئیچ خودرو سبرا مدل S2109 مناسب برای پژو 207","[object Object]","ارسال فروشنده","۴.۷","[object Object]","۸۸۰,۰۰۰","","قفل فرمان کشویی خودرو گلد مدل 6818 با میله فولادی مقاوم و روکش PVC، مجهز به قفل کامپیوتری و همراه با سه عدد کلید، مناسب برای تمام خودروها و افزایش امنیت فرمان خودرو","ارسال سریع دیجی‌کالا","۳.۹","۱,۹۷۷,۳۶۰","","جاسوئیچی خودرو پژو مدل s21 با روکش کروم، جنس استیل و چرم، دارای قلاب فلزی محکم و قابلیت حک لوگو، مناسب برای انواع پژو 206، 207، 405، پارس، 2008، 301، 307 و سایر مدل‌ها","[object Object]","موجود در انبار دیجی کالا","۴.۶","[object Object]","۳۳۰,۶۶۰","","اسپری واکس و پولیش داشبورد خودرو مارکو مدل MRA00ML حجم 500 میلی لیتر براق کننده، تمیزکننده، محافظت‌کننده با مقاومت در برابر سرما و گرما، مناسب برای داشبورد، قسمت‌های چرمی و پلاستیکی داخل کابین","","۳.۸","[object Object]","۲۵۴,۴۰۰","[object Object]","","[object Object]","ارسال سریع دیجی‌کالا","","[object Object]","۱۲٪","۱,۰۰۰,۰۰۰","۱۲٪","۲,۲۴۷,۰۰۰"
"","محافظ و کاور باتری خودرو مناسب باتری 50 آمپر کوچک مدل L1 با قابلیت افزایش عمر باتری و محافظت در برابر سرما و گرما، همراه با قسمت زیرین محافظ و نصب آسان برای پژو 207، 206 صندوق‌دار، شاهین، تارا، رانا و کوییک","ارسال فروشنده","۴.۳","۶۹۷,۵۰۰","","آفتابگیر خودرو پاسیکو مدل lux-pro مناسب کوییک بسته 5 عددی با پارچه مقاوم در برابر اشعه UV، نصب جلو و طرفین، فنر دو لایه مقاوم، قابلیت تاشدن و نگهداری آسان","[object Object]","ارسال فروشنده","۴.۳","[object Object]","۶۷۹,۰۰۰","","کفپوش سه‌بعدی صندوق عقب خودرو سمند LX مدل M-Tr ساخته شده از پلی‌اورتان، کاملاً فیت صندوق، دارای بخش زیرین نمدی ضد لغزش، قابل شست‌وشو و سهولت در نظافت","تنها ۲ عدد در انبار باقی مانده","۴.۳","۷۶۱,۲۵۰","","آب مقطر تیزرو صنعت مدل AM30 حجم 3 لیتر","[object Object]","ارسال سریع دیجی‌کالا","۴.۳","[object Object]","۱۲۹,۲۷۰","","زه استیل روی دستگیره خودرو مناسب سمند سورن پلاس مدل STEE با چسب 2طرفه آلمانی مقاوم و نصب آسان مجموعه 4 عددی","","۴.۴","[object Object]","۱۸۰,۰۰۰","[object Object]","","[object Object]","موجود در انبار دیجی کالا","","","۱۷٪","۹۲۰,۰۰۰","۱۵٪","۱۵۲,۰۰۰"
"https://dkstatics-public.digikala.com/digikala-products/cd613adf08229825f69a1d2d3b4f34d99137bd62_1746686695.jpg?x-oss-process=image/resize,m_lfit,h_600,w_600/quality,q_90","مبدل برق خودرو گرین لاین مدل CG-200 دارای اتصال سوکت فندکی، استاندارد ایمنی، مناسب برای تمام خودروهای بنزینی و برقی، حداکثر توان 200 وات، افزایش عملکرد فنی و استفاده آسان برای شارژ دستگاه‌های الکترونیکی","ارسال سریع دیجی‌کالا","۴.۴","۵,۶۰۰,۰۰۰","https://dkstatics-public.digikala.com/digikala-products/ebcaa4b051e1261f291fea3a732e04c702516e15_1764472183.jpg?x-oss-process=image/resize,m_lfit,h_600,w_600/quality,q_90","نگهدارنده کپسول آتشنشانی سوناکس مدل Fire","[object Object]","ارسال سریع دیجی‌کالا","۴.۳","[object Object]","۳۵۰,۰۰۰","https://dkstatics-public.digikala.com/digikala-products/3b96066b9964c29cadaf383b24f2c8c90c2f8ff6_1673148513.jpg?x-oss-process=image/resize,m_lfit,h_600,w_600/quality,q_90","روکش پارچه‌ای سر دنده مدل هودی مناسب برای تمام خودروها ، ابعاد 10 در 10 در 20 سانتی‌متر","تنها ۲ عدد در انبار باقی مانده","۴.۴","۱۱۹,۰۰۰","https://dkstatics-public.digikala.com/digikala-products/1038281.jpg?x-oss-process=image/resize,m_lfit,h_600,w_600/quality,q_90","تبدیل فندکی خودرو این کار مدل 4474 با سه خروجی فندکی و یک پورت USB، سازگار با برق 12 ولت و 24 ولت، نصب آسان و سریع","","","۳.۲","[object Object]","۷۷۶,۱۶۰","https://dkstatics-public.digikala.com/digikala-products/959927.jpg?x-oss-process=image/resize,m_lfit,h_600,w_600/quality,q_90","کارواش رونیکس مدل RP-U100E با موتور یونیورسال 1400 وات، فشار آب 100 بار، دبی 6.5 لیتر در دقیقه، شلنگ 5 متری، کلید اتوماتیک، سیستم حفاظت گرمایی و مخزن مواد شوینده","ارسال ۳ ساعته فروشنده","۴.۳","[object Object]","۱۴,۴۸۹,۶۰۰","[object Object]","","","تنها ۲ عدد در انبار باقی مانده","https://www.digikala.com/statics/img/svg/productCard/topBadge/SpecialSell.svg","","۱۵٪","۱۴۰,۰۰۰","۲٪","۷۹۲,۰۰۰"
"https://dkstatics-public.digikala.com/digikala-products/8ff4890bd81f75b02895e1e117d0c8d2228042a2_1724167365.jpg?x-oss-process=image/resize,m_lfit,h_600,w_600/quality,q_90","کارواش خانگی وی تولز مدل VT1508 با موتور 1300 وات و فشار 100 بار، قابلیت مکش خودکار آب، شلنگ 5 متر فشار قوی، تفنگ قفل‌دار و مخزن کف‌پاش 250 میلی‌لیتری، مناسب شست‌وشوی خودرو و سطوح مختلف منزل","ارسال سریع دیجی‌کالا","۴.۳","۱۵,۴۸۴,۵۰۰","https://dkstatics-public.digikala.com/digikala-products/aca091388c728d962bc311f8122ae05bc9ce0c3d_1761246080.jpg?x-oss-process=image/resize,m_lfit,h_600,w_600/quality,q_90","نگهدارنده کپسول آتش‌نشانی خودرو مدل Horse با جنس برزنت و پارچه، مناسب برای نصب در صندوق عقب، ابعاد 11x0.5x23 سانتی‌متر و دارای یک محفظه نگهداری","[object Object]","موجود در انبار دیجی کالا","۴.۳","[object Object]","۲۸۵,۰۰۰","https://dkstatics-public.digikala.com/digikala-products/59cb36ec679bb9752bdde67dab31a1e5cdf630b1_1739206140.jpg?x-oss-process=image/resize,m_lfit,h_600,w_600/quality,q_90","کاور ریموت و سوییچ خودرو مدل QS مناسب برای ساینا اس و کوییک اس","","۴.۲","۲۲۰,۰۰۰","https://dkstatics-public.digikala.com/digikala-products/d1154e6cf2a41bb3f846b8d2375a6595d5b69810_1699516393.jpg?x-oss-process=image/resize,m_lfit,h_600,w_600/quality,q_90","چادر خودرو مقاوم در برابر آب و آفتاب مدل Prestige مناسب برای کوییک، ساخته شده از برزنت و پشم شیشه PVC با خاصیت ضد خش، جلوگیری از داغ شدن داخل خودرو و محافظت از رنگ و بدنه","[object Object]","ارسال فروشنده","۴.۲","[object Object]","۳,۷۸۴,۰۰۰","https://dkstatics-public.digikala.com/digikala-products/0ebe9c096e87557ca76d5c1e39fe96acb42815f1_1709019914.jpg?x-oss-process=image/resize,m_lfit,h_600,w_600/quality,q_90","اسپری تمیزکننده داخل خودرو سی واکس مدل Duraclean CW2024 حجم 500 میلی‌لیتر با قابلیت پاک‌کنندگی عمیق، براق‌کنندگی سطوح چرمی و پلاستیکی، حفاظت از داخل کابین، داشبورد، فرمان و روکش صندلی","ارسال ۳ ساعته فروشنده","۴.۱","[object Object]","۲۴۸,۴۰۰","[object Object]","[object Object]","[object Object]","موجود در انبار دیجی کالا","https://www.digikala.com/statics/img/svg/productCard/topBadge/SpecialSell.svg","","۱۸٪","۱۸,۹۳۶,۶۰۰","۱۴٪","۴,۴۰۰,۰۰۰"
"https://dkstatics-public.digikala.com/digikala-products/c44a1d964d87bc0f62611ea035faf5de4be1572e_1671999889.jpg?x-oss-process=image/resize,m_lfit,h_600,w_600/quality,q_90","سر دنده چرمی مدل QU4-BB مناسب برای تیبا، تیبا 2، ساینا و کوییک به همراه گردگیر دنده و گردگیر و روکش ترمز دستی","موجود در انبار دیجی کالا","۴","۴۸۵,۰۰۰","https://dkstatics-public.digikala.com/digikala-products/b5aaa4582c6735bbb59ce97582f9ebb79896c5fb_1684659412.jpg?x-oss-process=image/resize,m_lfit,h_600,w_600/quality,q_90","صفرشوی خودرو اوکسین مدل 516 حجم 500 میلی‌لیتر مناسب تمیزکاری تودوزی، داخل کابین، داشبورد، روکش صندلی و رینگ با خاصیت پاک‌کنندگی قوی، ضد لکه و ضد آب برای استفاده روی سطوح پلاستیکی، چرمی و فلزی خودرو","[object Object]","ارسال سریع دیجی‌کالا","۴.۱","[object Object]","۳۷۹,۹۰۰","https://dkstatics-public.digikala.com/digikala-products/bc22dcefe7f30e598ad08aedbb94e5baf6ad4250_1779990253.jpg?x-oss-process=image/resize,m_lfit,h_600,w_600/quality,q_90","عروسک روداشبوردی خودرو مدل گربه بافت دار","ارسال فروشنده","۴","۱۶۸,۰۰۰","https://dkstatics-public.digikala.com/digikala-products/0ffcf320a9ce15e35c236cf3e4a330f220eead3c_1760011426.jpg?x-oss-process=image/resize,m_lfit,h_600,w_600/quality,q_90","کاور کمربند ایمنی شیکدو مدل CK05 بسته 2 عددی","[object Object]","موجود در انبار دیجی کالا","۵","[object Object]","۲۶۹,۹۰۰","https://dkstatics-public.digikala.com/digikala-products/447583074644ca0e800c13de8103308bc169f680_1776234214.jpg?x-oss-process=image/resize,m_lfit,h_600,w_600/quality,q_90","کمپرسور هوا شارژی 60 وات پرودو مدل PDGA05BK","","۴.۲","[object Object]","۳,۹۹۵,۵۰۰","[object Object]","[object Object]","[object Object]","ارسال فروشنده","https://www.digikala.com/statics/img/svg/productCard/topBadge/SpecialSell.svg","[object Object]","۲٪","۳۸۹,۰۰۰","",""
"https://dkstatics-public.digikala.com/digikala-products/77085edf3f6843aff6c38f6a0188e4b5b8b5d4ce_1632841994.jpg?x-oss-process=image/resize,m_lfit,h_600,w_600/quality,q_90","برچسب شبرنگ هشدار باز بودن درب خودرو پژو 207 مدل R7YP7 بسته 4 عددی مقاوم در برابر آب با چسبندگی قوی، بازتاب نور قدرتمند و ماندگاری بیش از 7 سال","ارسال سریع دیجی‌کالا","۴.۱","۱۶۳,۰۰۰","https://dkstatics-public.digikala.com/digikala-products/dd3e1044f697cb3e8b9a1af0d5fbebf863ee2370_1620308620.jpg?x-oss-process=image/resize,m_lfit,h_600,w_600/quality,q_90","شامپو بدنه خودرو یاتاش مدل Super Foam حجم 500 میلی‌لیتر با قدرت پاک‌کنندگی بالا، فوم خامه‌ای و درشت، براق‌کننده نوری، محافظت‌کننده و قابلیت پولیش کاری","[object Object]","موجود در انبار دیجی کالا","۴.۲","[object Object]","۳۲۸,۵۳۰","https://dkstatics-public.digikala.com/digikala-products/4046437e40893d78eb3979ee28065f27eceddd6c_1764580435.jpg?x-oss-process=image/resize,m_lfit,h_600,w_600/quality,q_90","نوار درزگیر و صداگیر خودرو سیلیکونی مدل 5 لایه مقاوم و انعطاف‌پذیر مناسب برای آب‌بندی درب، صندوق عقب، کاپوت و شیشه با جلوگیری از نفوذ گرد و غبار، آب و رطوبت و افزایش عملکرد فنی خودرو","موجود در انبار دیجی کالا","۳.۹","۳۶۰,۰۰۰","https://dkstatics-public.digikala.com/digikala-products/119746338.jpg?x-oss-process=image/resize,m_lfit,h_600,w_600/quality,q_90","روکش فرمان چرمی دوختی SLD-1031 با قطر 37 سانتی‌متر، دارای منافذ ضد تعریق، نخ موم زده ترک و قالب دقیق برای محافظت و زیبایی فرمان خودروهای سواری با دوام و نصب آسان","[object Object]","ارسال سریع دیجی‌کالا","۳.۹","[object Object]","۱۶۰,۰۰۰","https://dkstatics-public.digikala.com/digikala-products/0d21eaeda5abd61e1dca99d79e40ad31a9631471_1752350058.jpg?x-oss-process=image/resize,m_lfit,h_600,w_600/quality,q_90","قاب ستون بیرونی جلو راست پلاستیکی مدل 25168 مناسب برای پژو 405 و پژو پارس با نصب همانند فابریک","","۴.۹","[object Object]","۲۳۸,۸۰۰","[object Object]","[object Object]","[object Object]","موجود در انبار دیجی کالا","","[object Object]","۱۳٪","۳۸۰,۰۰۰","",""
"https://dkstatics-public.digikala.com/digikala-products/51db45a76afcfcfc5a48afa9230012144bef778e_1691859426.jpg?x-oss-process=image/resize,m_lfit,h_600,w_600/quality,q_90","صفحه کیلومتر خودرو پلاستیکی گاندو مدل 01 مناسب سمند و سمند LX با نور سفید پس‌زمینه برای کاهش خستگی چشم و افزایش زیبایی داشبورد","موجود در انبار دیجی کالا","۳.۸","۴۱۰,۰۰۰","https://dkstatics-public.digikala.com/digikala-products/16882b707175e00da4c590c8a7e4481cc4e05155_1752503789.jpg?x-oss-process=image/resize,m_lfit,h_600,w_600/quality,q_90","بوق آژیر الکتریکی خودرو مدل LnZo با ولتاژ 12 ولت و میکروفون دار، دارای صدای استاندارد و ابعاد 17×9×9 سانتی‌متر","[object Object]","موجود در انبار دیجی کالا","۴.۸","[object Object]","۱,۸۷۴,۴۴۰","https://dkstatics-public.digikala.com/digikala-products/1fc711f5df29e5f87f756bf32230f9ecc808dfde_1761474275.jpg?x-oss-process=image/resize,m_lfit,h_600,w_600/quality,q_90","برچسب بدنه خودرو ضدخش مدل G3 با جنس کاغذ روکش‌دار و پلاستیک، مقاوم در برابر آب، نور خورشید و دما","تنها ۳ عدد در انبار باقی مانده","۴.۷","۱۱۰,۰۰۰","https://dkstatics-public.digikala.com/digikala-products/03f0c38c7b2789c5504d89893d9d7b72ebfea349_1778880361.jpg?x-oss-process=image/resize,m_lfit,h_600,w_600/quality,q_90","کاور ریموت و سوئیچ خودرو سبرا مدل S2138 مناسب برای سورن و سورن پلاس","[object Object]","ارسال فروشنده","۴.۶","[object Object]","۶۵۰,۰۰۰","https://dkstatics-public.digikala.com/digikala-products/e11eb2cdb6fe3714ef45427afca4b8abe1aeac37_1730643617.jpg?x-oss-process=image/resize,m_lfit,h_600,w_600/quality,q_90","برچسب روی فلاشر خودرو مدل +s206 مناسب پژو 206 جنس پلاستیک مقاوم در برابر آب، نور خورشید و دما مجموعه 2 عددی","ارسال ۳ ساعته فروشنده","۳.۸","[object Object]","۸۴,۲۶۰","[object Object]","","","","https://www.digikala.com/statics/img/svg/productCard/topBadge/SpecialSell.svg","","۱۱٪","۷۳۰,۰۰۰","",""
"https://dkstatics-public.digikala.com/digikala-products/89a3a7efc875d76f9825d9778fcc7cf4fb0c663b_1775547445.jpg?x-oss-process=image/resize,m_lfit,h_600,w_600/quality,q_90","پشتی صندلی خودرو عرق گیر بسته 2 عددی با طراحی ارگونومیک مناسب ستون فقرات و گودی کمر، قابلیت شست‌وشو، جنس پارچه و پلی‌استر با ابعاد 95x48x6 سانتی‌متر و وزن 400 گرم","موجود در انبار دیجی کالا","۳.۶","۷۹۰,۰۰۰","https://dkstatics-public.digikala.com/digikala-products/bd41daa0306e02d9f02c1205620ecf96fe094b8e_1757447865.jpg?x-oss-process=image/resize,m_lfit,h_600,w_600/quality,q_90","آویز تزئینی آینه خودرو هایکا مدل ققنوس فلزی با طرح حکاکی قرینه، ابعاد 5×4×0.7 سانتی‌متر و طول زنجیر 15 سانتی‌متر مناسب آویز داخلی خودرو","[object Object]","موجود در انبار دیجی کالا","۴.۶","[object Object]","۴۵۰,۰۰۰","https://dkstatics-public.digikala.com/digikala-products/54dca5259dabe4f9841f7b30c40dec43e5179c8b_1752418026.jpg?x-oss-process=image/resize,m_lfit,h_600,w_600/quality,q_90","مبدل باتری به برق شهری باس مدل LIFE STYLE -BC با 2 خروجی USB و یک خروجی تایپ C، صفحه دیجیتال، سازگاری بالا، مصرف انرژی پایین و قابلیت Anti shock مناسب استفاده با باتری ابزارهای شارژی باس","تنها ۱ عدد در انبار باقی مانده","۴.۵","۴,۵۹۹,۰۰۰","https://dkstatics-public.digikala.com/digikala-products/5ca71c657afc52ebfd154646535a3bc3e45c6521_1769840613.jpg?x-oss-process=image/resize,m_lfit,h_600,w_600/quality,q_90","مبدل برق خودرو ویدز مدل12V-TO-220V-100W","","","۳.۴","[object Object]","۲,۲۵۰,۰۰۰","https://dkstatics-public.digikala.com/digikala-products/930fdf1f906acfe1267d47e972872d71daca0bf2_1649881705.jpg?x-oss-process=image/resize,m_lfit,h_600,w_600/quality,q_90","برچسب بدنه خودرو طرح لایک مهدیار مدل Sl101 سایز 10 در 10 سانتی‌متر مقاوم در برابر آب و شست‌وشو همراه با سلفون جهت نصب آسان رنگ مشکی","ارسال ۳ ساعته فروشنده","۴.۵","[object Object]","۷۵,۰۰۰","[object Object]","[object Object]","","تنها ۱ عدد در انبار باقی مانده","","","","","",""
"https://dkstatics-public.digikala.com/digikala-products/b22ee733b5fe8d999921783f13839946b5360cc6_1728650259.jpg?x-oss-process=image/resize,m_lfit,h_600,w_600/quality,q_90","قاب ریموت سوییچ خودرو کروز پلاس مدل دو دکمه مناسب پژو پارس، جنس پلاستیک، ابعاد 5x5x3 سانتی‌متر، وزن 100 گرم، فاقد برد الکترونیکی و تگ سوییچ","موجود در انبار دیجی کالا","۴.۴","۴۰۰,۷۴۰","https://dkstatics-public.digikala.com/digikala-products/aed355ba3c482554f4df5203a1698263a6b49886_1730481386.jpg?x-oss-process=image/resize,m_lfit,h_600,w_600/quality,q_90","روکش داشبورد خودرو نمدی پانیذ مدل PS OL مناسب پژو 405 داشبورد قدیم با مقاومت در برابر نور آفتاب و قابلیت شست‌وشو، عایق حرارتی و محافظ در برابر ترک و تغییر رنگ","[object Object]","موجود در انبار دیجی کالا","۴.۴","[object Object]","۶۰۵,۰۰۰","https://dkstatics-public.digikala.com/digikala-products/90b2513af029fb0c64cc065c0168b56300943c70_1729325632.jpg?x-oss-process=image/resize,m_lfit,h_600,w_600/quality,q_90","منبع اگزوز مدل 230 مناسب برای پژو 405، پژو پارس و سمند، نصب فابریکی بدون نیاز به جوشکاری، صدای اسپرت و زیبای خروجی، ساخت ایران، ابعاد 1000x200x200 میلی‌متر و وزن 4200 گرم","تنها ۱ عدد در انبار باقی مانده","۴.۳","۳,۳۵۰,۰۰۰","https://dkstatics-public.digikala.com/digikala-products/346088b79b5e47c9bc5a48d9dfb43a405d28e7ac_1659883428.jpg?x-oss-process=image/resize,m_lfit,h_600,w_600/quality,q_90","اسپری تمیز کننده اس تی پی کد 55 حجم 623 میلی لیتر","[object Object]","موجود در انبار دیجی کالا","۴.۱","[object Object]","۲۵۰,۰۰۰","https://dkstatics-public.digikala.com/digikala-products/4c0ee58a144414eeb402da5abe5863f241ef442a_1752593998.jpg?x-oss-process=image/resize,m_lfit,h_600,w_600/quality,q_90","سر اگزوز خودرو خمیده جی اس مدل 218 مناسب پژو 206 و 207، جنس فولاد نرم، ساخت ایران، ابعاد 230x60x80 میلی‌متر، وزن 300 گرم","","۴.۲","[object Object]","۳۴۰,۰۰۰","[object Object]","","[object Object]","موجود در انبار دیجی کالا","https://www.digikala.com/statics/img/svg/productCard/topBadge/SpecialSell.svg","","۱۱٪","۲۸۰,۰۰۰","",""
"","دستگاه صافکاری خودرو مکنده ساکشن فرورفتگی بدنه خودرو کاربرد خانگی ابعاد 7x5x5 سانتی‌متر وزن 0.1 کیلوگرم","موجود در انبار دیجی کالا","۴.۱","۲۳۳,۳۴۰","","کارواش ویوارکس مدل VR7160-PW با موتور القایی 2000 وات، فشار آب 160 بار، دبی 7 لیتر در دقیقه، قابلیت مکش خودکار آب و سیستم Auto Stop برای شستشوی عمیق خودرو و سطوح مختلف خانگی و نیمه‌صنعتی","[object Object]","موجود در انبار دیجی کالا","۴","[object Object]","۱۹,۸۴۲,۵۷۰","","کاور ریموت خودرو فلزی چیکال مدل P-626 مناسب برای سمند و دنا و ساینا، مقاوم در برابر ضربه، جنس آلومینیوم، ابعاد 7x5x1 سانتی‌متر و وزن 50 گرم","موجود در انبار دیجی کالا","۴.۳","۸۹۴,۹۷۰","","دستگیره داخلی اسپرت خودرو مناسب پراید مدل 111، 131 و 132 شامل دستگیره راست و چپ جهت زیباسازی فضای داخلی بسته 2 عددی","[object Object]","ارسال سریع دیجی‌کالا","۴.۱","[object Object]","۲۴۰,۰۰۰","","عایق صوتی و حرارتی فومی درب خودرو پژو پارس و 405 مدل CS_16، مجموعه 4 عددی، ضخامت 2 میلی‌متر، پشت چسب‌دار مقاوم، نصب آسان، قابل شست‌وشو، عایق صداگیر و حرارتی قوی","","۳.۹","[object Object]","۳۹۴,۶۳۰","[object Object]","","[object Object]","موجود در انبار دیجی کالا","","[object Object]","۳۳٪","۵۸۹,۰۰۰","",""
"","ضربه‌گیر پلاستیکی درب خودرو مدل LA0030 بسته 4 عددی با نصب آسان پشت چسب‌دار مناسب برای درب جلو و عقب تمام خودروها","موجود در انبار دیجی کالا","۴.۱","۲۷۵,۰۰۰","","آفتابگیر شیشه جلو خودرو پلی استر مدل مربع کد 3000 با ابعاد 140x70 سانتی‌متر، قابلیت تاشوندگی، محافظت در برابر نور و گرمای آفتاب و همراه با کاور نگهدارنده، 6 عددی","[object Object]","موجود در انبار دیجی کالا","۴","[object Object]","۲۹۴,۹۹۰","","پشتی صندلی خودرو ارگونومیک1 بسته 2 عددی مناسب کمر، ستون فقرات، گردن و نشیمن‌گاه با طراحی نرم و حالت‌پذیر، کاهش تعریق، قابل شست‌وشو و ساخت شده از الیاف مصنوعی","تنها ۱ عدد در انبار باقی مانده","۳.۸","۹۰۴,۱۴۰","","روکش صندلی خودرو پارچه‌ای مدل 1260 مناسب پژو 405 قدیم و پیکان، ست کامل 8 تکه، قابل شست‌وشو دستی و بخارشوی، دارای جیب پشت صندلی جلو و گلدوزی روی صندلی عقب، دوام 24 تا 36 ماه","","","۳.۸","[object Object]","۲,۸۵۰,۰۰۰","","قفل پدال عصایی مدل 03 مناسب برای پراید و پژو و خودروهای مشابه، جنس فولاد، ابعاد 13x13x4 سانتی‌متر","ارسال ۳ ساعته فروشنده","۳.۸","[object Object]","۲۹۵,۰۰۰","[object Object]","","","تنها ۳ عدد در انبار باقی مانده","","","۸٪","۳۲۰,۰۰۰","",""
"","درب رادیاتور خودرو آیتیپیکو پلاس مدل 1204106004 مناسب پژو 405 و پژو پارس، تنظیم فشار سیستم خنک‌کننده، جلوگیری از نشت مایع خنک‌کننده، مقاومت در برابر رسوب و قابلیت شستشو","ارسال فروشنده","۴","۳۴۰,۰۰۰","","بالش نشیمن خودرو مربعی باران مدل MOR-2023 با ابعاد 34x33x11 سانتی‌متر، روکش مخمل، الیاف مصنوعی نرم، دارای زیپ برای خارج کردن الیاف، قابل شستشو و همراه کاور شفاف برای حمل آسان","[object Object]","ارسال فروشنده","۴","[object Object]","۴۵۹,۷۰۰","","محافظ ضد خش دستگیره خودرو ژله‌ای سیلیکونی بسته 4 عددی مناسب پژو 405، پژو پارس، سمند، پراید، آریسان، مزدا وانت و نیسان وانت مزدا","ارسال فروشنده","۳.۶","۳۳۰,۰۰۰","","خوشبوکننده و بوگیر ایستاده خودرو مدل دریا با رایحه نسیم دریا، دارای قابلیت تنظیم شدت رایحه","[object Object]","ارسال سریع دیجی‌کالا","۳.۹","[object Object]","۱۷۸,۰۰۰","","استیکر خودرو پویا مارکت طرح مانستر کد 2743","","۴.۶","[object Object]","۹۵,۰۰۰","[object Object]","[object Object]","[object Object]","موجود در انبار دیجی کالا","","[object Object]","۱۳٪","۳۸۰,۰۰۰","",""
"","رودری کامل 4 درب خودرو مناسب پراید شامل کلید بالابر راننده و شاگرد، دستگیر بالابر عقب چپ و راست، دستگیره درب بازکن داخلی و پیچ و خار، مدل T08","موجود در انبار دیجی کالا","۳.۶","۳,۵۹۰,۰۰۰","","یخچال فریزر خودرو ایستکول مدل TM-4040-DC با قابلیت خنک‌کنندگی قوی، منبع تغذیه 12 ولت با آدابتور و کابل فندکی، کنترل دما، لامپ داخلی، قفل ایمنی، سبد فلزی و قابل حمل مناسب پژو 206، 207، 405، دانگ فنگ HC Cross، اپل آسترا، کورسا و ام جی","[object Object]","موجود در انبار دیجی کالا","۴.۵","[object Object]","۵۹,۴۰۷,۵۰۰","","روکش پدال خودرو مدل XS337 مجموعه 3 عددی","موجود در انبار دیجی کالا","۳.۵","۴۴۹,۴۱۰","","ابزار صافکاری بدنه خودرو مکنده بدون رنگ PDR مناسب تمام خودروها با طراحی ساده و کاربردی، قابلیت ترمیم فرورفتگی‌های کوچک و معمولی، وزن 0.12 کیلوگرم، استفاده آسان و مناسب کاربرد خانگی","[object Object]","موجود در انبار دیجی کالا","۲.۵","[object Object]","۲۳۳,۳۴۰","","برچسب بدنه خودرو شب نما مدل مانستر با طول 24 سانتی‌متر و عرض 6 سانتی‌متر، چسبندگی بالا، مقاوم در برابر نور خورشید و باران، نوردهی 5 تا 6 ساعت پس از شارژ نوری و قابلیت کندن بدون آسیب به رنگ خودرو","","۴.۲","[object Object]","۱۲۰,۰۰۰","[object Object]","","[object Object]","موجود در انبار دیجی کالا","","[object Object]","۲۰٪","۴,۴۹۸,۳۹۰","۱۶٪","۷۰,۳۵۰,۰۰۰"
"","روکش صندلی خودرو چرم مناسب پژو پرشیا و 405 مدل 94 به پایین، 10 تکه، دارای پشتی گردنی، دیسک تکیه‌گاه جلو، پد طبی تکیه‌گاه و نشیمن، جیب پشت راننده، جای موبایل نشیمن جلو، قابل شست‌وشو با ابر و آستر مرغوب","موجود در انبار دیجی کالا","۴.۴","۵,۹۹۰,۰۰۰","","کارواش خانگی ویوارکس مدل VR7160-PW با موتور القایی 2000 وات، فشار آب 160 بار، دبی 7 لیتر در دقیقه، قابلیت مکش خودکار آب، سیستم Auto Stop و شلنگ 5 متری","[object Object]","موجود در انبار دیجی کالا","۴.۴","[object Object]","۱۹,۹۷۵,۱۴۰","","آفتاب‌گیر شیشه خودرو توری طرفین بسته 2 عددی 45×45 سانتی‌متر پارچه‌ای مناسب تمام خودروها","تنها ۱ عدد در انبار باقی مانده","۳.۵","۱۹۰,۰۰۰","","عایق صوتی و حرارتی درب خودرو ایده پارت نیکان مدل ایزومکسر مناسب پراید بسته چهارعددی با جنس نمد، قابل شست‌وشو، نصب داخل رودری و کاهش نفوذ صدا و تنظیم دمای کابین","[object Object]","ارسال سریع دیجی‌کالا","۳.۷","[object Object]","۱,۶۵۰,۰۰۰","","کیت مکش هوا تامی تیونینگ مدل TU5_TU3_XU7_EF7_M15_XUM مناسب پژو 206 و 207 و پارس و 405 و رانا و دنا و کوییک و ساینا با فیلتر اسپرت قابل شست‌وشو، افزایش راندمان موتور، نصب آسان و بهبود صدای موتور","","۴.۳","[object Object]","۲,۴۵۰,۰۰۰","[object Object]","[object Object]","","تنها ۱ عدد در انبار باقی مانده","","","۲۳٪","۳,۲۰۰,۰۰۰","",""
"https://dkstatics-public.digikala.com/digikala-products/6c5a8f4e4b7213fffe517bf521ee2e1c96a3a41f_1756751748.jpg?x-oss-process=image/resize,m_lfit,h_600,w_600/quality,q_90","دستگاه صافکاری خودرو مکنده ساکشن فرورفتگی بدنه خودرو کاربرد خانگی ابعاد 7x5x5 سانتی‌متر وزن 0.1 کیلوگرم","موجود در انبار دیجی کالا","۴.۱","۲۳۳,۳۴۰","https://dkstatics-public.digikala.com/digikala-products/8d6f643f3dab72f464ecf40c370fcd37e1e9d308_1730708965.jpg?x-oss-process=image/resize,m_lfit,h_600,w_600/quality,q_90","کارواش ویوارکس مدل VR7160-PW با موتور القایی 2000 وات، فشار آب 160 بار، دبی 7 لیتر در دقیقه، قابلیت مکش خودکار آب و سیستم Auto Stop برای شستشوی عمیق خودرو و سطوح مختلف خانگی و نیمه‌صنعتی","[object Object]","موجود در انبار دیجی کالا","۴","[object Object]","۱۹,۸۴۲,۵۷۰","https://dkstatics-public.digikala.com/digikala-products/f8cba4ad6410b2be0353f40b88e364ff35c17e6d_1718449931.jpg?x-oss-process=image/resize,m_lfit,h_600,w_600/quality,q_90","کاور ریموت خودرو فلزی چیکال مدل P-626 مناسب برای سمند و دنا و ساینا، مقاوم در برابر ضربه، جنس آلومینیوم، ابعاد 7x5x1 سانتی‌متر و وزن 50 گرم","موجود در انبار دیجی کالا","۴.۳","۸۹۴,۹۷۰","https://dkstatics-public.digikala.com/digikala-products/3049430.jpg?x-oss-process=image/resize,m_lfit,h_600,w_600/quality,q_90","دستگیره داخلی اسپرت خودرو مناسب پراید مدل 111، 131 و 132 شامل دستگیره راست و چپ جهت زیباسازی فضای داخلی بسته 2 عددی","[object Object]","ارسال سریع دیجی‌کالا","۴.۱","[object Object]","۲۴۰,۰۰۰","https://dkstatics-public.digikala.com/digikala-products/84711b87faf74fe31b6826e4507f24932b837906_1700212722.jpg?x-oss-process=image/resize,m_lfit,h_600,w_600/quality,q_90","عایق صوتی و حرارتی فومی درب خودرو پژو پارس و 405 مدل CS_16، مجموعه 4 عددی، ضخامت 2 میلی‌متر، پشت چسب‌دار مقاوم، نصب آسان، قابل شست‌وشو، عایق صداگیر و حرارتی قوی","","۳.۹","[object Object]","۳۹۴,۶۳۰","[object Object]","","[object Object]","موجود در انبار دیجی کالا","https://www.digikala.com/statics/img/svg/productCard/topBadge/SpecialSell.svg","[object Object]","۳۳٪","۵۸۹,۰۰۰","",""
"https://dkstatics-public.digikala.com/digikala-products/dd5fc69d1adb19add80c4eacca28fe2dbe220d2e_1747563524.jpg?x-oss-process=image/resize,m_lfit,h_600,w_600/quality,q_90","ضربه‌گیر پلاستیکی درب خودرو مدل LA0030 بسته 4 عددی با نصب آسان پشت چسب‌دار مناسب برای درب جلو و عقب تمام خودروها","موجود در انبار دیجی کالا","۴.۱","۲۷۵,۰۰۰","https://dkstatics-public.digikala.com/digikala-products/04c1c1c21ef31667a16ca8dc8a301ad59c214942_1680122980.jpg?x-oss-process=image/resize,m_lfit,h_600,w_600/quality,q_90","آفتابگیر شیشه جلو خودرو پلی استر مدل مربع کد 3000 با ابعاد 140x70 سانتی‌متر، قابلیت تاشوندگی، محافظت در برابر نور و گرمای آفتاب و همراه با کاور نگهدارنده، 6 عددی","[object Object]","موجود در انبار دیجی کالا","۴","[object Object]","۲۹۴,۹۹۰","https://dkstatics-public.digikala.com/digikala-products/cac633210c4763bb874dda549e75b04162cacba8_1745759179.jpg?x-oss-process=image/resize,m_lfit,h_600,w_600/quality,q_90","پشتی صندلی خودرو ارگونومیک1 بسته 2 عددی مناسب کمر، ستون فقرات، گردن و نشیمن‌گاه با طراحی نرم و حالت‌پذیر، کاهش تعریق، قابل شست‌وشو و ساخت شده از الیاف مصنوعی","تنها ۱ عدد در انبار باقی مانده","۳.۸","۹۰۴,۱۴۰","https://dkstatics-public.digikala.com/digikala-products/9f107e23347bc03c6aa143ad3c081fb835297325_1707743581.jpg?x-oss-process=image/resize,m_lfit,h_600,w_600/quality,q_90","روکش صندلی خودرو پارچه‌ای مدل 1260 مناسب پژو 405 قدیم و پیکان، ست کامل 8 تکه، قابل شست‌وشو دستی و بخارشوی، دارای جیب پشت صندلی جلو و گلدوزی روی صندلی عقب، دوام 24 تا 36 ماه","","","۳.۸","[object Object]","۲,۸۵۰,۰۰۰","https://dkstatics-public.digikala.com/digikala-products/5422346.jpg?x-oss-process=image/resize,m_lfit,h_600,w_600/quality,q_90","قفل پدال عصایی مدل 03 مناسب برای پراید و پژو و خودروهای مشابه، جنس فولاد، ابعاد 13x13x4 سانتی‌متر","ارسال ۳ ساعته فروشنده","۳.۸","[object Object]","۲۹۵,۰۰۰","[object Object]","","","تنها ۳ عدد در انبار باقی مانده","https://www.digikala.com/statics/img/svg/productCard/topBadge/SpecialSell.svg","","۸٪","۳۲۰,۰۰۰","",""
"","قفل فرمان خودرو کنزاکس مدل دوبل KSL_124 با جنس فولاد و روکش PVC، ابعاد 12x7x60 سانتی‌متر، همراه با سه عدد کلید","موجود در انبار دیجی کالا","۴","۳,۲۹۰,۰۰۰","","پایه ثابت آفتابگیر خودرو بیلگین مدل S-33 مناسب پژو 206 بسته 2 عددی با قابلیت تعویض آسان و مقاوم در برابر فرسایش و شکستگی","[object Object]","موجود در انبار دیجی کالا","۴.۱","[object Object]","۱۶۲,۰۰۰","","سر اگزوز خودرو مدل اتحاد کدJS316","تنها ۱ عدد در انبار باقی مانده","۵","۲۸۰,۰۰۰","","والف خودرو مدل Tr414 بسته چهار عددی","[object Object]","موجود در انبار دیجی کالا","۳","[object Object]","۱۸۹,۰۰۰","","زه بغل درب پلاستیکی خودرو جی آی اس پی مدل 412300 مناسب برای پژو پارس و پژو پارس ELX، ست کامل 6 عددی چسب‌دار و مقاوم در برابر ضربه همراه زه کوچک گلگیر","ارسال ۳ ساعته فروشنده","۲","[object Object]","۱,۳۰۰,۰۰۰","[object Object]","","","","","","۵۸٪","۴۵۰,۰۰۰","",""
"","اسپری صفرشوی خودرو  زولانو مدل Z501 حجم 500 میلی لیتر","موجود در انبار دیجی کالا","۵","۱۶۰,۰۰۰","","جاموبایلی داخل خودرو کالانیکس مدل MOB-TORI-100179 طرح توری","[object Object]","موجود در انبار دیجی کالا","۴","[object Object]","۲۱۵,۰۰۰","","کفپوش صندوق خودرو پوشپاک کاور مدل Clean مناسب برای سایپا پراید 131 و 132 و صبا، جنس اسپان باند پارچه‌ای، سه لایه و ضد رطوبت","موجود در انبار دیجی کالا","۴.۹","۳۱۵,۰۰۰","","پارکابی خودرو پهلوان مدل GMP1 شیشه ای مات مناسب پژو 206 و 207 جلو و عقب، مقاوم در برابر خط و خش، ساخته شده از پلکسی گلاس با چسب دو طرفه قوی بسته چهار عددی","[object Object]","موجود در انبار دیجی کالا","۳.۸","[object Object]","۹۵۰,۰۰۰","","شامپو بدنه و براق کننده خودرو یاتاش مدل 49 حجم 500 میلی‌لیتر مخصوص خودروهای تیره با قدرت تمیزکنندگی بالا، محافظ رنگ در برابر اشعه ماوراء بنفش و آلودگی، مناسب شستشوی بدون آسیب و بدون باقی‌ماندن رد آب","","","","۱۹۷,۰۰۰","[object Object]","","[object Object]","موجود در انبار دیجی کالا","","[object Object]","۲۱٪","۲۵۰,۰۰۰","",""
"","اسپری واکس داشبورد و داخل کابین خودرو حجم 500 میلی‌لیتر براق کننده، تمیزکننده، پولیش کاری و محافظت کننده برای قسمت‌های پلاستیکی، چرمی و فرمان خودرو","ارسال سریع دیجی‌کالا","۳.۸","۱۸۹,۹۹۰","","اهرم کاپوت کش خودرو چیکال مدل P-135 مناسب برای پژو پارس به همراه خار","[object Object]","ارسال سریع دیجی‌کالا","۳.۹","[object Object]","۶۶,۵۶۰","","قاب پایه ستون وسط خودرو پراید طرح استیل بسته 2 عددی با جنس پلاستیک ABC نشکن، آبکاری شیمیایی ضد خش، مقاوم در برابر نور خورشید و شستشو با کارواش، نصب فابریکی با چسب 2 طرفه","تنها ۲ عدد در انبار باقی مانده","۴","۳۸۰,۰۰۰","","دستمال نظافت خودرو میکروفایبر مدل MB306 بسته 6 عددی بدون نیاز به مواد شوینده، قدرت جذب بالا، ضد چربی و لکه، مناسب بدنه، شیشه، داخل کابین و داشبورد، بدون ایجاد خط و خش و ضد آلرژی","","","۳.۷","[object Object]","۴۷۲,۲۲۰","","خوشبوکننده خودرو مدل اقیانوس حجم 10 میلی لیتر","ارسال ۳ ساعته فروشنده","۳.۵","[object Object]","۹۰,۰۰۰","[object Object]","[object Object]","","تنها ۱ عدد در انبار باقی مانده","","","۲۱٪","۲۴۰,۰۰۰","۱۵٪","۵۵۵,۵۵۰"
"https://dkstatics-public.digikala.com/digikala-products/fdd123326c0d2bcbc933237e786dbfbc38d1cc2a_1748867678.jpg?x-oss-process=image/resize,m_lfit,h_600,w_600/quality,q_90","عایق دینام مدل هدرز مناسب برای پژو 206، پژو 207، رانا و رانا پلاس با بدنه آلیاژ آلومینیوم و عملکرد افزایش ایمنی خودرو نصب کنار مخزن هیدرولیک و دینام","موجود در انبار دیجی کالا","۳.۶","۱,۴۶۰,۰۰۰","https://dkstatics-public.digikala.com/digikala-products/552b08e757e18935a469d17f817603b7474989fd_1678709739.jpg?x-oss-process=image/resize,m_lfit,h_600,w_600/quality,q_90","چادر خودرو لوکس سهیل مدل چریکی مناسب پژو پارس، پژو 405 و پژو 206 صندوق‌دار با جنس PVC، مقاوم در برابر آب و خاک، دارای زیپ درب راننده، جای آینه، بازتاب‌دهنده نور خورشید، محافظت از اشعه UV و جلوگیری از داغ شدن داخل خودرو","[object Object]","ارسال فروشنده","۴.۶","[object Object]","۳,۶۱۰,۰۰۰","https://dkstatics-public.digikala.com/digikala-products/121027279.jpg?x-oss-process=image/resize,m_lfit,h_600,w_600/quality,q_90","پنکه خودرو مدل SNG-1001","موجود در انبار دیجی کالا","۳.۶","۷۲۰,۰۰۰","https://dkstatics-public.digikala.com/digikala-products/a504a99d20fede84f8410428e64a0318ee3c8b3e_1759493508.jpg?x-oss-process=image/resize,m_lfit,h_600,w_600/quality,q_90","برچسب بدنه و شیشه خودرو مدل C1 از جنس پلاستیک با مقاومت در برابر آب، نور خورشید و دما و خاصیت ضدخش","[object Object]","ارسال سریع دیجی‌کالا","۴.۶","[object Object]","۱۲۰,۰۰۰","https://dkstatics-public.digikala.com/digikala-products/cd08556f3804f22902233fc06ed586b86d3e626f_1752433149.jpg?x-oss-process=image/resize,m_lfit,h_600,w_600/quality,q_90","کاور ریموت فلزی سیلیکونی مدل GT - Qk مناسب خودرو کوییک و ساینا با قلاب فلزی محکم، مقاوم در برابر ضربه و آب، قابلیت شب‌ رنگ و همراه پیچ گوشتی و پیچ اضافه","","۴.۶","[object Object]","۶۱۹,۰۰۰","[object Object]","","[object Object]","موجود در انبار دیجی کالا","https://www.digikala.com/statics/img/svg/productCard/topBadge/SpecialSell.svg","[object Object]","۵٪","۳,۸۰۰,۰۰۰","",""
"https://dkstatics-public.digikala.com/digikala-products/13bac0f31233cf618ed53537c747d4bffd23ebcc_1736350909.jpg?x-oss-process=image/resize,m_lfit,h_600,w_600/quality,q_90","کفپوش پنج بعدی خودرو مدل چرم مناسب برای جک S5","موجود در انبار دیجی کالا","۴.۵","۵,۴۰۰,۰۰۰","https://dkstatics-public.digikala.com/digikala-products/83ef8837007c756ed0c4975354ae7c91096857be_1691957591.jpg?x-oss-process=image/resize,m_lfit,h_600,w_600/quality,q_90","کاغذ جلو شیشه خودرو مدل SHIS-30581 مناسب برای پیکان، ساخته شده از جنس کاغذ","[object Object]","موجود در انبار دیجی کالا","۳.۵","[object Object]","۵۹,۱۳۰","https://dkstatics-public.digikala.com/digikala-products/b950b26a1826a50645d3a02bdb543e462344955e_1652073780.jpg?x-oss-process=image/resize,m_lfit,h_600,w_600/quality,q_90","منبع اگزوز خودرو مدل 713 HAF مناسب برای تمامی خودروها با سایلنسر داخلی، تن صدای بم، مقاومت در برابر حرارت و سر اگزوز هفت‌رنگ","تنها ۱ عدد در انبار باقی مانده","۴.۴","۱,۸۳۰,۰۰۰","https://dkstatics-public.digikala.com/digikala-products/5d1f7660777225b1d301f1eab4c5b41844eb1569_1767805836.jpg?x-oss-process=image/resize,m_lfit,h_600,w_600/quality,q_90","برچسب تزئینی شیشه خودرو مدل لانه زنبوری مناسب پراید بسته 4 عددی پلاستیکی مقاوم در برابر آب، نور خورشید و دما با قابلیت نصب از داخل و بیرون خودرو","[object Object]","موجود در انبار دیجی کالا","۳.۵","[object Object]","۲۴۰,۰۰۰","https://dkstatics-public.digikala.com/digikala-products/c8e77ae4159621110ef05ee80df2ee866bc26c5e_1777278563.jpg?x-oss-process=image/resize,m_lfit,h_600,w_600/quality,q_90","محافظ زیر دستگیره درب خودرو مدل PH-J60 بسته 4 عددی از جنس لاستیک و پلاستیک با نصب آسان، چسب پایه آب بدون آسیب به رنگ، مناسب هیوندای سوناتا LF، YF، NF، دنا، سمند سورن، تارا، چری تیگو و کی ام سی","","۴.۴","[object Object]","۲۳۹,۴۰۰","[object Object]","[object Object]","[object Object]","ارسال سریع دیجی‌کالا","https://www.digikala.com/statics/img/svg/productCard/topBadge/SpecialSell.svg","","۵٪","۲۵۲,۰۰۰","",""
"https://dkstatics-public.digikala.com/digikala-products/3f50b10a28df52cdde349ce866556006d8b2eb6d_1767261047.jpg?x-oss-process=image/resize,m_lfit,h_600,w_600/quality,q_90","شامپو بدنه خودرو تیزرو صنعت مدل SH10 حجم 1000 میلی لیتر با فناوری نانو، براق کننده و تمیزکننده قوی، سازگار با پوشش سرامیک، ضد گرد و غبار، آنتی استاتیک و مقاوم در برابر گرما و سرما","ارسال فروشنده","۴.۲","۱۸۴,۷۹۰","https://dkstatics-public.digikala.com/digikala-products/60e2e48d908d4650bfc55c7bb164704811017dd4_1737025847.jpg?x-oss-process=image/resize,m_lfit,h_600,w_600/quality,q_90","بوق خودرو الکتریکی مدل JN907 با صدای رسا و فرکانس 335 و 400 هرتز، ولتاژ 12 ولت و طول عمر بالا، مناسب هشدار در ترافیک و شرایط اضطراری، بسته 2 عددی","[object Object]","موجود در انبار دیجی کالا","۴.۴","[object Object]","۲,۱۶۰,۰۰۰","https://dkstatics-public.digikala.com/digikala-products/3de1bccf2978c0a4c30aa09c5b0902a8735f39ae_1639219378.jpg?x-oss-process=image/resize,m_lfit,h_600,w_600/quality,q_90","موم پاششی پایه آب واکو مدل VAKO حجم 1 لیتر مناسب عایق صندوق و کاپوت خودرو نیسان ماکسیما با چسبندگی فوق‌العاده، مقاومت در برابر بنزین و اسید، انعطاف‌پذیری بالا و قابل رنگ‌پذیری پس از خشک شدن","موجود در انبار دیجی کالا","۴.۲","۴۱۰,۰۰۰","https://dkstatics-public.digikala.com/digikala-products/6d842fd8aeec99a5d8b9efefe9762d56b17169b9_1640540287.jpg?x-oss-process=image/resize,m_lfit,h_600,w_600/quality,q_90","برچسب بدنه خودرو طرح پنجه هیولا و پنجه خرس مدل x2 بسته دو عددی شامل برچسب‌های 11x10 و 34x10 سانتی‌متر با سلفون جهت نصب آسان و برچسب کوچک 7x6 سانتی‌متر مدل هیولا","[object Object]","ارسال سریع دیجی‌کالا","۴.۳","[object Object]","۱۰۶,۸۰۰","https://dkstatics-public.digikala.com/digikala-products/aa7ed5de08efbe15ec3effea268c5b7b7b30a25e_1632641374.jpg?x-oss-process=image/resize,m_lfit,h_600,w_600/quality,q_90","قفل پدال خودرو مدل P131 مناسب پراید با بدنه فولادی مقاوم و روکش آهنی","","۴.۲","[object Object]","۲۸۵,۰۰۰","[object Object]","[object Object]","[object Object]","موجود در انبار دیجی کالا","https://www.digikala.com/statics/img/svg/productCard/topBadge/SpecialSell.svg","[object Object]","۱۲٪","۲۱۰,۰۰۰","۱۰٪","۲,۴۰۰,۰۰۰"
"https://dkstatics-public.digikala.com/digikala-products/4810693.jpg?x-oss-process=image/resize,m_lfit,h_600,w_600/quality,q_90","پولیش شیشه خودرو کی وان مدل k70 حجم 250 میلی‌لیتر با فرمولاسیون پایه آب، ترمیم کننده خط و خش‌ سطحی، پاک کننده لکه‌ و جرم سخت، براق کننده و پولیش کاری قوی","موجود در انبار دیجی کالا","۳.۴","۶۹۵,۶۴۰","https://dkstatics-public.digikala.com/digikala-products/3ddb5e987b9c5b9214ccb3132bec43dc314b4925_1704481900.jpg?x-oss-process=image/resize,m_lfit,h_600,w_600/quality,q_90","سر اگزوز دهانه بیضی SPORT مناسب برای پراید و پیکان، ساخته شده در ایران، با ابعاد 140x60x50 میلی‌متر و وزن 200 گرم","[object Object]","موجود در انبار دیجی کالا","۴","[object Object]","۱۸۴,۰۰۰","https://dkstatics-public.digikala.com/digikala-products/5fcb779d5fdb27df6f7ba5f59da2c031c0ce7a9e_1687725911.jpg?x-oss-process=image/resize,m_lfit,h_600,w_600/quality,q_90","چادر خودرو پارچه‌ای مناسب پراید صبا مدل Car-sp با پارچه درجه یک و الیاف پنبه‌ای، مقاوم در برابر اشعه مضر خورشید و محافظت از رنگ خودرو در برابر تابش UV","تنها ۱ عدد در انبار باقی مانده","۴.۱","۲,۴۷۴,۰۰۰","https://dkstatics-public.digikala.com/digikala-products/f9097f7c42580bcbeda83c188822eed4243ffcae_1700658978.jpg?x-oss-process=image/resize,m_lfit,h_600,w_600/quality,q_90","چشمی آبپاش شیشه‌شوی خودرو بیلگین مدل P-2 مناسب برای انواع پراید شامل پراید 111، 131، 132، 141، 151 وانت، X100، صبا و نسیم، بسته 2 عددی","[object Object]","موجود در انبار دیجی کالا","۴.۱","[object Object]","۱۵۰,۰۰۰","https://dkstatics-public.digikala.com/digikala-products/09f9dece3f9593504ca2a18b8471c37d99f45a41_1636014369.jpg?x-oss-process=image/resize,m_lfit,h_600,w_600/quality,q_90","کارواش نووا مدل NTW 4110","ارسال ۳ ساعته فروشنده","۴.۱","[object Object]","۲۵,۱۰۰,۰۰۰","[object Object]","","","","","","","","",""
"https://dkstatics-public.digikala.com/digikala-products/18e127645ea9e0dd51f63f66cdc9fb639b2a0e0b_1670685114.jpg?x-oss-process=image/resize,m_lfit,h_600,w_600/quality,q_90","برچسب بدنه خودرو طرح فرانسه سایز 12x7.5 کد PA003 مناسب نصب روی خودرو","موجود در انبار دیجی کالا","۳.۱","۹۸,۰۰۰","https://dkstatics-public.digikala.com/digikala-products/c82ecd88a389680e3716a9e9b162b7de4c57a366_1744783484.jpg?x-oss-process=image/resize,m_lfit,h_600,w_600/quality,q_90","خوشبوکننده و تصفیه‌کننده هوای خودرو امگا مدل AC50 با 4 مد اسپری، باتری 300 میلی‌آمپر ساعت، پورت شارژ تایپ‌سی، طراحی ایستاده و افکت نور آسمان پرستاره","[object Object]","ارسال فروشنده","۴","[object Object]","۳,۵۲۵,۰۰۰","https://dkstatics-public.digikala.com/digikala-products/2443997.jpg?x-oss-process=image/resize,m_lfit,h_600,w_600/quality,q_90","خوشبوکننده آویزی خودرو آرئون مدل Bubble Gum با رایحه آدامس بادکنکی، ساخت بلغارستان، وزن 16 گرم و ابعاد 13.5x7x1 سانتی‌متر، از بین برنده بوهای نامطبوع","","۴.۳","۳۹۲,۰۰۰","https://dkstatics-public.digikala.com/digikala-products/b0ce74bfbb7411a06aad69e2686f845ee71eef51_1782631039.jpg?x-oss-process=image/resize,m_lfit,h_600,w_600/quality,q_90","دسته سیم کامل موتور دژپارت مدل 9647888880مناسب برای پژو 206","[object Object]","موجود در انبار دیجی کالا","۳","[object Object]","۱۷,۰۰۰,۰۰۰","https://dkstatics-public.digikala.com/digikala-products/9bc7738db0af953cd93c9ba039cc4c0ae065c57a_1752494632.jpg?x-oss-process=image/resize,m_lfit,h_600,w_600/quality,q_90","زبانه کمربند ایمنی خودرو کد M-1 مناسب برای پژو پارس","ارسال ۳ ساعته فروشنده","","","۷۶,۵۵۰","[object Object]","","[object Object]","موجود در انبار دیجی کالا","https://www.digikala.com/statics/img/svg/productCard/topBadge/SpecialSell.svg","","۲۵٪","۴,۷۰۰,۰۰۰","۵٪","۸۰,۵۸۰"
"https://dkstatics-public.digikala.com/digikala-products/c9b8d569dc2f36c19376c23e601c8a32784656be_1784636706.jpg?x-oss-process=image/resize,m_lfit,h_600,w_600/quality,q_90","تیوب چرخ خودرو مدل 1003 کد 14-650 TR13 مناسب برای پژو 405 و 206","موجود در انبار دیجی کالا","۴.۶","۱,۲۰۹,۰۰۰","https://dkstatics-public.digikala.com/digikala-products/39ae17920ae91ea8f0138a73f9a639460e01d6ec_1777881897.jpg?x-oss-process=image/resize,m_lfit,h_600,w_600/quality,q_90","روکش صندلی خودرو چرمی مارال مدل پرایم کد 8011 مناسب پژو 206 و 207، ست کامل 13 تکه، ضدتعریق و قابل شست‌وشو، سازگار با ایربگ جانبی و دوام بالا","[object Object]","ارسال فروشنده","۴","[object Object]","۱۰,۸۷۷,۵۰۰","https://dkstatics-public.digikala.com/digikala-products/ea1c4f5a66552f01d5f81ad873462c40186fd336_1682280395.jpg?x-oss-process=image/resize,m_lfit,h_600,w_600/quality,q_90","فنر سوتکش اگزوز مدل p2 مناسب پژو 405 با ابعاد 12x2x12 میلی‌متر و وزن 100 گرم ساخت ایران","ارسال سریع دیجی‌کالا","۴","۱۴,۰۰۰","https://dkstatics-public.digikala.com/digikala-products/bc543c7cbed4cbbc3dffd6510e0f797804f6dafd_1679840519.jpg?x-oss-process=image/resize,m_lfit,h_600,w_600/quality,q_90","چادر خودرو ام جی مکث مدل تابستان مناسب پژو پارس با پارچه مرغوب درجه یک پنبه‌ای، مقاوم در برابر اشعه UV و سایز بزرگ، محافظت از رنگ خودرو در برابر آفتاب و گرد و غبار","[object Object]","ارسال فروشنده","۳.۵","[object Object]","۲,۴۹۰,۰۰۰","https://dkstatics-public.digikala.com/digikala-products/ddb533bdcdc7a54a8fb6130fee8749a995243767_1747488742.jpg?x-oss-process=image/resize,m_lfit,h_600,w_600/quality,q_90","سر والف لاستیک خودرو چیکال مدل شبرنگی بسته 4 عددی، نورانی بدون نیاز به باطری، مقاوم در برابر زنگ زدگی، محافظ سوزن والف، مناسب انواع خودروهای سواری و دیزلی، نصب ساده پیچی، طول 5 سانتی‌متر","","","","۱۴۵,۰۱۰","[object Object]","","[object Object]","موجود در انبار دیجی کالا","https://www.digikala.com/statics/img/svg/productCard/topBadge/SpecialSell.svg","[object Object]","۶۶٪","۴۱,۰۰۰","",""
"https://dkstatics-public.digikala.com/digikala-products/f144539b7536a5bdb505e2838e548292ceac4ac8_1658053527.jpg?x-oss-process=image/resize,m_lfit,h_600,w_600/quality,q_90","آرم صندوق عقب خودرو چیکال مدل P-139 مناسب برای دنا با جنس پلاستیک و ABS، آبکاری کروم، مقاوم در برابر زنگ‌زدگی و آفتاب‌سوختگی، نصب آسان با چسب دوطرفه","موجود در انبار دیجی کالا","۲.۸","۱۱۵,۳۷۰","https://dkstatics-public.digikala.com/digikala-products/e3d8e1f3b27c8c3bb667b2e673960f8c1b39a6b8_1730270651.jpg?x-oss-process=image/resize,m_lfit,h_600,w_600/quality,q_90","آنتن خودرو چیکال مدل P-311-SPORT مناسب برای انواع پراید با اتصال پیچی، طول کوتاه 25.5 سانتی‌متر، جنس فلزی و عملکرد غیر برقی همراه با مهره 6","[object Object]","ارسال سریع دیجی‌کالا","۳.۸","[object Object]","۷۷,۸۲۰","https://dkstatics-public.digikala.com/digikala-products/3d7cd16cea82f421217c7aae815a3e23c5d143d6_1638635365.jpg?x-oss-process=image/resize,m_lfit,h_600,w_600/quality,q_90","خز طاقچه عقب خودرو از جنس الیاف پنبه و مصنوعی و پارچه مناسب برای تمام خودروها کد ZRSH52145","تنها ۳ عدد در انبار باقی مانده","۳.۸","۲۷۶,۳۰۰","https://dkstatics-public.digikala.com/digikala-products/180d154d50197802868723a35fcf5e6d6d96fdda_1763981317.jpg?x-oss-process=image/resize,m_lfit,h_600,w_600/quality,q_90","کاور ریموت و سوئیچ خودرو ام آر جی مدل G1212 طرح گرادیانی مناسب برای کوییک","[object Object]","موجود در انبار دیجی کالا","۴.۸","[object Object]","۱۸۹,۰۰۰","https://dkstatics-public.digikala.com/digikala-products/01feda56016839b25ed3e610a33e92a74a9ef2e9_1667298726.jpg?x-oss-process=image/resize,m_lfit,h_600,w_600/quality,q_90","تشک بادی صندلی عقب خودرو مدل tidur با رویه مخمل دولایه، تحمل وزن 155 کیلوگرم، پمپ باد فندکی 12 ولت، 2 عدد بالش بادی، کیت ترمیم و قابلیت استفاده به‌عنوان مبل بادی و تخت سفری","","۳.۸","[object Object]","۴,۹۶۰,۰۰۰","[object Object]","[object Object]","[object Object]","موجود در انبار دیجی کالا","","","","","",""
"","روکش داشبورد خودرو بابل کارپت کد k125 مناسب برای پراید 131","موجود در انبار دیجی کالا","۳.۸","۳۸۹,۹۸۰","","شاخ تزئینی داشبورد و سپر خودرو پلی‌استر مدل دندانی بسته 2 عددی قابل نصب با چسب دو طرفه مناسب تمام خودروها","[object Object]","موجود در انبار دیجی کالا","۳.۷","[object Object]","۷۸,۰۰۰","","برس گردگیر خودرو مدل JMN 140 با پرز نرم و بادوام، دسته چوبی ارگونومیک و طراحی مناسب برای تمیز کردن دقیق داخل کابین، شکاف‌ها، پنل و خروجی هوا","تنها ۳ عدد در انبار باقی مانده","۴","۱۱۵,۰۰۰","","مچی کامل 4 درب خودرو مناسب سایپا پراید مدل TK06 شامل کلید بالابر راننده و شاگرد، دستگیره بالابر عقب چپ و راست، دستگیره درب بازکن داخلی، پیچ و خار، نصب آسان و کاربردی","[object Object]","موجود در انبار دیجی کالا","۳.۶","[object Object]","۳,۵۹۰,۰۰۰","","کاور ریموت خودرو وارون مدل P-947 مناسب برای ام وی ام X22 PRO، X55 PRO، X33 CROSS، جنس آهن مقاوم در برابر ضربه و دارای ابعاد 12x10x5 سانتی‌متر","","۴.۴","[object Object]","۸۵۰,۰۰۰","[object Object]","[object Object]","[object Object]","موجود در انبار دیجی کالا","","","۲۸٪","۴,۹۸۰,۱۴۰","",""
"","محافظ ضدخش دستگیره خودرو سیلیکونی بسته4 عددی مدل دنا پلاس مناسب انواع خودروهای داخلی و خارجی، ضد آب و مقاوم در برابر خط و خش برای محافظت از بدنه خودرو","ارسال سریع دیجی‌کالا","۳.۴","۳۳۰,۰۰۰","","زیرسیگاری پلاستیکی داخل خودرو مدل farha4599 با چراغ ال ای دی و محفظه تک‌گانه","[object Object]","موجود در انبار دیجی کالا","۴.۴","[object Object]","۴۳۰,۰۰۰","","برچسب درب باک خودرو سیاه و سپید مدل SS101-M ابعاد 10 در 9 سانتی‌متر ضد آب و مقاوم در برابر نور خورشید","تنها ۲ عدد در انبار باقی مانده","۴.۴","۷۷,۲۴۰","","روکش ترمز دستی کد Z1009 مناسب برای پژو 206","[object Object]","موجود در انبار دیجی کالا","۴.۲","[object Object]","۱۴۸,۰۰۰","","برچسب بدنه خودرو مدل 01 -  Four leaves Red  بسته دو عددی","","۴.۲","[object Object]","۵۰,۰۰۰","[object Object]","","[object Object]","موجود در انبار دیجی کالا","","","۱۳٪","۳۸۰,۰۰۰","",""
"","قاب ریموت سوییچ خودرو کروز پلاس مدل دو دکمه مناسب پژو 206، جنس پلاستیک، ابعاد 5x5x3 سانتی‌متر، وزن 100 گرم فاقد برد الکترونیکی و تگ سوییچ","موجود در انبار دیجی کالا","۴.۲","۳۲۰,۰۰۰","","تشک سفری خودرو آردوج مدل تاشو با لایه چرم مصنوعی ضد آب، تحمل وزن بالا، طراحی ارگونومیک برای نشیمن‌گاه و کمر، دارای نظم دهنده پشت صندلی، قابلیت شست‌وشو، ابعاد 125x86 سانتی‌متر و کاور مخصوص، تولید ایران","[object Object]","موجود در انبار دیجی کالا","۴.۳","[object Object]","۴,۷۵۰,۰۰۰","","پیچ پنچرگیری فنی آهنی مدل 01 بسته 10 عددی مناسب تمام خودروهای بنزینی با قابلیت پوشش شیار لاستیک و جلوگیری موقت از نشت هوا در مواقع اضطراری","تنها ۲ عدد در انبار باقی مانده","۴.۱","۴۹۷,۰۰۰","","کابل تقویت اتصال بدنه خودرو مدل اولترا توربو پلاس","[object Object]","موجود در انبار دیجی کالا","۴.۲","[object Object]","۵۹۵,۰۰۰","","هدرز خودرو فولادی مناسب برای نیسان وانت با ابعاد 50x32x8 سانتی‌متر، افزایش خروج سریع دود، بهبود توان و گشتاور موتور و بهینه‌سازی مصرف سوخت","ارسال ۳ ساعته فروشنده","۳.۱","[object Object]","۵,۱۳۰,۰۰۰","[object Object]","","","","","","۱۲٪","۵,۴۰۰,۰۰۰","",""
"","آویز خوشبوکننده خودرو واتسون مدل C03 با رایحه قهوه وانیل حجم 10 میلی‌لیتر بسته 2عددی","ارسال سریع دیجی‌کالا","۳.۲","۴۹۵,۰۰۰","","سر باتری خودرو چیکال مدل P-2034 بسته 2 عددی با جنس فلز برنج، اتصال پیچی، مقاوم در برابر ضربه و آب، دارای استاندارد ایمنی و مناسب برای انواع خودروهای ایرانی و خارجی","[object Object]","موجود در انبار دیجی کالا","۴","[object Object]","۲۲۰,۶۶۰","","جعبه نظم دهنده صندوق عقب خودرو مدل Z213 با جنس برزنت، دارای 9 محفظه و ساختار محکم با ابر در دیواره، ابعاد 50x30x30 سانتی‌متر و پایه ضد لغزش برای ثبات بیشتر","تنها ۱ عدد در انبار باقی مانده","۴.۱","۵۹۰,۰۰۰","","اسپری پاک کننده داخل خودرو فونیکس مدل PH3 حجم 600 میلی‌لیتر مناسب برای داشبورد، روکش صندلی، فرمان، قسمت‌های چرمی، پلاستیکی و لاستیکی با قدرت تمیزکنندگی قوی و همه‌کاره","[object Object]","ارسال سریع دیجی‌کالا","۴.۱","[object Object]","۲۵۸,۲۶۰","","طاقچه خودرو مدل o98 مناسب برای پژو 206","","۵","[object Object]","۱,۱۵۰,۰۰۰","[object Object]","[object Object]","[object Object]","موجود در انبار دیجی کالا","","","۳۷٪","۷۹۰,۰۰۰","۲۹٪","۸۳۰,۰۰۰"
"","کاور سیلیکونی ریموت خودرو مناسب خودروهای ایران خودرو و سایپا مدل 01، محافظت در برابر خط و خش، ضربه و گردوغبار، طراحی فانتزی و سبک با وزن 40 گرم و ابعاد 5x5x5 سانتی‌متر","ارسال فروشنده","۵","۴۰۰,۰۰۰","","کفپوش خودرو سه بعدی قالبی پلی‌اورتان مناسب پژو پارس با پشت نمد ضد آب، ضد خش و بدون لغزش، طراحی 3 تکه برای کف جلو و عقب خودرو","[object Object]","موجود در انبار دیجی کالا","۴","[object Object]","۸۷۳,۵۶۰","","تشک بادی سفری خودرو کد 4","تنها ۲ عدد در انبار باقی مانده","۴","۶,۹۰۰,۰۰۰","","کیت مکش تامی تیونینگ مدل PVC مناسب برای پراید انژکتوری","[object Object]","موجود در انبار دیجی کالا","۳","[object Object]","۷۷۷,۷۷۰","","کفپوش خودرو سه بعدی قالبی مدل پلیمری پشت نمد مناسب برای پژو 405","","","","۸۶۳,۰۰۰","[object Object]","[object Object]","","تنها ۲ عدد در انبار باقی مانده","","","۳۵٪","۱,۲۰۰,۰۰۰","",""
"https://dkstatics-public.digikala.com/digikala-products/80b9112ac1bd1329dff9b56a2c11fb14db6c1a0c_1609146540.jpg?x-oss-process=image/resize,m_lfit,h_600,w_600/quality,q_90","روکش داشبورد خودرو بابل کارپت کد k125 مناسب برای پراید 131","موجود در انبار دیجی کالا","۳.۸","۳۸۹,۹۸۰","https://dkstatics-public.digikala.com/digikala-products/365f420a5df3c8bb9cea2f035f180dd9d8c98d71_1760556867.jpg?x-oss-process=image/resize,m_lfit,h_600,w_600/quality,q_90","شاخ تزئینی داشبورد و سپر خودرو پلی‌استر مدل دندانی بسته 2 عددی قابل نصب با چسب دو طرفه مناسب تمام خودروها","[object Object]","موجود در انبار دیجی کالا","۳.۷","[object Object]","۷۸,۰۰۰","https://dkstatics-public.digikala.com/digikala-products/63896c113ed2b7f7d7d30e15420b0c87e272ebda_1708271402.jpg?x-oss-process=image/resize,m_lfit,h_600,w_600/quality,q_90","برس گردگیر خودرو مدل JMN 140 با پرز نرم و بادوام، دسته چوبی ارگونومیک و طراحی مناسب برای تمیز کردن دقیق داخل کابین، شکاف‌ها، پنل و خروجی هوا","تنها ۳ عدد در انبار باقی مانده","۴","۱۱۵,۰۰۰","https://dkstatics-public.digikala.com/digikala-products/ec946f8f2da60b8cf70ad8f3c2a2e0babe35de97_1698601558.jpg?x-oss-process=image/resize,m_lfit,h_600,w_600/quality,q_90","مچی کامل 4 درب خودرو مناسب سایپا پراید مدل TK06 شامل کلید بالابر راننده و شاگرد، دستگیره بالابر عقب چپ و راست، دستگیره درب بازکن داخلی، پیچ و خار، نصب آسان و کاربردی","[object Object]","موجود در انبار دیجی کالا","۳.۶","[object Object]","۳,۵۹۰,۰۰۰","https://dkstatics-public.digikala.com/digikala-products/39392a48e1d5eaeccbab3bf3009d53932d569255_1735629789.jpg?x-oss-process=image/resize,m_lfit,h_600,w_600/quality,q_90","کاور ریموت خودرو وارون مدل P-947 مناسب برای ام وی ام X22 PRO، X55 PRO، X33 CROSS، جنس آهن مقاوم در برابر ضربه و دارای ابعاد 12x10x5 سانتی‌متر","","۴.۴","[object Object]","۸۵۰,۰۰۰","[object Object]","[object Object]","[object Object]","موجود در انبار دیجی کالا","https://www.digikala.com/statics/img/svg/productCard/topBadge/SpecialSell.svg","","۲۸٪","۴,۹۸۰,۱۴۰","",""
"https://dkstatics-public.digikala.com/digikala-products/9ff201b7d390ab496e0681701fc62e7deb92224b_1758608069.jpg?x-oss-process=image/resize,m_lfit,h_600,w_600/quality,q_90","محافظ ضدخش دستگیره خودرو سیلیکونی بسته4 عددی مدل دنا پلاس مناسب انواع خودروهای داخلی و خارجی، ضد آب و مقاوم در برابر خط و خش برای محافظت از بدنه خودرو","ارسال سریع دیجی‌کالا","۳.۴","۳۳۰,۰۰۰","https://dkstatics-public.digikala.com/digikala-products/120633990.jpg?x-oss-process=image/resize,m_lfit,h_600,w_600/quality,q_90","زیرسیگاری پلاستیکی داخل خودرو مدل farha4599 با چراغ ال ای دی و محفظه تک‌گانه","[object Object]","موجود در انبار دیجی کالا","۴.۴","[object Object]","۴۳۰,۰۰۰","https://dkstatics-public.digikala.com/digikala-products/2bedd7cf6840d1bfb8b67ead17fd79ffa8cbac79_1689619603.jpg?x-oss-process=image/resize,m_lfit,h_600,w_600/quality,q_90","برچسب درب باک خودرو سیاه و سپید مدل SS101-M ابعاد 10 در 9 سانتی‌متر ضد آب و مقاوم در برابر نور خورشید","تنها ۲ عدد در انبار باقی مانده","۴.۴","۷۷,۲۴۰","https://dkstatics-public.digikala.com/digikala-products/9e53b33fffe3f048dbc5f3492e8e034fab433a63_1640613633.jpg?x-oss-process=image/resize,m_lfit,h_600,w_600/quality,q_90","روکش ترمز دستی کد Z1009 مناسب برای پژو 206","[object Object]","موجود در انبار دیجی کالا","۴.۲","[object Object]","۱۴۸,۰۰۰","https://dkstatics-public.digikala.com/digikala-products/c1fa18a6406b11f029b2efd4a0728a8726213205_1642019673.jpg?x-oss-process=image/resize,m_lfit,h_600,w_600/quality,q_90","برچسب بدنه خودرو مدل 01 -  Four leaves Red  بسته دو عددی","","۴.۲","[object Object]","۵۰,۰۰۰","[object Object]","","[object Object]","موجود در انبار دیجی کالا","https://www.digikala.com/statics/img/svg/productCard/topBadge/SpecialSell.svg","","۱۳٪","۳۸۰,۰۰۰","",""
"","غربیلک فرمان خودرو مومو مدل اسپرت کد 2","موجود در انبار دیجی کالا","۴","۶,۴۸۵,۰۰۰","","چادر خودرو پنبه ای پاسیکو مدل P923 مناسب برای پژو 405","[object Object]","موجود در انبار دیجی کالا","۴","[object Object]","۳,۳۶۲,۰۰۰","","برچسب بدنه خودرو طرح بغل لوگو مدل mso270 بسته 2 عددی مقاوم در برابر آب و شستشو، نصب آسان با سلفون و نصب از خارج خودرو ابعاد 7 در 16 سانتی‌متر رنگ قرمز","تنها ۱ عدد در انبار باقی مانده","۴.۱","۱۱۳,۰۲۰","","اسپری تمیز کننده داخل خودرو روناکس مدل htz1 حجم 450 میلی لیتر","[object Object]","ارسال سریع دیجی‌کالا","","","۱۹۹,۰۰۰","","تستر LED تست سیم کشی خودرو و موتور سیکلت مدل RG001 با سیم 2 متر، تشخیص مثبت و منفی با ال ای دی دو رنگ، قابلیت تشخیص پالس، نوک تیز بدون نیاز به لخت کردن سیم و ضد آب","ارسال ۳ ساعته فروشنده","","","۲۲۵,۱۲۰","[object Object]","","","","","","","","",""
"","عایق نمدی کف خودرو مدل L1 با ابعاد 208x96 سانتی‌متر مناسب پراید، دنا، نیسان پیکاپ، تیبا، نیسان رونیز و وانت کارا با قابلیت عایق‌صدا، جلوگیری از سرما و گرما و قابل شست‌وشو","ارسال سریع دیجی‌کالا","۴.۱","۴۴۱,۱۰۰","","خوشبوکننده کارتی خودرو النا مدل تابستان خنک با رایحه Cool Summer","[object Object]","موجود در انبار دیجی کالا","۴.۸","[object Object]","۱۷۲,۸۰۰","","فوم کفی صندلی خودرو پژو 405، پارس و پیکان مدل 200 از جنس فوم سرد پلی اورتان با کیفیت بالا و تطابق کامل با فوم فابریک، مناسب تعویض فوم فرسوده برای رفع فرو رفتگی و افزایش راحتی رانندگی","تنها ۲ عدد در انبار باقی مانده","۴.۸","۱,۴۹۰,۰۰۰","","ساعت آنالوگ خودرو مدل PGT با بدنه استیل آندایز شده، قابلیت نصب روی داشبورد و دریچه هوا، دارای عقربه‌های شب نما، باتری سکه‌ای قابل تعویض، دکمه تنظیم ساعت و ضد آب و رطوبت","[object Object]","موجود در انبار دیجی کالا","۳.۹","[object Object]","۶۷۲,۶۰۰","","ضربه گیر سپر خودرو مدل s129 از پلی‌اورتان درجه 1 با چسب TOP TAPE مقاوم در برابر نور خورشید و فشار کارواش، مناسب برای انواع خودروهای ایرانی و خارجی، نصب آسان و قابل تنظیم، بسته 2 عددی","","۴","[object Object]","۲۵۶,۰۰۰","[object Object]","","[object Object]","ارسال سریع دیجی‌کالا","","","۷۰٪","۱,۴۵۲,۰۰۰","۲۰٪","۲۱۶,۰۰۰"
"","پیچ چرخ و رینگ ضد سرقت خودرو قطعه سازان کبیر مدل PICH-PARS-30899 مناسب برای پژو پارس مجموعه 6 عددی","ارسال فروشنده","۴.۴","۱,۱۰۰,۰۰۰","","کفپوش سه بعدی خودرو پانیذ مدل MHLB مناسب پژو 206 با رویه و پشت پلی اورتان، لب برگردان، مقاوم در برابر مایعات و آب، ضد تغییر شکل در دراز مدت و ضد لغزش، تولید ایران","[object Object]","موجود در انبار دیجی کالا","۳.۵","[object Object]","۱,۱۸۴,۰۰۰","","برچسب بدنه خودرو ضدخش کد G2B با جنس کاغذ روکش‌دار و پلاستیک، مقاوم در برابر آب، نور خورشید و دما، مناسب تزئینی و آرم خودرو","تنها ۲ عدد در انبار باقی مانده","۴.۵","۱۲۰,۰۰۰","","کفپوش پنج‌بعدی خودرو مدل K 6 مناسب سایپا ساینا، تیبا، تیبا 2، کوییک، پراید 131، پراید 132 و پراید صبا با جنس چرم مصنوعی، ضد آب، ضد خش، مقاوم در برابر حرارت و سرما، بدون لغزش و نصب 4 تکه","[object Object]","ارسال فروشنده","۳.۵","[object Object]","۳,۷۰۰,۰۰۰","","روکش صندلی خودرو ادا روکش مدل سناتور مناسب پراید 131 و 132 و صبا، چرمی ضخیم ضد خش، پک کامل 10 تکه با پشتی و کفی طبی، پشت گردنی و جا موبایلی جلو و عقب، آستر و ابر مرغوب، الگو متناسب با فریم صندلی","","۴.۵","[object Object]","۵,۶۸۶,۶۱۰","[object Object]","","","تنها ۱ عدد در انبار باقی مانده","","","۲۶٪","۱,۶۰۰,۰۰۰","",""
"https://dkstatics-public.digikala.com/digikala-products/e4c5895770f3c0e1d5e16ebaeeb1283b64e5f28b_1771171554.jpg?x-oss-process=image/resize,m_lfit,h_600,w_600/quality,q_90","درپوش هدلایت خودرو مدل bio کد 103 بسته دو عددی","موجود در انبار دیجی کالا","۴","۱۵۰,۰۰۰","https://dkstatics-public.digikala.com/digikala-products/d59ead96b2951743b585bb00361d815779841fdc_1783452828.jpg?x-oss-process=image/resize,m_lfit,h_600,w_600/quality,q_90","روکش صندلی خودرو پارچه ای 10 تیکه مدل VIP مناسب برای پژو 405","[object Object]","موجود در انبار دیجی کالا","۴","[object Object]","۴,۹۵۴,۹۵۰","https://dkstatics-public.digikala.com/digikala-products/8baca8d6ea24c9bcd4a15df738df8f2fb9b46461_1733922043.jpg?x-oss-process=image/resize,m_lfit,h_600,w_600/quality,q_90","درب موتور برف پاک کن کد bbz-392 مناسب برای تیبا","تنها ۳ عدد در انبار باقی مانده","۴","۵۰۷,۳۶۰","https://dkstatics-public.digikala.com/digikala-products/69281ce6fd2c28b1ca8a9891654fcd547f4312e1_1607254692.jpg?x-oss-process=image/resize,m_lfit,h_600,w_600/quality,q_90","ردیاب خودرو وایزر مدل F150 با موقعیت‌یابی دقیق GPS، هشدار حرکت و باز شدن درب، ارسال SOS، کنترل روشن و خاموش کردن خودرو و قابلیت قفل و باز کردن درب خودرو از راه دور","[object Object]","موجود در انبار دیجی کالا","۴.۱","[object Object]","۱۱,۹۵۰,۰۰۰","https://dkstatics-public.digikala.com/digikala-products/a42d55cf618ff52a2d4f7a61e1afe4ef1af797b4_1744470179.jpg?x-oss-process=image/resize,m_lfit,h_600,w_600/quality,q_90","دندون سپر خودرو اس پی اس کد RID مجموعه 2عددی","","","","۷۵,۰۰۰","[object Object]","","[object Object]","موجود در انبار دیجی کالا","https://www.digikala.com/statics/img/svg/productCard/topBadge/SpecialSell.svg","","۲۳٪","۶,۴۳۵,۰۰۰","",""
"https://dkstatics-public.digikala.com/digikala-products/5830a1a8ab491827e8c93d0d989260a610368311_1767124966.jpg?x-oss-process=image/resize,m_lfit,h_600,w_600/quality,q_90","قاب کلید شیشه بالابر جلو راست کروز پلاس مدل مالتی پلکس مناسب برای سمند سورن با جنس پلاستیک و نصب آسان در درب جلو خودرو","موجود در انبار دیجی کالا","۴.۸","۱۵۹,۰۰۰","https://dkstatics-public.digikala.com/digikala-products/19b2e54cc2afac2e688388db19e4c1e598913057_1755684546.jpg?x-oss-process=image/resize,m_lfit,h_600,w_600/quality,q_90","روکش فرمان پارچه‌ای پشمی مدل 01 مناسب پژو 206 و پژو 207 با قطر 38 سانتی‌متر، نصب آسان، تراکم بالا و دوام مقاوم در برابر پرزدهی و تغییر شکل، مناسب استفاده در تمام فصل‌ها","[object Object]","موجود در انبار دیجی کالا","۳.۸","[object Object]","۳۳۰,۰۰۰","https://dkstatics-public.digikala.com/digikala-products/67b934b6cd2456ba938616381ca1b208e0246378_1607539585.jpg?x-oss-process=image/resize,m_lfit,h_600,w_600/quality,q_90","بوق خودرو مدل 1011 بسته دو عددی با فیش و رله مخصوص، صدای مشابه بوق بوش فابریک، ساخت ایران و دارای هولوگرام اصالت و کیفیت","تنها ۲ عدد در انبار باقی مانده","۴.۱","۴,۲۰۰,۰۰۰","https://dkstatics-public.digikala.com/digikala-products/f672c80120a500a851c2cd24f03fd39b8e76b273_1778486528.jpg?x-oss-process=image/resize,m_lfit,h_600,w_600/quality,q_90","برچسب درب باک خودرو طرح استیل کد PG مناسب برای پژو پارس و 405","","","۳.۷","[object Object]","۱۶۰,۰۰۰","https://dkstatics-public.digikala.com/digikala-products/5bb1a8d7aaa56de775158e37da943294e1af0546_1775655419.jpg?x-oss-process=image/resize,m_lfit,h_600,w_600/quality,q_90","کارواش شارژی خانگی و نیمه‌صنعتی ویوارکس مدل VR2425V2-PW با توان موتور 20 وات، فشار آب 50 بار، دبی آب 3.5 لیتر در دقیقه و قابلیت مکش خودکار آب","ارسال ۳ ساعته فروشنده","۳.۷","[object Object]","۶,۵۰۰,۰۰۰","[object Object]","[object Object]","","","","","","","",""
"https://dkstatics-public.digikala.com/digikala-products/c4f30c88c1c2bcfa0cfe6fc668cbdd19ea1f5779_1761166484.jpg?x-oss-process=image/resize,m_lfit,h_600,w_600/quality,q_90","آرم فلزی وسط غربیلک فرمان چیکال مدل K-632 مناسب پژو 206 با مقاومت در برابر آب، نور خورشید و دما","ارسال سریع دیجی‌کالا","۳.۷","۹۸,۴۹۰","https://dkstatics-public.digikala.com/digikala-products/dd9832e16027ec55b84f096bcba13b71244f0c7c_1727682653.jpg?x-oss-process=image/resize,m_lfit,h_600,w_600/quality,q_90","نوار درزگیر و صداگیر درب خودرو پنج لایه طول 4.5 متر با چسب 2 طرفه، عایق حرارتی و صوتی، کاهش نفوذ صدا، گرد و غبار و آب، نصب آسان روی لبه درب، کاپوت و صندوق عقب تمام خودروها","[object Object]","موجود در انبار دیجی کالا","۳.۹","[object Object]","۳۵۴,۰۰۰","https://dkstatics-public.digikala.com/digikala-products/7839d711fab0f1ecd12f5d62b2e6295e69f31db0_1665647136.jpg?x-oss-process=image/resize,m_lfit,h_600,w_600/quality,q_90","آرم صندوق عقب خودرو چیکال مدل P-232-PEOT مناسب پژو 206 با نصب آسان و همراه چسب دو طرفه، طراحی تمام حروف لاتین چسبیده","تنها ۲ عدد در انبار باقی مانده","۳.۵","۹۳,۶۴۰","https://dkstatics-public.digikala.com/digikala-products/5e987e9ef1b4821fd6191f3481cf90a240ac37ca_1723620037.jpg?x-oss-process=image/resize,m_lfit,h_600,w_600/quality,q_90","پد ژله‌ای محافظ دکمه فرمان و مانیتور خودرو پژو 207 وارون مدل P-758 مجموعه 18 عددی، ساخته شده از رزین پلی اورتان، ضد حرارت و خط‌خوردگی، چسبندگی قوی بدون باقی‌ماندن اثر چسب و نصب آسان","[object Object]","موجود در انبار دیجی کالا","۳.۸","[object Object]","۵۴۰,۰۰۰","https://dkstatics-public.digikala.com/digikala-products/4ac0acafb2ce9d1076180889a84512503588e93a_1693068252.jpg?x-oss-process=image/resize,m_lfit,h_600,w_600/quality,q_90","کفپوش سه بعدی خودرو بابل کارپت مدل لاکچری مناسب برای پراید","ارسال ۳ ساعته فروشنده","۳.۶","[object Object]","۳,۶۳۹,۱۶۰","[object Object]","","","","https://www.digikala.com/statics/img/svg/productCard/topBadge/SpecialSell.svg","","۷٪","۳,۹۲۸,۵۹۰","",""
"https://dkstatics-public.digikala.com/digikala-products/9f3af30d23f32d0820eb38f9931f44877d2044d4_1661052357.jpg?x-oss-process=image/resize,m_lfit,h_600,w_600/quality,q_90","برچسب پلاک خودرو قطعه سازان کبیر مدل CHS-IR-787 بسته 2 عددی","ارسال سریع دیجی‌کالا","۳.۶","۶۸,۰۰۰","https://dkstatics-public.digikala.com/digikala-products/4280d8f38a0f17a03bf90fc7aa681b2288ed265a_1764409920.jpg?x-oss-process=image/resize,m_lfit,h_600,w_600/quality,q_90","کمپرسور باد 55 وات پرودو مدل LFS181","[object Object]","ارسال سریع دیجی‌کالا","۴.۵","[object Object]","۳,۷۹۲,۰۰۰","https://dkstatics-public.digikala.com/digikala-products/f8f3ace100457ac98843e71e188c39716518b3e7_1752083608.jpg?x-oss-process=image/resize,m_lfit,h_600,w_600/quality,q_90","محافظ کنج درب خودرو مثلثی پلاستیکی بسته 2 عددی مناسب درب جلو سمت چپ و راست با نصب چسبی مقاوم در برابر ضربه، خراشیدگی و شستشو برای تمام خودروهای بنزینی","موجود در انبار دیجی کالا","۳.۷","۱۱۸,۴۳۰","https://dkstatics-public.digikala.com/digikala-products/8cc56375d980ab2c16c96a7e42d738e71eb96bd1_1724357144.jpg?x-oss-process=image/resize,m_lfit,h_600,w_600/quality,q_90","کیف نظم دهنده صندوق عقب خودرو مدل Change از جنس نمد و برزنت با فوم ضخیم، دارای 3 محفظه و جیب جانبی، دستگیره برزنتی و زیپ فلزی، مناسب خودروهای سواری، ابعاد 45x25x39 سانتی‌متر و قابلیت شستشو در ماشین لباسشویی","[object Object]","موجود در انبار دیجی کالا","۴.۶","[object Object]","۸۹۷,۰۰۰","https://dkstatics-public.digikala.com/digikala-products/1acbda2ed1665b54175a195da4fda2319de0a342_1760343563.jpg?x-oss-process=image/resize,m_lfit,h_600,w_600/quality,q_90","صداگیر قفل درب خودرو پلاستیکی مجموعه 4 عددی مدل orm مناسب پژو 405، پژو پارس، سمند، سمند LX، سمند سورن، وانت آریسان 1، دنا و دنا پلاس با طراحی دقیق برای کاهش صدای لق‌لق و جیر جیر قفل و افزایش کیپ شدن درب","","۳.۴","[object Object]","۳۰۰,۰۰۰","[object Object]","","[object Object]","ارسال سریع دیجی‌کالا","https://www.digikala.com/statics/img/svg/productCard/topBadge/SpecialSell.svg","[object Object]","۲۹٪","۵,۳۳۷,۰۰۰","۳۱٪","۱,۳۰۰,۰۰۰"
"https://dkstatics-public.digikala.com/digikala-products/f296f6564926b0d734ed4dbd257136cb6bb396f0_1768376687.jpg?x-oss-process=image/resize,m_lfit,h_600,w_600/quality,q_90","ست کامل روکش صندلی خودرو چرمی مناسب پژو 405 جدید با ابر 6 میل، ضدآب، مقاوم در برابر دما، قابل شست‌وشو همراه با پشتی گردنی و جا موبایلی مدل vip","ارسال فروشنده","۴.۲","۵,۹۹۰,۰۰۰","https://dkstatics-public.digikala.com/digikala-products/3f4c81a6a35dcefb490f2b51b873b4b171ba5e96_1698068284.jpg?x-oss-process=image/resize,m_lfit,h_600,w_600/quality,q_90","زه استیل آبگیر 4 عددی مناسب برای سایپا پراید 111، 131، 132، 141 و پراید صبا با چسب 2 طرفه، نصب آسان و مقاومت در برابر زنگ زدگی","[object Object]","موجود در انبار دیجی کالا","۳.۴","[object Object]","۸۶۰,۰۰۰","https://dkstatics-public.digikala.com/digikala-products/bab7d631bf91333a4fa192deb00af425f5804dbf_1781088057.jpg?x-oss-process=image/resize,m_lfit,h_600,w_600/quality,q_90","رادار چشمی مدل Pro Magicar سه سیم","ارسال سریع دیجی‌کالا","۴","۳۰۰,۰۰۰","https://dkstatics-public.digikala.com/digikala-products/a5c6b32008501d2a61dc187f50372f6eab65f68c_1698066764.jpg?x-oss-process=image/resize,m_lfit,h_600,w_600/quality,q_90","سردنده مدل آرسی فلزی و پلاستیکی براق مناسب پژو 206، پژو 207، رانا و رانا پلاس خوش‌دست","[object Object]","موجود در انبار دیجی کالا","۴.۲","[object Object]","۵۶۵,۰۰۰","https://dkstatics-public.digikala.com/digikala-products/f919a71f4969e49be6ddbabe08ec34ff52b19a79_1731057340.jpg?x-oss-process=image/resize,m_lfit,h_600,w_600/quality,q_90","میله و دسته بالابر جک خودرو چیکال مدل B-11 مناسب برای تیبا","","۴.۲","[object Object]","۱۴۵,۴۰۰","[object Object]","","[object Object]","موجود در انبار دیجی کالا","","[object Object]","","","",""
"https://dkstatics-public.digikala.com/digikala-products/730f77b95710eab4f6c7b4da16c02cfb0f52a0b6_1741447606.jpg?x-oss-process=image/resize,m_lfit,h_600,w_600/quality,q_90","صفحه کیلومتر لیون کد 01 مناسب برای پراید صبا","موجود در انبار دیجی کالا","۳.۸","۳۴۸,۰۰۰","https://dkstatics-public.digikala.com/digikala-products/e2517719b5d63e8c2a52bd89990314c3c4f7a37a_1638172612.jpg?x-oss-process=image/resize,m_lfit,h_600,w_600/quality,q_90","برچسب بدنه خودرو طرح لچکی مناسب برای پژو بسته دو عددی کد 135AZ 01 با طراحی مقاوم و نصب آسان","[object Object]","موجود در انبار دیجی کالا","۴.۲","[object Object]","۷۵,۰۰۰","https://dkstatics-public.digikala.com/digikala-products/8543863ee1c2d30b8f115a56f4f7d6325bb485a5_1781610497.jpg?x-oss-process=image/resize,m_lfit,h_600,w_600/quality,q_90","تیغه شیشه پاک کن مدل دو تیغه","موجود در انبار دیجی کالا","۴.۱","۱۸۰,۰۰۰","https://dkstatics-public.digikala.com/digikala-products/113789111.jpg?x-oss-process=image/resize,m_lfit,h_600,w_600/quality,q_90","ال وایر آبی با ترانس 12 ولت، طول 2 متر، نوردهی 360 درجه، انعطاف‌پذیر و بدون ایجاد گرما، مناسب تزئین خودرو و سطوح صاف با قابلیت قیچی کردن و افزایش طول مدل dan0040","[object Object]","موجود در انبار دیجی کالا","۴.۲","[object Object]","۲۳۰,۰۰۰","https://dkstatics-public.digikala.com/digikala-products/9799a7d76349246da893a36a8aba89e7a1d359b5_1731229388.jpg?x-oss-process=image/resize,m_lfit,h_600,w_600/quality,q_90","نگهدارنده درب صندوق عقب فشاری مدل 00574 مناسب برای پژو 405 و پژو پارس با نصب آسان و کاربرد فنی و تزئینی","","۴.۱","[object Object]","۹۷,۰۰۰","[object Object]","","[object Object]","ارسال سریع دیجی‌کالا","","[object Object]","","","",""
"https://dkstatics-public.digikala.com/digikala-products/6313412730ad7fbf017c387d941e9f252bf16288_1673874399.jpg?x-oss-process=image/resize,m_lfit,h_600,w_600/quality,q_90","جک خودرو شرکت صنعتی مددرویان مدل AYC069 با ظرفیت 1.5 تن، مناسب برای پژو 405 و پژو پارس، وزن 1 کیلوگرم","ارسال فروشنده","۴.۳","۱,۵۹۰,۰۰۰","https://dkstatics-public.digikala.com/digikala-products/8f32674879de99caae27fb451b1331c8e0ecf9c4_1697277511.jpg?x-oss-process=image/resize,m_lfit,h_600,w_600/quality,q_90","چادر خودرو آرال اسپرت مدل ARALPRO - M مناسب برای کوئیک","[object Object]","ارسال فروشنده","۴.۱","[object Object]","۴,۳۱۲,۰۰۰","https://dkstatics-public.digikala.com/digikala-products/2b2fc8efb0a27d662446ee30c0cc07d117822bd8_1686200505.jpg?x-oss-process=image/resize,m_lfit,h_600,w_600/quality,q_90","سطل زباله خودرو کنکورد مدل اسپورت با 4 محفظه، جنس پارچه سامسونگ خارجی و آستری داخلی، بند اتصال پشت صندلی و دسته دنده، توری نگهدارنده عینک و بطری، دهانه گشاد و استفاده آسان، ابعاد 18x12x23 سانتی‌متر","تنها ۲ عدد در انبار باقی مانده","۴.۴","۱۳۰,۰۰۰","https://dkstatics-public.digikala.com/digikala-products/1e329c512783c140549e9d95e2e92b0fa6e72423_1667989754.jpg?x-oss-process=image/resize,m_lfit,h_600,w_600/quality,q_90","تایلیور فولادی ایران پتک مدل LW 2010 سایز 20 سانتی‌متر با ساختار کروم وانادیوم، سخت کاری شده و پوشش گالوانیزه","[object Object]","ارسال سریع دیجی‌کالا","۴.۳","[object Object]","۱۹۵,۴۰۰","https://dkstatics-public.digikala.com/digikala-products/65a6237f68ee90dbe90f202832737d906d18868c_1705071561.jpg?x-oss-process=image/resize,m_lfit,h_600,w_600/quality,q_90","آویز تزیینی خودرو طرح ساینا اس کد SAINA S","ارسال ۳ ساعته فروشنده","۴","[object Object]","۱۹۹,۷۰۰","[object Object]","[object Object]","","","https://www.digikala.com/statics/img/svg/productCard/topBadge/SpecialSell.svg","","۱۳٪","۱,۸۳۰,۰۰۰","۲٪","۴,۴۰۰,۰۰۰"
"","کارواش خانگی رونیکس مدل RP-0100 با موتور القایی 1400 وات، فشار 100 بار، دبی 6.5 لیتر بر دقیقه، طول شلنگ 5 متر، مجهز به دو لنس قابل تنظیم، مخزن مواد شوینده و سیستم اتو استاپ برای کاهش استهلاک دستگاه","ارسال فروشنده","۴.۳","۳۴,۱۰۰,۰۰۰","","محافظ ضد سرقت درب خودرو مناسب پراید مدل 2580 بسته 9 عددی با قابلیت نصب در پشت دستگیره و دور شاسی درب و پوشش قفل درب موتور برای افزایش ایمنی و جلوگیری از باز شدن آسان توسط سارق","[object Object]","ارسال فروشنده","۴.۱","[object Object]","۶۲۰,۰۰۰","","اسپری انژکتور شور کی تی ام مدل GP5 PRO حجم 450 میلی‌لیتر","تنها ۲ عدد در انبار باقی مانده","۵","۱۹۲,۰۰۰","","حباب گیر باک دیناپارت کد 356 مناسب برای پراید","","تنها ۲ عدد در انبار باقی مانده","۵","[object Object]","۱,۰۰۰,۰۰۰","","برچسب پنل ضبط خودرو کالانیکس مدل BAR-PARS-100500 مناسب برای پارس مجموعه 21 عددی","","","","۲۴۵,۰۰۰","[object Object]","","","تنها ۲ عدد در انبار باقی مانده","","","","","",""
"","آرم تزئینی داشبورد خودرو مدل اسپرت سیلیکونی بسته چهارعددی مناسب برای تمام خودروهای برقی، بنزینی و دیزلی","موجود در انبار دیجی کالا","۴","۱۶۰,۰۰۰","","تسمه باربند جغجغه ای مدل S-5 با ظرفیت 2 تن، طول 5 متر و عرض 2.5 سانتیمتر، مناسب محکم کردن بار روی باربند خودرو و موتور سیکلت، دارای مکانیزم جغجغه ای با ضامن رهاسازی آسان و انعطاف‌پذیر برای سفرهای کوتاه و بلند مدت","[object Object]","ارسال سریع دیجی‌کالا","۴","[object Object]","۴۵۰,۰۰۰","","جک خودرو مدل F8 مناسب برای پژو با ظرفیت 2 تن و وزن 2 کیلوگرم","تنها ۳ عدد در انبار باقی مانده","۴","۷۳۴,۰۰۰","","برچسب چراغ خودرو سلفونی لندمون مدل SL1000 R به طول یک متر و عرض 30 سانتی‌متر، رنگ قرمز، جلوگیری از کدر شدن و ورود تشعشعات نور خورشید، افزایش مقاومت در برابر ضربه و خش، نصب آسان و زیباسازی چراغ خودرو","[object Object]","موجود در انبار دیجی کالا","۳.۹","[object Object]","۲۹۳,۸۲۰","","کیسه زباله خودرو کانگو مدل پویا از جنس برزنت ضد آب با دهانه کشسان و چسب تخلیه، دارای بند آویز مناسب برای استفاده در تمامی خودروها و قابل شستشو","","۳.۸","[object Object]","۱۵۹,۰۰۰","[object Object]","[object Object]","[object Object]","ارسال سریع دیجی‌کالا","","","۱۵٪","۸۶۰,۰۰۰","۲۶٪","۳۹۴,۳۹۰"
"","کاور ریموت خودرو فلزی سیلیکونی مدل دور فلزی شبرنگ مناسب برای دنا، دنا پلاس، سمند سورن و سمند سورن پلاس با مقاومت در برابر ضربه، خط و خش، ضد آب و دارای قلاب فلزی محکم و طراحی ارگونومیک","موجود در انبار دیجی کالا","۴.۲","۷۳۰,۰۰۰","","خز طاقچه عقب خودرو مناسب تمام مدل‌ها با ابعاد 13 در 130 سانتی‌متر، جنس پلاستیک نرم با پرز بلند و قابلیت شست‌وشوی آسان مدل AS0503","[object Object]","موجود در انبار دیجی کالا","۳.۹","[object Object]","۲۶۲,۲۱۰","","واکس لاستیک خودرو مدل لاسترمکس حجم 4 لیتر با محافظت کننده، براق کننده و تمیزکننده لاستیک و قسمت‌های پلاستیکی، مقاوم در برابر سرما و گرما، ضد گرد و غبار با ماندگاری 1 هفته و اقتصادی","","۳.۷","۵۹۸,۰۰۰","","خار موکت خودرو مدل PR2C بسته 10 عددی، مناسب برای انواع خودروها، قطر پولک 19 میلیمتر، ارتفاع پایه 16 میلیمتر و قطر پایه 7 میلیمتر","[object Object]","ارسال سریع دیجی‌کالا","۳.۸","[object Object]","۶۶,۸۵۰","","آرم خودرو طرح GT Line مدلG111 مناسب برای فیدلیتی","ارسال ۳ ساعته فروشنده","۳.۹","[object Object]","۳۸۷,۵۱۰","[object Object]","","","","","","۸٪","۶۵۰,۰۰۰","",""
"","آینه وسط خودرو درجه دار مدل 01 مناسب برای پژو 2008، پژو 206، پژو 207، پژو 405، پژو پارس، دانگ فنگ HC Cross، اپل آسترا، اپل کورسا، اپل وکترا، ام وی ام X33 و سایر خودروهای سواری و وانت","موجود در انبار دیجی کالا","۳.۸","۲۸۰,۰۰۰","","تشک بادی صندلی عقب خودرو مناسب پژو 405 مدل Quees با پمپ باد برقی و دو کوسن بادی، طراحی ارگونومیک، رویه مخملی ضدتعریق، پایه‌های بادی سرخود، تحمل وزن تا 150 کیلوگرم و نصب و جمع‌آوری آسان","[object Object]","ارسال فروشنده","۳.۸","[object Object]","۳,۵۹۹,۰۰۰","","آفتابگیر شیشه خودرو پاسیکو مدل P518 مناسب برای لیفان X60 بسته 4 عددی","","۳.۸","۷۹۵,۰۰۰","","جارو برقی شارژی دستی مدل AS-228 با مکش 4500 پاسکال، ظرفیت باتری 2000 میلی‌آمپر ساعت، قابلیت استفاده خشک و مرطوب، قدرت 60 وات، وزن 500 گرم، ظرفیت مخزن 0.1 لیتر و همراه با 3 سری کاربردی برای تمیز کردن خودرو","[object Object]","موجود در انبار دیجی کالا","۲.۸","[object Object]","۵۰۱,۹۰۰","","برچسب قفل صندوق خودرو کالانیکس مدل BAR-PARS-100146 مناسب برای پژو پارس","ارسال ۳ ساعته فروشنده","۳.۴","[object Object]","۸۰,۰۰۰","[object Object]","[object Object]","[object Object]","ارسال فروشنده","","","","","",""
"","پولیش واکس کی وان مدل K68 مخصوص خودروهای مشکی، وزن 250 گرم، پولیش نرم بدون سیلیکون با قابلیت حذف خش‌های سطحی، افزایش درخشندگی و محافظت از رنگ بدنه خودرو","موجود در انبار دیجی کالا","۴","۷۰۰,۰۰۰","","جاسوئیچی خودرو مدل دنده فلزی با ابعاد 10 در 3 در 2 سانتی‌متر و وزن 30 گرم","[object Object]","موجود در انبار دیجی کالا","۳.۸","[object Object]","۱۷۴,۰۰۰","","کفپوش پنج‌بعدی چرمی خودرو مناسب تویوتا کرولا کراس 2024، 4 تکه، ضدخش و بدون لغزش با فوم EVA و آستر نانو، مقاوم در برابر گرما و سرما و قابلیت شستشو","تنها ۳ عدد در انبار باقی مانده","۳.۷","۶,۸۰۰,۰۰۰","","ضربه‌گیر درب خودرو اطلس مدل S129-L، مجموعه 4 عددی از پلاستیک با چسب فومی مقاوم در برابر نور خورشید و فشار کارواش، مناسب نصب روی درب‌های جلو و عقب راست و چپ خودرو، قابل تنظیم و نصب آسان","[object Object]","موجود در انبار دیجی کالا","۴.۷","[object Object]","۲۸۷,۰۰۰","","صداگیر قفل درب خودرو مدل orm مناسب پژو 405، پژو پارس، سمند، سمند LX، سمند سورن، دنا و دنا پلاس، پلاستیکی، نصب در چهار درب جلو و عقب، مجموعه 4 عددی","","۳.۶","[object Object]","۳۰۰,۰۰۰","[object Object]","[object Object]","[object Object]","موجود در انبار دیجی کالا","","","۳٪","۲۹۷,۰۰۰","۱۲٪","۳۴۰,۰۰۰"
"https://dkstatics-public.digikala.com/digikala-products/562178.jpg?x-oss-process=image/resize,m_lfit,h_600,w_600/quality,q_90","کارواش خانگی رونیکس مدل RP-0100 با موتور القایی 1400 وات، فشار 100 بار، دبی 6.5 لیتر بر دقیقه، طول شلنگ 5 متر، مجهز به دو لنس قابل تنظیم، مخزن مواد شوینده و سیستم اتو استاپ برای کاهش استهلاک دستگاه","ارسال فروشنده","۴.۳","۳۴,۱۰۰,۰۰۰","https://dkstatics-public.digikala.com/digikala-products/095c077bb14dd6371dcbc836448730916db2bd33_1594652622.jpg?x-oss-process=image/resize,m_lfit,h_600,w_600/quality,q_90","محافظ ضد سرقت درب خودرو مناسب پراید مدل 2580 بسته 9 عددی با قابلیت نصب در پشت دستگیره و دور شاسی درب و پوشش قفل درب موتور برای افزایش ایمنی و جلوگیری از باز شدن آسان توسط سارق","[object Object]","ارسال فروشنده","۴.۱","[object Object]","۶۲۰,۰۰۰","https://dkstatics-public.digikala.com/digikala-products/448057927dfd3a42960ad0f956e6e4c04732de51_1780410408.jpg?x-oss-process=image/resize,m_lfit,h_600,w_600/quality,q_90","اسپری انژکتور شور کی تی ام مدل GP5 PRO حجم 450 میلی‌لیتر","تنها ۲ عدد در انبار باقی مانده","۵","۱۹۲,۰۰۰","https://dkstatics-public.digikala.com/digikala-products/110458119.jpg?x-oss-process=image/resize,m_lfit,h_600,w_600/quality,q_90","حباب گیر باک دیناپارت کد 356 مناسب برای پراید","","تنها ۲ عدد در انبار باقی مانده","۵","[object Object]","۱,۰۰۰,۰۰۰","https://dkstatics-public.digikala.com/digikala-products/1b95b724234dbde7186d54c5174ff6eef3f76170_1779653031.jpg?x-oss-process=image/resize,m_lfit,h_600,w_600/quality,q_90","برچسب پنل ضبط خودرو کالانیکس مدل BAR-PARS-100500 مناسب برای پارس مجموعه 21 عددی","","","","۲۴۵,۰۰۰","[object Object]","","","تنها ۲ عدد در انبار باقی مانده","","","","","",""
"https://dkstatics-public.digikala.com/digikala-products/59a5b7dede9b1fbcdb61393409ab4ddb1ee337c7_1765282741.jpg?x-oss-process=image/resize,m_lfit,h_600,w_600/quality,q_90","آرم تزئینی داشبورد خودرو مدل اسپرت سیلیکونی بسته چهارعددی مناسب برای تمام خودروهای برقی، بنزینی و دیزلی","موجود در انبار دیجی کالا","۴","۱۶۰,۰۰۰","https://dkstatics-public.digikala.com/digikala-products/cb444e473e253b5bb8c18eb6f676a584b5547385_1716563805.jpg?x-oss-process=image/resize,m_lfit,h_600,w_600/quality,q_90","تسمه باربند جغجغه ای مدل S-5 با ظرفیت 2 تن، طول 5 متر و عرض 2.5 سانتیمتر، مناسب محکم کردن بار روی باربند خودرو و موتور سیکلت، دارای مکانیزم جغجغه ای با ضامن رهاسازی آسان و انعطاف‌پذیر برای سفرهای کوتاه و بلند مدت","[object Object]","ارسال سریع دیجی‌کالا","۴","[object Object]","۴۵۰,۰۰۰","https://dkstatics-public.digikala.com/digikala-products/6fd8d8f4ce8b3f52d7992a7546086ef2fa41c0ac_1643754120.jpg?x-oss-process=image/resize,m_lfit,h_600,w_600/quality,q_90","جک خودرو مدل F8 مناسب برای پژو با ظرفیت 2 تن و وزن 2 کیلوگرم","تنها ۳ عدد در انبار باقی مانده","۴","۷۳۴,۰۰۰","https://dkstatics-public.digikala.com/digikala-products/0a2b1c265d5d557922a72d01a3911f3843babf56_1708166292.jpg?x-oss-process=image/resize,m_lfit,h_600,w_600/quality,q_90","برچسب چراغ خودرو سلفونی لندمون مدل SL1000 R به طول یک متر و عرض 30 سانتی‌متر، رنگ قرمز، جلوگیری از کدر شدن و ورود تشعشعات نور خورشید، افزایش مقاومت در برابر ضربه و خش، نصب آسان و زیباسازی چراغ خودرو","[object Object]","موجود در انبار دیجی کالا","۳.۹","[object Object]","۲۹۳,۸۲۰","https://dkstatics-public.digikala.com/digikala-products/3be87c6c8772f9ca7e3138dafa2addeaac8f4ac8_1619435361.jpg?x-oss-process=image/resize,m_lfit,h_600,w_600/quality,q_90","کیسه زباله خودرو کانگو مدل پویا از جنس برزنت ضد آب با دهانه کشسان و چسب تخلیه، دارای بند آویز مناسب برای استفاده در تمامی خودروها و قابل شستشو","","۳.۸","[object Object]","۱۵۹,۰۰۰","[object Object]","[object Object]","[object Object]","ارسال سریع دیجی‌کالا","https://www.digikala.com/statics/img/svg/productCard/topBadge/SpecialSell.svg","","۱۵٪","۸۶۰,۰۰۰","۲۶٪","۳۹۴,۳۹۰"
"","پولیش نرم و تک مرحله‌ای خودرو و موتور سیکلت نیولیش مدل موتو پولیش حجم 50 میلی‌لیتر با فرمولاسیون پایه آب، بدون سیلیکون، رفع خط و خش سطحی، حذف اثر سنباده و آفتاب‌سوختگی، براق کننده رنگ باک و فلاپ و مناسب همه رنگ‌ها","ارسال سریع دیجی‌کالا","۳.۷","۲۸۰,۰۰۰","","دوربین دنده عقب خودرو روکار مدل NTSC با زاویه دید 170 درجه، دارای LED و قابلیت ضدآب برای نصب بالای پلاک خودرو","[object Object]","موجود در انبار دیجی کالا","۳.۵","[object Object]","۵۸۲,۰۰۰","","روکش صندلی خودرو مدل GCCI-249 مناسب پراید صبا، ست کامل 10 تکه با جنس جودون و پارچه، قابل شست‌وشو و ضدتعریق، طراحی اسپرت و دوخت دقیق برای محافظت و افزایش زیبایی داخل کابین","تنها ۲ عدد در انبار باقی مانده","۴.۶","۴,۲۵۸,۰۰۰","","دزدگیر خودرو ماجیکار مدل 137AS با ریموت تصویری LED، قابلیت استارت و خاموش کردن از راه دور، باتری لیتیومی قابل شارژ، برد 2000 متر، ورود بدون کلید، قفل کودک، هشدار فلاشر، حذف سنسور ضربه با ریموت و ماشین یاب","","","۴.۵","[object Object]","۴۳,۳۰۰,۰۰۰","","پد ذغالی سخنگو خودرو چیکال مدل K-680 مناسب برای سمند","ارسال ۳ ساعته فروشنده","۴.۵","[object Object]","۵۴۱,۶۹۰","[object Object]","","","تنها ۱ عدد در انبار باقی مانده","","","۳٪","۶۰۰,۰۰۰","",""
"","ضربه گیر پلاستیکی درب خودرو مناسب برای ساینا مدل s129-L مجموعه 4 عددی با چسب فومی مقاوم در برابر نور خورشید و کارواش، نصب آسان و قابلیت تنظیم چندباره پیش از فیکس شدن نهایی","موجود در انبار دیجی کالا","۴.۴","۲۸۷,۰۰۰","","برچسب درب باک خودرو طرح استیل کد STB مناسب برای پراید","[object Object]","موجود در انبار دیجی کالا","۳.۵","[object Object]","۱۵۰,۰۰۰","","کاور سه بعدی کریستال شفاف چراغ عقب دنا پلاس آرسی زد اسپرت مدل CLS2022B با چسب بیرنگ مقاوم در برابر حرارت و خط و خش، نصب آسان و جلوه اسپرت مجموعه 4 عددی","موجود در انبار دیجی کالا","۴.۵","۳۱۰,۰۰۰","","سنسور دنده عقب خودرو مدل W-4","[object Object]","موجود در انبار دیجی کالا","۳.۵","[object Object]","۲,۶۸۹,۵۷۰","","مهره چرخ ضد سرقت خودرو چیکال مدل M-60 مناسب برای تیبا و تیبا 2 همراه با 4 مهره چرخ و 2 عدد آچار بازکن","","۴.۵","[object Object]","۱,۰۹۸,۷۳۰","[object Object]","","[object Object]","موجود در انبار دیجی کالا","","[object Object]","۳٪","۲۹۷,۰۰۰","",""
"","قاب چراغ سقف پلاستیکی مناسب برای پژو 405 و پژو پارس کد 3145 فابریک خودرو و نصب آسان","موجود در انبار دیجی کالا","۴.۳","۱۶۰,۰۰۰","","حلقه دور دریچه کولر کد rs مناسب برای  رانا و رانا پلاس بسته 4عددی","","","۴.۵","[object Object]","۷۹۰,۰۰۰","","اسپری انژکتور شوی 450 میلی‌لیتری ام طوسی مدل 001 با فرمول ویژه، پاک‌سازی رسوبات و چسبندگی‌ سوخت، بهینه‌سازی عملکرد موتور و کاهش مصرف سوخت، مقاومت در برابر سرما و ساخت ایران","تنها ۱ عدد در انبار باقی مانده","۴.۳","۱۵۷,۹۶۰","","آویز تزئینی خودرو مدل اردک کد sn345","","","۴.۳","[object Object]","۲۹۴,۹۰۰","","واکس اسپری داشبورد خودرو کرلوسنس مدل 13AV300B حجم 300 میلی‌لیتر براق‌کننده، تمیزکننده و محافظ سطوح چرمی و پلاستیکی با خاصیت ترمیم‌کنندگی و محافظت در برابر اشعه خورشید","ارسال ۳ ساعته فروشنده","۴.۲","[object Object]","۳۶۶,۰۰۰","[object Object]","","","تنها ۳ عدد در انبار باقی مانده","","","۲۳٪","۳۸۳,۳۷۰","",""
"https://dkstatics-public.digikala.com/digikala-products/bba04c0c23d67c0adf5065b279ace5ee05785a74_1752483272.jpg?x-oss-process=image/resize,m_lfit,h_600,w_600/quality,q_90","جارو شارژی خودرو مدل AS-228 با قابلیت تمیزی نقاط کور، دارای سری بلند، فرچه و کابل شارژر، مناسب برای تمام خودروهای بنزینی و امکان استفاده به‌عنوان دمنده باد","موجود در انبار دیجی کالا","۳.۱","۴۵۰,۰۰۰","https://dkstatics-public.digikala.com/digikala-products/121252865.jpg?x-oss-process=image/resize,m_lfit,h_600,w_600/quality,q_90","والف خودرو مخصوص لاستیک تیوبلس مدل TL-Silv بسته 4 عددی با طراحی مقاوم و نصب آسان","[object Object]","موجود در انبار دیجی کالا","۴.۲","[object Object]","۱۳۵,۰۰۰","https://dkstatics-public.digikala.com/digikala-products/69bdbe835565791d14c58b549d6ecfd1f07e215e_1634828687.jpg?x-oss-process=image/resize,m_lfit,h_600,w_600/quality,q_90","برچسب آفتابگیر شیشه جلو پژو پارس و پژو 405 آرسی زد اسپرت مدل AFMpars405 با برش دقیق، جنس PVC مشکی، چسب قوی و برش جای پایه آینه برای کاهش تابش نور و حفظ دید راننده","تنها ۲ عدد در انبار باقی مانده","۴.۲","۳۲۰,۰۰۰","https://dkstatics-public.digikala.com/digikala-products/37a68b4f32a2dbfdeeb7db9414c08c4c7195b810_1762694329.jpg?x-oss-process=image/resize,m_lfit,h_600,w_600/quality,q_90","کفپوش پنج‌بعدی خودرو مدل K 6 مناسب پژو 206، پژو 207، رانا و رانا پلاس با جنس چرم مصنوعی، 4 تکه، ضد آب، ضد خش، مقاوم در برابر گرما و سرما و بدون لغزش","[object Object]","موجود در انبار دیجی کالا","۴.۱","[object Object]","۳,۸۰۰,۰۰۰","https://dkstatics-public.digikala.com/digikala-products/3f1a54c2ff9f1a281c43fa6396a2d0495358d4f0_1705842306.jpg?x-oss-process=image/resize,m_lfit,h_600,w_600/quality,q_90","برچسب زه روی درب خودرو مدل 1364 مناسب پژو پارس، طول 25 متر، جلوگیری از زرد شدن زه استیل","ارسال ۳ ساعته فروشنده","۴.۲","[object Object]","۲۷۵,۰۰۰","[object Object]","[object Object]","","","","","","","",""
"https://dkstatics-public.digikala.com/digikala-products/c1ac97e278926a954ee23937c48be2a9d20c51bb_1753114253.jpg?x-oss-process=image/resize,m_lfit,h_600,w_600/quality,q_90","خار پیچ خودرو کد 121 مناسب برای ریو بسته 5 عددی","موجود در انبار دیجی کالا","۴.۱","۲۳۷,۵۰۰","https://dkstatics-public.digikala.com/digikala-products/024bcc9dcb1bef1b561a5cfb6859a9ff34a4021f_1719835849.jpg?x-oss-process=image/resize,m_lfit,h_600,w_600/quality,q_90","ضربه گیر ابری درب خودرو وارون مدل B-40-WH بسته 32 عددی با چسب ضد آب مناسب برای جلوگیری از خراشیدگی و ضربه‌گیری درب انواع خودروهای ایرانی و خارجی","[object Object]","موجود در انبار دیجی کالا","۴.۲","[object Object]","۲۱۵,۶۱۰","https://dkstatics-public.digikala.com/digikala-products/caa49320806a55c07832cf6c930cc7b62d25a4e8_1719582496.jpg?x-oss-process=image/resize,m_lfit,h_600,w_600/quality,q_90","خوشبوکننده خودرو دریچه کولری مدل RASA ADAMAK04","ارسال فروشنده","۴","۴۹۰,۰۰۰","https://dkstatics-public.digikala.com/digikala-products/d5cab89641b8ed7e429d40fb41a303401cabf8f5_1688550043.jpg?x-oss-process=image/resize,m_lfit,h_600,w_600/quality,q_90","خرک خودرو کد 01 ظرفیت 3 تن مجموعه 2 عددی","[object Object]","موجود در انبار دیجی کالا","۴","[object Object]","۲,۱۲۰,۰۰۰","https://dkstatics-public.digikala.com/digikala-products/ed1b73d474fc8f6236b8b7b89e7601236ded120e_1728194110.jpg?x-oss-process=image/resize,m_lfit,h_600,w_600/quality,q_90","مبدل برق خودرو اینتیمکث مدل 1101 ظرفیت 1000 وات با سیستم حفاظت در برابر اضافه بار، ولتاژ و دما، مناسب برای استفاده از لپ‌تاپ و تلویزیون، طراحی فشرده و قابل حمل، نمایشگر ولتاژ خروجی 220 تا 240 ولت","","۴","[object Object]","۵,۱۴۷,۳۹۰","[object Object]","","[object Object]","موجود در انبار دیجی کالا","https://www.digikala.com/statics/img/svg/productCard/topBadge/SpecialSell.svg","[object Object]","۵٪","۲۵۰,۰۰۰","",""
"https://dkstatics-public.digikala.com/digikala-products/c8260a2100ee503814db261a3f20cec05e9de1da_1600607577.jpg?x-oss-process=image/resize,m_lfit,h_600,w_600/quality,q_90","روکش پدال خودرو مدل Pdl-01 مجموعه 3 عددی","موجود در انبار دیجی کالا","۳.۹","۴۲۰,۰۰۰","https://dkstatics-public.digikala.com/digikala-products/701c5052cc31aa984f0bdb9413e4526be54a2b7f_1675369585.jpg?x-oss-process=image/resize,m_lfit,h_600,w_600/quality,q_90","کاور ژله ای ریموت سوئیچ خودرو مدل آج دار مناسب برای پراید و تیبا، جنس سیلیکون نرم، محافظت در برابر ضربه، فشار و نفوذ آب، نصب آسان و سبک با ابعاد 10x10x2 سانتی‌متر","[object Object]","موجود در انبار دیجی کالا","۴.۲","[object Object]","۱۸۸,۴۷۰","https://dkstatics-public.digikala.com/digikala-products/77e3843f7a88ec91e9e835a0bc2fdc3453ca085a_1752749573.jpg?x-oss-process=image/resize,m_lfit,h_600,w_600/quality,q_90","بوگیر هوشمند خودرو مدل ربات کد black01","تنها ۱ عدد در انبار باقی مانده","۳.۹","۱,۷۰۰,۰۰۰","https://dkstatics-public.digikala.com/digikala-products/759862b35d725e0a8dc9a694b54f84f11fa21ec6_1670671865.jpg?x-oss-process=image/resize,m_lfit,h_600,w_600/quality,q_90","دستمال نظافت خودرو مولکول نیویورک مدل سوپر میکروفایبر GSM600 با تراکم بالای 600 جی اس ام، ضد خش و بدون پرز، دارای 30 درصد پلی آمید فعال، قابلیت جذب بالای خاک و آب، مناسب بدنه و شیشه، قابل شستشو با دست و ماشین، بدون نیاز به مواد شوینده","[object Object]","ارسال فروشنده","۳.۹","[object Object]","۳۴۹,۰۰۰","https://dkstatics-public.digikala.com/digikala-products/82b4c9ebfb5f753609195f3f0539ea6f08cc10df_1768374563.jpg?x-oss-process=image/resize,m_lfit,h_600,w_600/quality,q_90","ست کامل روکش صندلی خودرو چرمی مناسب رنو L90 مدل vip با ابر 6 میل، قابل شست‌وشو، مقاوم در برابر دما و ضدآب همراه با پشت گردنی و جا موبایلی راننده","ارسال ۳ ساعته فروشنده","۴.۸","[object Object]","۵,۹۹۰,۰۰۰","[object Object]","[object Object]","","","","","","","",""
"https://dkstatics-public.digikala.com/digikala-products/109aae5336457a4a13ec18d9ce460acde5b973c1_1781432323.jpg?x-oss-process=image/resize,m_lfit,h_600,w_600/quality,q_90","برچسب قاب دریچه کولر مدل PH-94  مناسب برای 206 و 207 تیپ 5","ارسال سریع دیجی‌کالا","۳.۸","۱۴۰,۲۵۰","https://dkstatics-public.digikala.com/digikala-products/1043162.jpg?x-oss-process=image/resize,m_lfit,h_600,w_600/quality,q_90","کارواش دینامی مکنده شیلدر مدل SH1515 با موتور 1500 وات و فشار 150 بار، مجهز به پمپ برنجی، سیستم کنترل قدرت خروجی، فن خنک‌کننده، شیر یک طرفه بای پس و شیلنگ فشار قوی 8 متری برای مصرف بهینه آب و عملکرد مستمر","[object Object]","ارسال فروشنده","۳.۹","[object Object]","۱۷,۷۰۰,۰۰۰","https://dkstatics-public.digikala.com/digikala-products/baec3e02f0a0fd16308c02bae22c93ddc3ec45ed_1761229972.jpg?x-oss-process=image/resize,m_lfit,h_600,w_600/quality,q_90","فرچه نظافت خودرو اسمارت مدل S12 سایز 12 سانتی‌متر با موهای پلی‌استر و دسته پلاستیکی فشرده، مناسب تمیز کردن سطوح داخلی و خارجی خودرو بدون ایجاد خط و خش و قابل استفاده روی چرم، پلاستیک، فلز و لاستیک","تنها ۱ عدد در انبار باقی مانده","۳.۸","۲۳۹,۰۰۰","https://dkstatics-public.digikala.com/digikala-products/e38cbcda9ae14805e8883397db29210996f1d1cf_1658690876.jpg?x-oss-process=image/resize,m_lfit,h_600,w_600/quality,q_90","ضربه گیر درب خودرو مدل ZAR-WH-699 مجموعه 5 عددی مناسب برای تمام خودروها و جلوگیری از آسیب دیدگی، نصب آسان و محافظت موثر","[object Object]","موجود در انبار دیجی کالا","۳.۹","[object Object]","۷۳,۳۱۰","https://dkstatics-public.digikala.com/digikala-products/1e8db0d120c595e59d4d8380ecabbf9d93f8060e_1748861651.jpg?x-oss-process=image/resize,m_lfit,h_600,w_600/quality,q_90","کیت مکش هوا PVC تامی تیونینگ مناسب خودروهای پژو 206، 207، 405، پارس، دنا، رانا، سمند با موتورهای tu5، xu7، ef7، m15، مقاوم در برابر گرمای موتور و همراه با جنت تبدیل","ارسال ۳ ساعته فروشنده","۳.۷","[object Object]","۲۰۴,۱۱۰","[object Object]","","","","https://www.digikala.com/statics/img/svg/productCard/topBadge/SpecialSell.svg","","۱۵٪","۱۶۵,۰۰۰","",""
"https://dkstatics-public.digikala.com/digikala-products/c3b0d7e5bac40a7c0305efefc6b8b742149ebd6b_1655752257.jpg?x-oss-process=image/resize,m_lfit,h_600,w_600/quality,q_90","آنتن خودرو قطعه سازان کبیر مدل AN-SAM-1050 مناسب برای سمند","موجود در انبار دیجی کالا","۳.۸","۱۳۸,۰۰۰","https://dkstatics-public.digikala.com/digikala-products/4974481.jpg?x-oss-process=image/resize,m_lfit,h_600,w_600/quality,q_90","رودری خودرو مجموعه 4 عددی مناسب برای تمامی مدل های پراید مدل RBT10","[object Object]","موجود در انبار دیجی کالا","۳.۸","[object Object]","۳,۶۲۰,۴۵۰","https://dkstatics-public.digikala.com/digikala-products/25a99079d07fa8389edd05040b0948a1a18730e1_1650087332.jpg?x-oss-process=image/resize,m_lfit,h_600,w_600/quality,q_90","آرم جلو پنجره خودرو چیکال مدل P-94 مناسب برای کوییک ساخته شده از پلاستیک و ABS با آبکاری کروم، مقاوم در برابر زنگ زدگی و آفتاب‌سوختگی، نصب آسان با چسب دو طرفه","تنها ۱ عدد در انبار باقی مانده","۳.۷","۱۳۴,۴۸۰","https://dkstatics-public.digikala.com/digikala-products/633de95116c2202ac2c81dbdd34e26fe54e19e1b_1705494019.jpg?x-oss-process=image/resize,m_lfit,h_600,w_600/quality,q_90","طاقچه خودرو مدل a3 مناسب برای پژو 206","","تنها ۱ عدد در انبار باقی مانده","۴.۷","[object Object]","۱,۱۵۰,۰۰۰","https://dkstatics-public.digikala.com/digikala-products/c84ddde089874a2c28803c0c106141e871cd0c6d_1713843945.jpg?x-oss-process=image/resize,m_lfit,h_600,w_600/quality,q_90","هدرز چهار به یک فولاد آبکاری شده مناسب برای پژو 405، پژو پارس و سمند با موتور XU7، افزایش قدرت موتور بین 5 تا 10 اسب بخار و همراه لوله اتصال","","۳.۵","[object Object]","۵,۹۰۰,۰۰۰","[object Object]","","","تنها ۳ عدد در انبار باقی مانده","https://www.digikala.com/statics/img/svg/productCard/topBadge/SpecialSell.svg","","۱۰٪","۴,۰۴۱,۵۲۰","",""
"https://dkstatics-public.digikala.com/digikala-products/3ae5b46b9528a5a17ef1780f0910f21053f90d9a_1703971762.jpg?x-oss-process=image/resize,m_lfit,h_600,w_600/quality,q_90","کاور لنت برمبو کد lrg_red بسته دو عددی","موجود در انبار دیجی کالا","۳.۵","۴۹۵,۰۰۰","https://dkstatics-public.digikala.com/digikala-products/5001896.jpg?x-oss-process=image/resize,m_lfit,h_600,w_600/quality,q_90","گل پخش کن خودرو پراید مدل Galleria-Prd01 مجموعه 4 عددی همراه با لوازم نصب مناسب برای انواع مدل پراید و سایپا پراید 151 وانت","[object Object]","ارسال فروشنده","۴","[object Object]","۳۸۰,۳۸۰","https://dkstatics-public.digikala.com/digikala-products/46236ec3cb469219d38e1ebe7469cd0143e0468e_1784028162.jpg?x-oss-process=image/resize,m_lfit,h_600,w_600/quality,q_90","روکش خنک کننده صندلی مدل h4","تنها ۲ عدد در انبار باقی مانده","۳.۵","۴,۹۴۰,۰۰۰","https://dkstatics-public.digikala.com/digikala-products/328eb57cfc0530f238fc7c79a03e35ea32fe1e19_1751020111.jpg?x-oss-process=image/resize,m_lfit,h_600,w_600/quality,q_90","قیف روغن پلاستیکی خرطومی پی اند سی مدل 01 مناسب تمام خودروها با طراحی ارگونومیک و قابلیت جلوگیری از ریزش و هدررفت روغن","[object Object]","موجود در انبار دیجی کالا","۴.۵","[object Object]","۱۴۲,۱۰۰","https://dkstatics-public.digikala.com/digikala-products/4c695b33b7d9c7f81f52519188f3aca8048a4afa_1643699751.jpg?x-oss-process=image/resize,m_lfit,h_600,w_600/quality,q_90","چشمی آبپاش شیشه شوی خودرو چیکال مدل K-86 مناسب برای سیتروئن زانتیا","","۳.۴","[object Object]","۱۲۴,۲۶۰","[object Object]","","[object Object]","موجود در انبار دیجی کالا","https://www.digikala.com/statics/img/svg/productCard/topBadge/SpecialSell.svg","","۵٪","۵,۲۰۰,۰۰۰","",""
"https://dkstatics-public.digikala.com/digikala-products/d6eaa290e5022eb07a133d91cb76e9c4a546d8ba_1672233951.jpg?x-oss-process=image/resize,m_lfit,h_600,w_600/quality,q_90","برچسب لاستیک خودرو مدل KOMOHO-LASTI مجموعه 4 عددی","ارسال فروشنده","۳.۴","۲۵۰,۰۰۰","https://dkstatics-public.digikala.com/digikala-products/ddff47bdac6460c48042b5b5ad1bf6becc6e844a_1646809595.jpg?x-oss-process=image/resize,m_lfit,h_600,w_600/quality,q_90","منبع اگزوز مدل رنجروری کد   safa rans big","[object Object]","موجود در انبار دیجی کالا","۴.۴","[object Object]","۱,۶۰۰,۰۰۰","https://dkstatics-public.digikala.com/digikala-products/0bd8727d7f334a510e65e8c51d471caa42056da8_1699125929.jpg?x-oss-process=image/resize,m_lfit,h_600,w_600/quality,q_90","سر اگزوز مدل J.S103 با ابعاد 30x40x80 میلی‌متر و وزن 300 گرم ساخت ایران","تنها ۱ عدد در انبار باقی مانده","۴.۴","۱۹۸,۰۰۰","https://dkstatics-public.digikala.com/digikala-products/a3fc29a02bfaaefe37138559ff2eab35cd4fc034_1705143704.jpg?x-oss-process=image/resize,m_lfit,h_600,w_600/quality,q_90","کفپوش سه‌بعدی خودرو بابل کارپت مدل سوپر مناسب شاهین با جنس نمد دو لایه، مقاوم در برابر گرما و سرما، ضد لغزش، ضد خش و ضد آب، طراحی سه تکه برای جلو و عقب خودرو و سازگار با سبک اقتصادی، اسپرت و لوکس سایپا","[object Object]","موجود در انبار دیجی کالا","۴.۳","[object Object]","۲,۰۰۰,۰۰۰","https://dkstatics-public.digikala.com/digikala-products/5684111a393d14f3a94f221e294322a0ce87e049_1642450333.jpg?x-oss-process=image/resize,m_lfit,h_600,w_600/quality,q_90","لاستیک پایین رادیاتور سیران مدل SP0070  مناسب برای پراید بسته 2 عددی","","۴.۳","[object Object]","۹۸,۰۰۰","[object Object]","","[object Object]","موجود در انبار دیجی کالا","","","","","",""
"","کفپوش سه بعدی صندوق خودرو پانیذ مدل EVA مناسب برلیانس 330 با جنس چرم مصنوعی، پوشش کامل، ضد آب و قابلیت شست‌وشو، مقاوم در برابر تغییرات آب و هوایی و حفظ فرم بلندمدت","ارسال فروشنده","۴.۴","۲,۳۶۸,۰۰۰","","قاب ریموت خودرو چیکال مدل P-298 مناسب برای تیبا و تیبا 2، جنس پلاستیک مقاوم در برابر ضربه، ابعاد 10x10x2 سانتی‌متر و وزن 50 گرم، محافظت از ریموت در برابر ضربه و تغییر رنگ","[object Object]","ارسال سریع دیجی‌کالا","۳.۳","[object Object]","۱۰۸,۵۳۰","","قفل رینگ لاستیک خودرو مدل ETX مناسب برای پژو 207 با بسته 6 عددی جهت افزایش امنیت و جلوگیری از سرقت رینگ و لاستیک خودرو","ارسال فروشنده","۴.۳","۱,۳۰۰,۰۰۰","","نگهدارنده درب باک خودرو چیکال مدل P-428 مناسب پژو 206، پژو 207 و رانا، جنس فلزی، جلوگیری از گم شدن درب باک و افزایش عملکرد فنی","[object Object]","موجود در انبار دیجی کالا","۳.۳","[object Object]","۲۷۵,۲۱۰","","اسپری پولیش و تمیزکننده داشبورد خودرو کاسپین مدل اورجینال حجم 300 میلی‌لیتر با قابلیت براق‌کنندگی، پولیش کاری و محافظت از سطح","","۴.۳","[object Object]","۲۶۵,۲۹۰","[object Object]","","[object Object]","ارسال سریع دیجی‌کالا","","[object Object]","۲۶٪","۳,۲۰۰,۰۰۰","",""
"","قاب دور ضبط کد SA12 مناسب برای پراید","موجود در انبار دیجی کالا","۳.۹","۸۰۰,۰۰۰","","آویز تزئینی اسپانیا مدل C11","[object Object]","موجود در انبار دیجی کالا","۴.۳","[object Object]","۱۵۰,۰۰۰","","جعبه نظم دهنده صندوق عقب خودرو مدل vanda12 با ابعاد 50x26x26 سانتی‌متر، جنس برزنت و دو محفظه برای نگهداری وسایل به صورت منظم و مقاوم","تنها ۱ عدد در انبار باقی مانده","۴.۲","۴۵۶,۰۰۰","","برچسب بدنه خودرو طرح بتمن کد 24 بسته 2 عددی","","","۳.۳","[object Object]","۱۰۵,۰۰۰","","کارواش کرشر مدل  K2 Compact New","ارسال ۳ ساعته فروشنده","۳.۶","[object Object]","۳۲,۵۰۰,۰۰۰","[object Object]","","","تنها ۲ عدد در انبار باقی مانده","","","۵٪","۴۸۰,۰۰۰","",""
"","سر باتری پیچی کالانیکس مدل BAT-10347 مجموعه 2 عددی ساخته‌شده از آلیاژ آلومینیوم و پلاستیک مناسب برای تمام خودروها با قابلیت افزایش ایمنی","ارسال فروشنده","۳.۳","۲۲۵,۰۰۰","","مغزی فندک تزئینی خودرو چیکال مدل K-493-NEW مناسب پراید با بدنه فلزی و عملکرد فشاری","[object Object]","موجود در انبار دیجی کالا","۴.۳","[object Object]","۱۹۷,۴۸۰","","روکش صندلی خودرو هایکو مدل ناتیس مخصوص پژو 206 و 207 با پارچه فابریک، الگوی دوتکه عقب، ابر و آستر مرغوب، مقاوم در برابر گسترش آتش، نور خورشید و ساییدگی، قابل شست‌وشو","","۴.۳","۷,۵۸۰,۰۰۰","","جک لوزی خودرو پروتولز کد PRT-00L90 مناسب ال 90 ظرفیت 1.5 تن","[object Object]","موجود در انبار دیجی کالا","۴.۲","[object Object]","۱,۶۲۹,۹۹۰","","برچسب بدنه خودرو شب تاب طرح روح سوار با چسبندگی بالا، مقاومت در برابر آب و رطوبت، ایجاد نوردهی در تاریکی و طراحی نوآورانه کد CK","ارسال ۳ ساعته فروشنده","۴.۲","[object Object]","۱۴۰,۰۰۰","[object Object]","","[object Object]","موجود در انبار دیجی کالا","","","۴٪","۷,۹۰۰,۰۰۰","۱۴٪","۱,۸۹۹,۹۹۰"
"","جعبه فیوز داخل موتور خودرو چیکال مدل P-525 مناسب برای سایپا پراید شامل پراید 111، 131، 132، 141، 151 وانت، X100، صبا و نسیم","موجود در انبار دیجی کالا","۴.۲","۲۵۱,۶۰۰","","شامپو سرامیک بدنه خودرو کارماکر مدل CERAMIC حجم 4.5 لیتر با pH خنثی، پاک‌کنندگی عمقی بدون آسیب به پوشش سرامیکی، مناسب بدنه، چراغ، رینگ، شیشه و لاستیک، براق‌کننده و محافظ چندمنظوره","[object Object]","موجود در انبار دیجی کالا","۴.۱","[object Object]","۲,۹۰۰,۰۰۰","","خوشبوکننده خودرو مدل جغد AMS","تنها ۳ عدد در انبار باقی مانده","۳.۱","۹۳,۵۰۰","","برچسب پارکابی خودرو طرح چرم نقطه ای رول 2 متری فوق ضخیم و پرچسب مناسب نصب روی هر 4 درب مدل LZD-722","[object Object]","ارسال سریع دیجی‌کالا","۴.۲","[object Object]","۲۴۷,۹۴۰","","سردنده دستی کریستالی لمسی با نورپردازی RGB، باتری داخلی قابل شارژ، پایه نصب با پیچ آلن و آچار مخصوص، مناسب تمام خودروهای داخلی، خارجی، برقی، دیزلی و بنزینی، طراحی اسپرت، جنس پلاستیک و شیشه، مدل کریستالی","","۲.۱","[object Object]","۲,۳۰۰,۰۰۰","[object Object]","","[object Object]","موجود در انبار دیجی کالا","","","۴۵٪","۱۷۰,۰۰۰","۴۳٪","۴۳۷,۵۰۰"
"","آویز قلب خودرو مدل سوریکاوا نئون چراغ دار RE","موجود در انبار دیجی کالا","۳.۸","۲۳۰,۰۰۰","","اسپری فوم تمیزکننده داخل کابین خودرو حجم 75 میلی‌لیتر محافظت‌کننده و پاک‌کننده داشبورد و روکش صندلی","[object Object]","ارسال فروشنده","۴.۲","[object Object]","۳۱۳,۹۷۰","","آرم پلاستیکی ریموت خودرو چیکال مدل K-559 مناسب پژو پارس، مقاوم در برابر آب، نور خورشید و دما، بسته 2 عددی، ویژه ریموت 2 و 3 دکمه","تنها ۱ عدد در انبار باقی مانده","۴.۲","۷۰,۹۹۰","","دستگیره درب باک خودرو مناسب برای پراید مدل steel با چسب 2 طرفه برای نصب آسان و زبانه بازکننده قفل","[object Object]","ارسال سریع دیجی‌کالا","۴.۱","[object Object]","۹۸,۰۰۰","","روکش صندلی خودرو مدل vip مناسب برای پراید ۱۳۱","","۳.۹","[object Object]","۴,۲۰۰,۰۰۰","[object Object]","","[object Object]","موجود در انبار دیجی کالا","","","","","",""
"https://dkstatics-public.digikala.com/digikala-products/bcf2835711fe589029867eb7d36ecf2242f32555_1657184386.jpg?x-oss-process=image/resize,m_lfit,h_600,w_600/quality,q_90","کفپوش سه بعدی صندوق خودرو پانیذ مدل EVA مناسب برلیانس 330 با جنس چرم مصنوعی، پوشش کامل، ضد آب و قابلیت شست‌وشو، مقاوم در برابر تغییرات آب و هوایی و حفظ فرم بلندمدت","ارسال فروشنده","۴.۴","۲,۳۶۸,۰۰۰","https://dkstatics-public.digikala.com/digikala-products/0cdde94e2ccf4d862972e0b33e99e5bdc86543c3_1673691905.jpg?x-oss-process=image/resize,m_lfit,h_600,w_600/quality,q_90","قاب ریموت خودرو چیکال مدل P-298 مناسب برای تیبا و تیبا 2، جنس پلاستیک مقاوم در برابر ضربه، ابعاد 10x10x2 سانتی‌متر و وزن 50 گرم، محافظت از ریموت در برابر ضربه و تغییر رنگ","[object Object]","ارسال سریع دیجی‌کالا","۳.۳","[object Object]","۱۰۸,۵۳۰","https://dkstatics-public.digikala.com/digikala-products/7ca795edd4940a2fea5dd3b4063af0e2f6be2016_1684185904.jpg?x-oss-process=image/resize,m_lfit,h_600,w_600/quality,q_90","قفل رینگ لاستیک خودرو مدل ETX مناسب برای پژو 207 با بسته 6 عددی جهت افزایش امنیت و جلوگیری از سرقت رینگ و لاستیک خودرو","ارسال فروشنده","۴.۳","۱,۳۰۰,۰۰۰","https://dkstatics-public.digikala.com/digikala-products/131100ec352c5aea06e3f2b669e8673d4fcce399_1763382264.jpg?x-oss-process=image/resize,m_lfit,h_600,w_600/quality,q_90","نگهدارنده درب باک خودرو چیکال مدل P-428 مناسب پژو 206، پژو 207 و رانا، جنس فلزی، جلوگیری از گم شدن درب باک و افزایش عملکرد فنی","[object Object]","موجود در انبار دیجی کالا","۳.۳","[object Object]","۲۷۵,۲۱۰","https://dkstatics-public.digikala.com/digikala-products/5ed31e9d56b8c1a8599103ec96bed79842fa5ad3_1706709972.jpg?x-oss-process=image/resize,m_lfit,h_600,w_600/quality,q_90","اسپری پولیش و تمیزکننده داشبورد خودرو کاسپین مدل اورجینال حجم 300 میلی‌لیتر با قابلیت براق‌کنندگی، پولیش کاری و محافظت از سطح","","۴.۳","[object Object]","۲۶۵,۲۹۰","[object Object]","","[object Object]","ارسال سریع دیجی‌کالا","https://www.digikala.com/statics/img/svg/productCard/topBadge/SpecialSell.svg","[object Object]","۲۶٪","۳,۲۰۰,۰۰۰","",""
"https://dkstatics-public.digikala.com/digikala-products/4c67bb09f945aa12d889139a62e171e93b047430_1731433829.jpg?x-oss-process=image/resize,m_lfit,h_600,w_600/quality,q_90","قاب دور ضبط کد SA12 مناسب برای پراید","موجود در انبار دیجی کالا","۳.۹","۸۰۰,۰۰۰","https://dkstatics-public.digikala.com/digikala-products/433fd8adef6cd5d872a94e0f3b737a0a90867986_1633892810.jpg?x-oss-process=image/resize,m_lfit,h_600,w_600/quality,q_90","آویز تزئینی اسپانیا مدل C11","[object Object]","موجود در انبار دیجی کالا","۴.۳","[object Object]","۱۵۰,۰۰۰","https://dkstatics-public.digikala.com/digikala-products/08bc9268443fbb0ff56731682a8ad6e0c4f42de7_1634500284.jpg?x-oss-process=image/resize,m_lfit,h_600,w_600/quality,q_90","جعبه نظم دهنده صندوق عقب خودرو مدل vanda12 با ابعاد 50x26x26 سانتی‌متر، جنس برزنت و دو محفظه برای نگهداری وسایل به صورت منظم و مقاوم","تنها ۱ عدد در انبار باقی مانده","۴.۲","۴۵۶,۰۰۰","https://dkstatics-public.digikala.com/digikala-products/114297885.jpg?x-oss-process=image/resize,m_lfit,h_600,w_600/quality,q_90","برچسب بدنه خودرو طرح بتمن کد 24 بسته 2 عددی","","","۳.۳","[object Object]","۱۰۵,۰۰۰","https://dkstatics-public.digikala.com/digikala-products/e452eb4be4fdfdc7f25c6e408862765d4e5f1bca_1642536070.jpg?x-oss-process=image/resize,m_lfit,h_600,w_600/quality,q_90","کارواش کرشر مدل  K2 Compact New","ارسال ۳ ساعته فروشنده","۳.۶","[object Object]","۳۲,۵۰۰,۰۰۰","[object Object]","","","تنها ۲ عدد در انبار باقی مانده","https://www.digikala.com/statics/img/svg/productCard/topBadge/SpecialSell.svg","","۵٪","۴۸۰,۰۰۰","",""
"","زه استیل آبگیر خودرو مناسب رنو L90 چهار درب، ضد زنگ و مقاوم، نصب آسان با چسب 2 طرفه، جلوگیری از نفوذ آب و افزایش زیبایی خودرو بسته 4 عددی کد 76","موجود در انبار دیجی کالا","۴","۸۵۰,۰۰۰","","کفپوش پنج بعدی خودرو مدل LS مناسب برای مزدا وانت کارا","[object Object]","ارسال فروشنده","۱","[object Object]","۴,۷۵۳,۰۰۰","","روکش داشبورد بابل کارپت مدل نمدی مناسب برای سمند سورن","موجود در انبار دیجی کالا","۱","۱,۰۴۰,۰۰۰","","ساعت داشبوردی خودرو مدل p23 مناسب تمامی خودروها به خصوص پژو 206، 207، 405 و پارس، جنس آلومینیوم و استیل وارداتی، نصب چسبی آسان، دارای باتری قابل تعویض و عقربه شبرنگ با آرم پژو مشکی","[object Object]","موجود در انبار دیجی کالا","۵","[object Object]","۹۶۰,۰۰۰","","قاب بغل صندلی جلو راست خودرو دنا مدل 12851 از جنس پلاستیک با نصب آسان و کیفیت مشابه قطعه اصلی","","","","۴۹۸,۱۲۰","[object Object]","","[object Object]","ارسال سریع دیجی‌کالا","","[object Object]","۳٪","۴,۹۰۰,۰۰۰","",""
"","کاور ریموت و سوئیچ خودرو کالانیکس مدل COV-LUCANOL7-10568 مناسب برای لوکانو L7","ارسال فروشنده","۵","۲۵۰,۰۰۰","","بوق ایساکو مدل 30101100399 مناسب برای پژو 405","[object Object]","موجود در انبار دیجی کالا","۵","[object Object]","۸۸۶,۴۷۰","","منبع وسط اگزوز نوین فرم مدل آذرخش مناسب برای تیبا","تنها ۱ عدد در انبار باقی مانده","۳","۱,۸۰۰,۰۰۰","","آرم داشبورد خودرو طرح فلش و دمپایی مدل سه خط مجموعه چهار عددی","","تنها ۲ عدد در انبار باقی مانده","۳","[object Object]","۱۵۵,۰۰۰","","پشتی صندلی خودرو سوشیانت مدل عرقگیر KING","","۵","[object Object]","۲,۱۲۵,۰۰۰","[object Object]","[object Object]","","تنها ۱ عدد در انبار باقی مانده","","","۱۵٪","۲,۵۰۰,۰۰۰","",""
"","آچار باک بنزین مدل RG-206HY مناسب برای پژو 206 و 207","موجود در انبار دیجی کالا","۵","۱,۰۵۰,۰۰۰","","پد کنسول خودرو جیب دار نادیاهوم مدل جیب دار با فوم سرد و دوخت تمیز، جنس چرم، ابعاد 30x18x3 سانتی‌متر، 2 عدد جیب برای نگهداری گوشی و کلید، نصب با کش، مناسب تمام خودروها، محافظ کنسول و افزایش راحتی رانندگی، مدل TR-387","[object Object]","موجود در انبار دیجی کالا","۴.۳","[object Object]","۶۴۸,۰۰۰","","کرم رفع آفتاب‌سوختگی رنگ خودرو ام موتورز مدل PM2500 وزن 800 گرم با فرمولاسیون هایتک، براق‌کننده، پولیش کاری، حداقل لایه‌برداری، مناسب بدنه و قسمت‌های پلاستیکی خودرو، قابل استفاده با دستگاه پولیش و دست","ارسال سریع دیجی‌کالا","۳.۱","۱,۷۹۰,۰۰۰","","دور فرمان تی ام تی طرح چوب مدل L84","[object Object]","ارسال سریع دیجی‌کالا","۴","[object Object]","۳۶۰,۰۰۰","","پد محافظ مدل ژله ای PH-Pars10 کلید تنظیم کولر و بخاری پژو پارس و 405 بسته 11 عددی نرم و انعطاف‌پذیر، ضد خط و خش، مقاوم در برابر آب، نور خورشید و دما، نصب آسان با چسب مخصوص","","۳.۹","[object Object]","۱۷۹,۱۰۰","[object Object]","[object Object]","[object Object]","موجود در انبار دیجی کالا","","[object Object]","۱۷٪","۷۸۰,۰۰۰","۱۸٪","۲,۱۸۰,۰۰۰"
"https://dkstatics-public.digikala.com/digikala-products/b7e51b11e687805ffc28547d9086b518d14fb0d8_1738759915.jpg?x-oss-process=image/resize,m_lfit,h_600,w_600/quality,q_90","کمپرسور هوا ویوارکس مدل VR1207-ACT دو سیلندر با فشار حداکثر 150 PSI و دبی 75 مترمکعب بر ساعت، دارای صفحه نمایش، فشارسنج، شلنگ و دستگیره، قابلیت اتصال به برق شهری و فندکی خودرو به همراه کیت کامل پنچرگیری و کیف حمل","ارسال سریع دیجی‌کالا","۴.۲","۶,۰۳۵,۹۳۰","https://dkstatics-public.digikala.com/digikala-products/e15c021da565f539b7a4777d3c390bceb0733f3f_1761924088.jpg?x-oss-process=image/resize,m_lfit,h_600,w_600/quality,q_90","کارواش دینامی 140 بار 3000 وات اینتیمکث مدل 2039","[object Object]","ارسال فروشنده","۲.۳","[object Object]","۱۲,۳۳۴,۶۰۰","https://dkstatics-public.digikala.com/digikala-products/f225a0d0a89e7c4fd238b78a092f907022591c2a_1625253804.jpg?x-oss-process=image/resize,m_lfit,h_600,w_600/quality,q_90","برچسب بدنه خودرو طرح EF7 مدل SE100 مقاوم در برابر آب و شستشو، سایز 11x5 سانتی‌متر، همراه با سلفون نصب آسان، رنگ مشکی و قرمز","تنها ۲ عدد در انبار باقی مانده","۴.۳","۷۰,۰۰۰","https://dkstatics-public.digikala.com/digikala-products/13ead109035772c68cafe5f5f41571fbb104f73e_1637660897.jpg?x-oss-process=image/resize,m_lfit,h_600,w_600/quality,q_90","قاب دور فرمان مناسب خودرو تیبا با نصب آسان و دوام بالا","[object Object]","موجود در انبار دیجی کالا","۴.۴","[object Object]","۳۰۴,۵۹۰","https://dkstatics-public.digikala.com/digikala-products/eff94bace6e89903a87a681851da916a0941197e_1651989059.jpg?x-oss-process=image/resize,m_lfit,h_600,w_600/quality,q_90","روکش داشبورد خودرو بابل کارپت مدل nmd001 مناسب پژو 207 از جنس نمد، مقاوم در برابر رطوبت، آب و خوردگی، نصب آسان با تطبیق دقیق محل دریچه‌ها و سنسورها، محافظت در برابر تابش نور خورشید و جلوگیری از ترک خوردگی و تغییر شکل","ارسال ۳ ساعته فروشنده","۴.۴","[object Object]","۸۲۱,۰۰۰","[object Object]","","","","https://www.digikala.com/statics/img/svg/productCard/topBadge/SpecialSell.svg","","۸٪","۶,۵۵۶,۵۰۰","۳۱٪","۱۸,۰۰۰,۰۰۰"
"https://dkstatics-public.digikala.com/digikala-products/c47c6a5d75f77f6548d57901dd24ae0ad3555f71_1773821575.jpg?x-oss-process=image/resize,m_lfit,h_600,w_600/quality,q_90","کنسول وسط خودرو جک J4 با دو باکس مجزا، زیر آرنجی متحرک با دوخت قرمز، دو درگاه USB جلو و عقب برای شارژ موبایل، جای لیوانی، نصب فابریک و جنس پلاستیک","موجود در انبار دیجی کالا","۴.۳","۵,۹۰۰,۰۰۰","https://dkstatics-public.digikala.com/digikala-products/bcb8f22e5e34d0209b18cfcdac20aa9f3b5f8c81_1621170032.jpg?x-oss-process=image/resize,m_lfit,h_600,w_600/quality,q_90","روکش صندلی خودرو هایکو مدل دنا پلاس از پارچه مخمل مقاوم در برابر لکه و گسترش آتش، قابل شست‌وشو، با الگوی متناسب فریم صندلی ، مناسب خودروهای دنا پلاس","[object Object]","موجود در انبار دیجی کالا","۴.۴","[object Object]","۸,۸۲۰,۴۰۰","https://dkstatics-public.digikala.com/digikala-products/8e71a66ed457589e458967e80e7aa05de6e8b81c_1610436267.jpg?x-oss-process=image/resize,m_lfit,h_600,w_600/quality,q_90","محلول شیشه شوی خودرو کاسپین مدل Non-Smearing حجم 1 لیتر با فرمولاسیون پیشرفته، قابلیت استفاده در تمامی فصول، حاوی الکل ضد یخ‌زدگی، بدون ایجاد رسوب و آسیب به قطعات سیستم شیشه‌شوی خودرو","تنها ۳ عدد در انبار باقی مانده","۴.۳","۱۸۰,۰۰۰","https://dkstatics-public.digikala.com/digikala-products/374276b4d960a82f422ed7864ba0046d1c787760_1687540391.jpg?x-oss-process=image/resize,m_lfit,h_600,w_600/quality,q_90","آویز تزیینی خودرو مدل SCANIA بسته 4 عددی","[object Object]","موجود در انبار دیجی کالا","۴.۳","[object Object]","۲۴۶,۰۰۰","https://dkstatics-public.digikala.com/digikala-products/217a36cdbf4b5f7609199247794d17e2fe7690c8_1674583061.jpg?x-oss-process=image/resize,m_lfit,h_600,w_600/quality,q_90","برچسب خودرو کد PEG-1","","۴.۳","[object Object]","۱۰۰,۰۰۰","[object Object]","","[object Object]","موجود در انبار دیجی کالا","https://www.digikala.com/statics/img/svg/productCard/topBadge/SpecialSell.svg","","۱۲٪","۱۰,۰۰۰,۰۰۰","۴۰٪","۴۱۰,۰۰۰"
"https://dkstatics-public.digikala.com/digikala-products/113018461.jpg?x-oss-process=image/resize,m_lfit,h_600,w_600/quality,q_90","اسپری انژکتور شوی حجم 450 میلی لیتر مناسب برای تمامی خودروها با فرمول جدید، تمیزکننده و محافظت کننده انژکتور مدل ING01","موجود در انبار دیجی کالا","۴.۳","۱۷۸,۵۱۰","https://dkstatics-public.digikala.com/digikala-products/bf277d1b5a20fd7c75950450768617149c0c5feb_1631082330.jpg?x-oss-process=image/resize,m_lfit,h_600,w_600/quality,q_90","سر دنده خودرو چیکال مدل 06 مناسب پژو 206 با طراحی کروی، جنس پلاستیک و هسته سرب برای تعویض دنده روان تر","[object Object]","موجود در انبار دیجی کالا","۴.۲","[object Object]","۱۸۸,۶۹۰","https://dkstatics-public.digikala.com/digikala-products/2548409.jpg?x-oss-process=image/resize,m_lfit,h_600,w_600/quality,q_90","کاور سیلیکونی ریموت سوییچ خودرو تیبا با ضربه‌گیری بالا، محافظت در برابر خط و خش، جلوگیری از لغزش و جایگذاری راحت و سریع","تنها ۳ عدد در انبار باقی مانده","۴.۲","۲۳۰,۰۰۰","https://dkstatics-public.digikala.com/digikala-products/c189cc61457c8fb74cd227474fb3f7352c6a4c21_1639325380.jpg?x-oss-process=image/resize,m_lfit,h_600,w_600/quality,q_90","برچسب بدنه خودرو طرح EF7، مقاوم در برابر آب و نور خورشید، مناسب نصب آسان و چسبندگی قوی","[object Object]","موجود در انبار دیجی کالا","۴.۴","[object Object]","۷۵,۰۰۰","https://dkstatics-public.digikala.com/digikala-products/25a60123e96656ba812dd58c29e12d62862ae4e3_1746194126.jpg?x-oss-process=image/resize,m_lfit,h_600,w_600/quality,q_90","پشتی صندلی خودرو مدل لاکچری طرح تنفسی مجموعه تکیه‌گاه و بالش نشیمن با پارچه طبی فنری سه‌بعدی، ابعاد 136x45x3 سانتی‌متر، مناسب گردش هوا و کاهش تعریق، نصب آسان با قلاب و کش محکم، ضد لغزش و قابلیت شست‌وشو","ارسال ۳ ساعته فروشنده","۴.۱","[object Object]","۴,۴۵۰,۰۰۰","[object Object]","","","","https://www.digikala.com/statics/img/svg/productCard/topBadge/SpecialSell.svg","","۳٪","۴,۶۰۰,۰۰۰","",""
"https://dkstatics-public.digikala.com/digikala-products/ab4109c10638a4a59f26b2002bc78183879ab72a_1757957772.jpg?x-oss-process=image/resize,m_lfit,h_600,w_600/quality,q_90","کفپوش سه‌بعدی خودرو بابل کارپت مدل لاکچری مناسب ایران خودرو ریرا با جنس پلیمر نرم و انعطاف‌پذیر، ضد آب و ضد خش، مقاوم در برابر گرما و سرما، بدون لغزش، سه تکه و قابلیت شست‌وشوی آسان","موجود در انبار دیجی کالا","۴.۳","۳,۲۸۶,۸۰۰","https://dkstatics-public.digikala.com/digikala-products/984d89bf22df82eb8c05b04338e242936f0938f9_1764616021.jpg?x-oss-process=image/resize,m_lfit,h_600,w_600/quality,q_90","پولیش تک مرحله ای بدنه خودرو پلی لوکس مدل 4 وزن 500 گرم با قابلیت رفع خط و خش، لکه و گرده رنگ، براق کننده و مناسب برای بدنه، چراغ، رینگ و گلگیر خودرو، مقاوم در برابر سرما و گرما","[object Object]","ارسال سریع دیجی‌کالا","۴.۱","[object Object]","۵۵۰,۰۰۰","https://dkstatics-public.digikala.com/digikala-products/d4d044d87ac086bf0a453fe87ddacd171c5059a5_1737658676.jpg?x-oss-process=image/resize,m_lfit,h_600,w_600/quality,q_90","نظم‌دهنده داخل خودرو مدل فلاور با جنس چرم، مناسب خودروهای سواری، ابعاد 17x9x28 سانتیمتر، تک محفظه و سبک برای نگهداری وسایل داخل اتاق","تنها ۳ عدد در انبار باقی مانده","۴.۱","۳۰۷,۴۲۰","https://dkstatics-public.digikala.com/digikala-products/f9b7ecbd843bc5c4ef1b758415a5f43a99580f4f_1673999953.jpg?x-oss-process=image/resize,m_lfit,h_600,w_600/quality,q_90","کاور ژله ای ریموت خودرو مناسب پژو 405 و پژو پارس، ساخته شده از سیلیکون و پلاستیک فشرده، محافظت در برابر ضربه و رطوبت، نصب آسان، وزن 50 گرم و ابعاد 5x5x2 سانتی‌متر","[object Object]","موجود در انبار دیجی کالا","۴.۳","[object Object]","۱۲۷,۰۰۰","https://dkstatics-public.digikala.com/digikala-products/121266773.jpg?x-oss-process=image/resize,m_lfit,h_600,w_600/quality,q_90","کارواش خانگی رونیکس مدل RP-U100C با موتور یونیورسال 1400 وات، فشار آب 100 بار، دبی آب 6.5 لیتر در دقیقه، شلنگ 5 متری، سیستم اتواستاپ و حفاظت گرمایی، مخزن مواد شوینده و لوازم جانبی کامل","","۴.۲","[object Object]","۱۸,۶۱۶,۸۸۰","[object Object]","[object Object]","","تنها ۱ عدد در انبار باقی مانده","","","","","",""
"https://dkstatics-public.digikala.com/digikala-products/ab39bb5bf163a2abda590ee3bd88528bfa422cb5_1681148949.jpg?x-oss-process=image/resize,m_lfit,h_600,w_600/quality,q_90","آفتابگیر شیشه جلو خودرو مدل عینکی مجموعه 2 عددی با ابعاد 140×70 سانتی‌متر، جنس پلی استر و وزن 150 گرم برای نصب در جلو خودرو، کد 2023","موجود در انبار دیجی کالا","۴.۲","۳۳۰,۰۰۰","https://dkstatics-public.digikala.com/digikala-products/9bac9eab90202a67d154eb847241b8e93d5756cd_1685084082.jpg?x-oss-process=image/resize,m_lfit,h_600,w_600/quality,q_90","زه مکمل سپر کد MSD مناسب برای دنا","[object Object]","ارسال فروشنده","۴.۲","[object Object]","۵۹۰,۰۰۰","https://dkstatics-public.digikala.com/digikala-products/e3c15acb301b87873b60bb2910bfc9b571c92578_1743766509.jpg?x-oss-process=image/resize,m_lfit,h_600,w_600/quality,q_90","اسپری براق کننده و تمیزکننده لاستیک آرل مدل 1987 حجم 750 میلی‌لیتر با مقاومت در برابر گرما و سرما، قابلیت پولیش کاری و تمیزکنندگی سریع","تنها ۱ عدد در انبار باقی مانده","۴","۳۹۷,۷۰۰","https://dkstatics-public.digikala.com/digikala-products/2ad08d1fe200c2e45ee52dccbbb8be68af7aad93_1698097871.jpg?x-oss-process=image/resize,m_lfit,h_600,w_600/quality,q_90","سروالف لاستیک خودرو قطعه سازان کبیر مدل VAL-SAIPA-30731 مناسب برای پراید بسته 4 عددی","[object Object]","موجود در انبار دیجی کالا","۴","[object Object]","۱۶۵,۰۰۰","https://dkstatics-public.digikala.com/digikala-products/881792e7ab206538d652fb7ced4dd34eada4c515_1642594845.jpg?x-oss-process=image/resize,m_lfit,h_600,w_600/quality,q_90","خار آمپولی خودرو سیران مدل 003 بسته 30 عددی","","۴.۲","[object Object]","۹۱,۲۵۰","[object Object]","[object Object]","[object Object]","موجود در انبار دیجی کالا","https://www.digikala.com/statics/img/svg/productCard/topBadge/SpecialSell.svg","","۳٪","۴۱۰,۰۰۰","",""
"https://dkstatics-public.digikala.com/digikala-products/113448204.jpg?x-oss-process=image/resize,m_lfit,h_600,w_600/quality,q_90","آینه نقطه کور خودرو مدل BW قابل نصب روی آینه با ارتفاع 55 میلیمتر تا 80 میلیمتر مناسب برای تمام خودروها","موجود در انبار دیجی کالا","۴.۳","۱,۲۵۰,۰۰۰","https://dkstatics-public.digikala.com/digikala-products/e137249e991b48e4bf91a71ef8ec45b0793f6fcb_1784960244.jpg?x-oss-process=image/resize,m_lfit,h_600,w_600/quality,q_90","برچسب چاپی درب باک خودرو مدل PH-104  مناسب برای پژو پارس و پژو 405","[object Object]","ارسال فروشنده","","","۱۳۵,۱۵۰","https://dkstatics-public.digikala.com/digikala-products/dcefea9651ecfc76a6e2d18f9105d136af9ca64f_1781078264.jpg?x-oss-process=image/resize,m_lfit,h_600,w_600/quality,q_90","اسپری براق کننده داشبورد رلوکس مدل Lacoste حجم 250میلی لیتر","تنها ۲ عدد در انبار باقی مانده","","۱۷۰,۰۰۰","https://dkstatics-public.digikala.com/digikala-products/276eec60a9ed92a26554d71c761e5985d65ad941_1784727371.jpg?x-oss-process=image/resize,m_lfit,h_600,w_600/quality,q_90","یخچال خودرو مدل Cooling & Warming ظرفیت 7.5 لیتر","[object Object]","موجود در انبار دیجی کالا","","","۹,۲۰۰,۰۰۰","https://dkstatics-public.digikala.com/digikala-products/6e3075cde6dbb4a4a65d9df568f9137f884ce55e_1783145038.jpg?x-oss-process=image/resize,m_lfit,h_600,w_600/quality,q_90","پکیج برچسب محافظ و ترمیم کننده کلید فرمان خودرو مدل مورونو مناسب برای تارا","","","","۲۵۰,۰۰۰","[object Object]","","[object Object]","موجود در انبار دیجی کالا","https://www.digikala.com/statics/img/svg/productCard/topBadge/SpecialSell.svg","","۱۵٪","۱۵۹,۰۰۰","",""
"https://dkstatics-public.digikala.com/digikala-products/e76f073ccdd8d466a87f409f76f8e56ca29000b8_1782717440.jpg?x-oss-process=image/resize,m_lfit,h_600,w_600/quality,q_90","کاور ریموت و سوئیچ خودرو چیکال طرح ژله ای کد P-1148 مناسب برای پژو 206/پژو207/پژو پارس/رانا","ارسال سریع دیجی‌کالا","۵","۱۹۷,۵۱۰","https://dkstatics-public.digikala.com/digikala-products/6848ba4b4e9d3dc778520bc0195e9279ea4757de_1767772409.jpg?x-oss-process=image/resize,m_lfit,h_600,w_600/quality,q_90","قاب آینه جانبی پلاستیکی راهنمادار خودرو پژو 206 مجموعه 2 عددی مناسب تبدیل آینه 206 به 207 برای سمت چپ و راست","[object Object]","موجود در انبار دیجی کالا","۱","[object Object]","۱,۲۰۰,۰۰۰","https://dkstatics-public.digikala.com/digikala-products/5520384505963931f9760a0f226685f14ddaac02_1708776683.jpg?x-oss-process=image/resize,m_lfit,h_600,w_600/quality,q_90","دستگاه کمپرس سنج سیلندر المپیا مدل KSO-03 با دامنه اندازه‌گیری 20 کیلوگرم بر سانتی‌متر مربع و 50 تا 300 PSI، مناسب خودروهای بنزینی، اتصال سریع و کیف پلاستیکی دسته‌دار","موجود در انبار دیجی کالا","۴","۲,۴۰۰,۰۰۰","https://dkstatics-public.digikala.com/digikala-products/93ebdc349ab9e7b38614b83e03f7f113ca90bb96_1707338261.jpg?x-oss-process=image/resize,m_lfit,h_600,w_600/quality,q_90","جاسوئیچی مدل J.S طرح اسکویید گیم","[object Object]","موجود در انبار دیجی کالا","۳","[object Object]","۵۰,۰۰۰","https://dkstatics-public.digikala.com/digikala-products/eb00a79752e73e757209d17ab99704b246fa1ff6_1772038313.jpg?x-oss-process=image/resize,m_lfit,h_600,w_600/quality,q_90","دستمال خشک‌کن خودرو مگنتی 40×40 سانتی‌متر از الیاف مایکروفایبر دو لایه، بدون نیاز به مواد شوینده، بدون ایجاد خط و خش و ضد لکه، مناسب بدنه و شیشه با قدرت جذب بالای آب","","۴","[object Object]","۶۷۵,۰۰۰","[object Object]","","[object Object]","ارسال سریع دیجی‌کالا","https://www.digikala.com/statics/img/svg/productCard/topBadge/SpecialSell.svg","[object Object]","۱۴٪","۲,۸۰۰,۰۰۰","",""
"","خوشبوکننده کارتی خودرو شمع النا مدل Cute مجموعه 3 عددی","ارسال فروشنده","۵","۴۳۱,۲۰۰","","براش تمیز کننده خودرو مدل A111 مناسب برای فیدلیتی","[object Object]","ارسال فروشنده","۴","[object Object]","۱۲۰,۰۰۰","","آفتابگیر شیشه خودرو فنری و تاشو مدل SPCA ساخته‌شده از پارچه اسپان باند با ابعاد 145x70x2 سانتی‌متر مناسب برای نصب جلو و عقب خودروهای پژو 405، پژو پارس، سمند، رنو، پراید، تیبا، ساینا و کوییک، کد A","تنها ۱ عدد در انبار باقی مانده","۴","۱۴۲,۰۰۰","","کفپوش سه‌بعدی خودرو مناسب انواع پراید با جنس پلی‌اتیلن و نمد، مدل پشت نمد ماهوت، ضد لغزش و با انعطاف‌پذیری بالا","[object Object]","موجود در انبار دیجی کالا","۴.۱","[object Object]","۱,۲۸۰,۰۰۰","","نگهدارنده موبایل خودرو نادیاهوم مدل H1 با سه محفظه، جنس چرم و پارچه، نصب آسان با چسب قوی، مناسب برای تمام خودروها و طراحی ایرانی با دوخت مقاوم و کیفیت عالی","ارسال ۳ ساعته فروشنده","۳.۹","[object Object]","۴۸۸,۰۰۰","[object Object]","[object Object]","","","","","۳۰٪","۶۱۶,۰۰۰","۶٪","۵۲۰,۰۰۰"
"","کنسول وسط خودرو مدل Marco مناسب پراید، تیبا، کوییک، پژو 206 و ساینا، دارای پنج محفظه و دو جالیوانی، ساخته شده از چرم مصنوعی و پلاستیک فشرده با طراحی کاربردی و هماهنگ با داخل اتاق","موجود در انبار دیجی کالا","۴","۶۶۲,۴۰۰","","کاور محافظ سیستم بلندگو خودرو مدل LS مناسب پراید با متریال سبک و قابلیت عبور واضح صدا و جلوگیری از آسیب در برابر تابش شدید آفتاب","[object Object]","ارسال فروشنده","۳.۹","[object Object]","۱۶۵,۰۰۰","","شامپو خودرو کارماکر مدل TOUCHLESS حجم 500 میلی لیتر","موجود در انبار دیجی کالا","۳.۹","۲۷۴,۷۰۰","","قلم خشگیر بدنه خودرو هیدروسان کد 101s حجم 15 میلی لیتر مناسب برای آریزو 5","[object Object]","موجود در انبار دیجی کالا","۳.۸","[object Object]","۳۳۰,۰۰۰","","آفتابگیر شیشه جلو خودرو مخصوص پژو 206 صندوق دار مدل sunscreen-206 با فریم فنری، جنس شمعی، نصب آسان، قابلیت تا شدن، دفع اشعه UV و کیف نگهدارنده","","۳.۸","[object Object]","۲۲۵,۰۰۰","[object Object]","[object Object]","[object Object]","موجود در انبار دیجی کالا","","[object Object]","۸٪","۷۲۰,۰۰۰","",""
"","کیت مکش هوای خودرو مدل E1022 مناسب برای تیبا و تیبا 2 همراه با فیلتر، زانویی و 2 عدد بست فلزی","موجود در انبار دیجی کالا","۳.۹","۱,۶۷۶,۱۵۰","","برچسب بدنه خودرو طرح سقف و کاپوت مدل 135AZ مناسب نصب روی سقف و کاپوت خودرو با چسبندگی بالا و مقاومت در برابر شرایط جوی","[object Object]","موجود در انبار دیجی کالا","۳.۹","[object Object]","۲۸۸,۱۰۰","","سنگ پران کاپوت خودرو مدل ks133 مناسب برای سمند، جلوگیری از برخورد ریز سنگ‌های لاستیک‌های جلویی، مقاوم در برابر تغییر رنگ و پوشش‌دهنده ضربه خوردگی لبه کاپوت","ارسال سریع دیجی‌کالا","۳.۷","۷۰۰,۰۰۰","","نوار صداگیر و هواگیر درب خودرو چیکال مدل 5 لایه با طول 5 متر، کاهش سر و صدای بیرون، جلوگیری از ورود گرد و خاک، نصب آسان روی لبه درب تمامی خودروها","[object Object]","موجود در انبار دیجی کالا","۳.۹","[object Object]","۶۲۷,۹۱۰","","پد پولیش خودرو مدل PS-23 با ابعاد 15x15 سانتی‌متر و وزن 93 گرم، مناسب برای پولیش کاری بدنه، داشبورد، قسمت‌های چرمی، پلاستیکی و فلزی، شامل صفحه نگهدارنده پارچه‌ای و پلاستیکی","","۳.۹","[object Object]","۲۰۱,۰۱۰","[object Object]","","[object Object]","ارسال فروشنده","","[object Object]","۴۰٪","۴۸۲,۶۱۰","",""
"","دورفرمان دوختنی چرم پاسیکو مدل Bugatti طرح سوزنی مشکی","موجود در انبار دیجی کالا","۳.۸","۱۵۰,۰۰۰","","سر دنده کریستالی لمسی چراغ‌دار با نور RGB مناسب خودروهای دنده‌ای ایران خودرو و سایپا به همراه کابل شارژ تایپ C و شارژر فندکی مدل کریستالی","[object Object]","ارسال سریع دیجی‌کالا","۳.۸","[object Object]","۱,۹۹۹,۰۰۰","","جارو شارژی خودرو بیسوس مدل C304-A0 با قدرت مکش 4000 پاسکال، باتری 2000 میلی‌آمپرساعت با شارژ USB-C، فیلتر قابل شست‌وشوی HEPA، طراحی جمع‌وجور و سری مخصوص برای تمیزکاری حرفه‌ای خودرو","تنها ۳ عدد در انبار باقی مانده","۳.۸","۶,۷۵۳,۵۰۰","","ضربه گیر آینه بغل خودرو کد CM-RIO مناسب برای کیا RIO مجموعه 2 عددی","[object Object]","ارسال فروشنده","۳.۸","[object Object]","۲۲۵,۰۰۰","","کاور برف پاک کن خودرو چیکال مدل P-76-L+R مناسب سمند، سمند LX، سمند سورن و سورن پلاس با طراحی اختصاصی و اندازه متفاوت برای کاور سمت چپ و راست، بسته 2 عددی","","۳.۸","[object Object]","۸۱,۶۲۰","[object Object]","[object Object]","[object Object]","ارسال سریع دیجی‌کالا","","","۱۶٪","۸,۰۰۳,۷۰۰","",""
"","هدرز فولادی خودرو مناسب پراید با موتور یورو 2، جوش لیزری، خم CNC، افزایش قدرت و گشتاور، کاهش مشکل حرکت در سربالایی","موجود در انبار دیجی کالا","۳.۶","۵,۱۸۶,۹۴۰","","قلاب آویز صندلی خودرو مدل 44 بسته 2 عددی، جنس پلاستیک، مناسب تمام خودروها، دارای 2 محفظه برای نگهداری لیوان و دستمال کاغذی، نصب آسان در پشتی صندلی برای افزایش نظم و راحتی سرنشین","[object Object]","موجود در انبار دیجی کالا","۳.۷","[object Object]","۱۰۰,۰۰۰","","دزدگیر خودرو پلیسینگ مدل pk7000 کیلس استارتر با اپلیکیشن اندروید، قفل مرکزی و قفل کودک، استارت اتومات و دستی، ریموت کنترل با برد 40 تا 50 متر","تنها ۱ عدد در انبار باقی مانده","۳.۶","۱۱,۸۸۰,۰۰۰","","مبدل برق خودرو اینورتر هوشمند 150 وات مدل NO.1668 با خروجی AC 220 ولت، پورت USB و Type‑C، سیستم مانیتورینگ ولتاژ و 9 سطح حفاظت هوشمند مناسب سفر، کمپینگ و استفاده تجهیزات کم‌مصرف","[object Object]","موجود در انبار دیجی کالا","۴.۷","[object Object]","۴,۴۵۵,۰۰۰","","رله تقویت کوئل 4 سیم سوکت فابریک خودرو دنا و دنا پلاس همراه با دسته سیم لحیم شده و آموزش نصب","","۲.۷","[object Object]","۱,۱۰۰,۰۰۰","[object Object]","","[object Object]","ارسال فروشنده","","","۲۰٪","۱۴,۸۵۰,۰۰۰","۱۹٪","۵,۵۰۰,۰۰۰"
"https://dkstatics-public.digikala.com/digikala-products/a68c2c0c13a00616081698ae39921d3e8a57cd53_1781629788.jpg?x-oss-process=image/resize,m_lfit,h_600,w_600/quality,q_90","خوشبوکننده کارتی خودرو شمع النا مدل Cute مجموعه 3 عددی","ارسال فروشنده","۵","۴۳۱,۲۰۰","https://dkstatics-public.digikala.com/digikala-products/a34f39c4fdcc418b046d9f3bc95a5ca359bbaf33_1731441621.jpg?x-oss-process=image/resize,m_lfit,h_600,w_600/quality,q_90","براش تمیز کننده خودرو مدل A111 مناسب برای فیدلیتی","[object Object]","ارسال فروشنده","۴","[object Object]","۱۲۰,۰۰۰","https://dkstatics-public.digikala.com/digikala-products/a342e7e8941631ce01b69eb6e70d0f63301f0a87_1659435909.jpg?x-oss-process=image/resize,m_lfit,h_600,w_600/quality,q_90","آفتابگیر شیشه خودرو فنری و تاشو مدل SPCA ساخته‌شده از پارچه اسپان باند با ابعاد 145x70x2 سانتی‌متر مناسب برای نصب جلو و عقب خودروهای پژو 405، پژو پارس، سمند، رنو، پراید، تیبا، ساینا و کوییک، کد A","تنها ۱ عدد در انبار باقی مانده","۴","۱۴۲,۰۰۰","https://dkstatics-public.digikala.com/digikala-products/fa93040a51a5f5366faaeb1a80375c5059adf730_1650789300.jpg?x-oss-process=image/resize,m_lfit,h_600,w_600/quality,q_90","کفپوش سه‌بعدی خودرو مناسب انواع پراید با جنس پلی‌اتیلن و نمد، مدل پشت نمد ماهوت، ضد لغزش و با انعطاف‌پذیری بالا","[object Object]","موجود در انبار دیجی کالا","۴.۱","[object Object]","۱,۲۸۰,۰۰۰","https://dkstatics-public.digikala.com/digikala-products/cca40c4b2459b107f78a139e2d322f82c61fffb7_1776575923.jpg?x-oss-process=image/resize,m_lfit,h_600,w_600/quality,q_90","نگهدارنده موبایل خودرو نادیاهوم مدل H1 با سه محفظه، جنس چرم و پارچه، نصب آسان با چسب قوی، مناسب برای تمام خودروها و طراحی ایرانی با دوخت مقاوم و کیفیت عالی","ارسال ۳ ساعته فروشنده","۳.۹","[object Object]","۴۸۸,۰۰۰","[object Object]","[object Object]","","","https://www.digikala.com/statics/img/svg/productCard/topBadge/SpecialSell.svg","","۳۰٪","۶۱۶,۰۰۰","۶٪","۵۲۰,۰۰۰"
"https://dkstatics-public.digikala.com/digikala-products/facec7e686243ac2397b80feaf5ec71d162c171e_1681377109.jpg?x-oss-process=image/resize,m_lfit,h_600,w_600/quality,q_90","کنسول وسط خودرو مدل Marco مناسب پراید، تیبا، کوییک، پژو 206 و ساینا، دارای پنج محفظه و دو جالیوانی، ساخته شده از چرم مصنوعی و پلاستیک فشرده با طراحی کاربردی و هماهنگ با داخل اتاق","موجود در انبار دیجی کالا","۴","۶۶۲,۴۰۰","https://dkstatics-public.digikala.com/digikala-products/97ff7ceb79952556be13b37409e16fd14c236f47_1607332261.jpg?x-oss-process=image/resize,m_lfit,h_600,w_600/quality,q_90","کاور محافظ سیستم بلندگو خودرو مدل LS مناسب پراید با متریال سبک و قابلیت عبور واضح صدا و جلوگیری از آسیب در برابر تابش شدید آفتاب","[object Object]","ارسال فروشنده","۳.۹","[object Object]","۱۶۵,۰۰۰","https://dkstatics-public.digikala.com/digikala-products/246b4e318cac488b370f5201e873d42f298b161e_1695898729.jpg?x-oss-process=image/resize,m_lfit,h_600,w_600/quality,q_90","شامپو خودرو کارماکر مدل TOUCHLESS حجم 500 میلی لیتر","موجود در انبار دیجی کالا","۳.۹","۲۷۴,۷۰۰","https://dkstatics-public.digikala.com/digikala-products/c9b632c066614966f6fb8a5e3b5b65f7fe018fc9_1711920426.jpg?x-oss-process=image/resize,m_lfit,h_600,w_600/quality,q_90","قلم خشگیر بدنه خودرو هیدروسان کد 101s حجم 15 میلی لیتر مناسب برای آریزو 5","[object Object]","موجود در انبار دیجی کالا","۳.۸","[object Object]","۳۳۰,۰۰۰","https://dkstatics-public.digikala.com/digikala-products/67042655ec217dc9aca4f2a5ea6ab452028289bc_1743926481.jpg?x-oss-process=image/resize,m_lfit,h_600,w_600/quality,q_90","آفتابگیر شیشه جلو خودرو مخصوص پژو 206 صندوق دار مدل sunscreen-206 با فریم فنری، جنس شمعی، نصب آسان، قابلیت تا شدن، دفع اشعه UV و کیف نگهدارنده","","۳.۸","[object Object]","۲۲۵,۰۰۰","[object Object]","[object Object]","[object Object]","موجود در انبار دیجی کالا","https://www.digikala.com/statics/img/svg/productCard/topBadge/SpecialSell.svg","[object Object]","۸٪","۷۲۰,۰۰۰","",""
"","کیت چشمک زن آماده نصب مدل KH-012 مناسب تمام خودروها با ورودی 10 تا 15 ولت، تبدیل جریان مستقیم به متناوب، دارای کاور وارنیش شده برای چشمک زن کردن لامپ‌های اس ام دی و سی او بی","ارسال فروشنده","۳.۷","۲۱۰,۰۰۰","","گردگیر ترمز دستی خودرو آی پی اِن سی کد 141479 مناسب برای ساینا و کوییک","[object Object]","ارسال سریع دیجی‌کالا","۳.۶","[object Object]","۲۵۰,۰۰۰","","نگین سپر خودرو مدل SP100-s مناسب برای شاهین بسته 200 عددی","تنها ۲ عدد در انبار باقی مانده","۳.۵","۳۷۹,۰۰۰","","اسپری پوشش آب‌گریز نانو شیشه مدل NP100 حجم 120 میلی‌لیتر، محافظت‌کننده شفافیت شیشه، مقاومت در برابر باران اسیدی و سهولت تمیز شوندگی","[object Object]","ارسال فروشنده","۳.۶","[object Object]","۱۳۰,۰۰۰","","کاور ریموت و سوئیچ خودرو ام آر جی مدل A1103 طرح فلز گرادیانی مناسب برای دنا","","۴.۵","[object Object]","۱,۰۰۰,۰۰۰","[object Object]","","[object Object]","موجود در انبار دیجی کالا","","","۱۷٪","۱,۲۰۰,۰۰۰","",""
"","ردیاب خودرو وی فایندر مدل W700 با GPS دقیق 2 متر، ریموت کدلرن 2 عدد، آژیر هشدار، کنترل از راه دور با موبایل، نمایش آنلاین موقعیت و سرعت، گزارش مسیر یک ساله، قابلیت شنود صدای داخل خودرو و هشدار سرعت و قطع باتری","ارسال فروشنده","۴.۵","۱۰,۵۰۰,۰۰۰","","رله تقویت کوئل 6 سیم همراه دسته سیم سوکت فابریک و رله نصب آسان مناسب خودرو دنا و دنا پلاس به‌همراه بست زیپی و آموزش نصب","[object Object]","موجود در انبار دیجی کالا","۲.۵","[object Object]","۱,۲۵۰,۰۰۰","","برچسب سینی فن و داخل موتور خودرو چیکال مدل P-1049 مناسب پژو 405 با جنس کاغذ روکش‌دار و پلاستیک، مقاوم در برابر آب، نور خورشید و دما، برچسب تزئینی و ضدخش","تنها ۱ عدد در انبار باقی مانده","۴.۳","۱۵۱,۰۴۰","","کاور ریموت فلزی و سیلیکونی خودرو مناسب برای چری تیگو 5 با طراحی فیکس و مقاوم در برابر ضربه، رطوبت و خط و خش همراه با نصب آسان و پک کامل پیچ‌گوشتی و پیچ‌های مخصوص","[object Object]","ارسال فروشنده","۴.۴","[object Object]","۵۸۸,۰۰۰","","قاب دریچه کولر کالانیکس مدل GHB-206EST-100316 طرح استیل مناسب برای پژو 206 مجموعه 4 عددی به همراه ناخنی","","۴.۴","[object Object]","۱,۱۳۵,۰۰۰","[object Object]","[object Object]","[object Object]","موجود در انبار دیجی کالا","","","۲٪","۶۰۰,۰۰۰","",""
"","کاور ریموت خودرو چیکال مدل K-655 مناسب برای سهند","موجود در انبار دیجی کالا","۴.۴","۲۳۵,۶۶۰","","تیغه کلید و سوئیچ خودرو چیکال مدل K-357 مناسب برای پژو 206","[object Object]","موجود در انبار دیجی کالا","۴.۴","[object Object]","۷۰,۱۵۰","","خار شیلنگ ترمز یدک چی کد 71157 مناسب برای پراید بسته 20 عددی","موجود در انبار دیجی کالا","۴.۴","۳۹۹,۰۰۰","","عایق نمد کاپوت خودرو بابل کارپت مدل بدون هواکش مناسب برای پژو 207 با مقاومت بالا در برابر گرما، قابل شست‌وشو و دیرسوز بودن","[object Object]","ارسال فروشنده","۴.۴","[object Object]","۱,۴۰۹,۰۰۰","","روکش داشبورد خودرو بابل کارپت مدل نمدی مناسب سمند سورن پلاس با مقاومت بالا در برابر نور آفتاب و رطوبت، جلوگیری از تابش مستقیم خورشید، محافظت در برابر خط و خش و افزایش دوام داشبورد","","۴.۵","[object Object]","۶۶۰,۰۰۰","[object Object]","","[object Object]","ارسال فروشنده","","[object Object]","","","",""
"https://dkstatics-public.digikala.com/digikala-products/2412834.jpg?x-oss-process=image/resize,m_lfit,h_600,w_600/quality,q_90","روکش فرمان چرم  دوخت مدل m1","ارسال سریع دیجی‌کالا","۴","۳۷۱,۳۵۰","https://dkstatics-public.digikala.com/digikala-products/d2f40324356e18c8a3727900d497dd0e192a363a_1752744272.jpg?x-oss-process=image/resize,m_lfit,h_600,w_600/quality,q_90","کولر درجا آبی سیار مدل تک موتوره با مصرف برق 4 آمپر در ساعت و مصرف آب 1 لیتر در ساعت، مناسب انواع کامیون و خودروهای سنگین، دارای لوله هواکش ضد شرجی و افزایش راحتی سرنشین","[object Object]","موجود در انبار دیجی کالا","۲.۹","[object Object]","۴,۹۰۰,۰۰۰","https://dkstatics-public.digikala.com/digikala-products/f204940a844a51076f842e28ac7c890d7c3d1aeb_1761204746.jpg?x-oss-process=image/resize,m_lfit,h_600,w_600/quality,q_90","آویز تزئینی خودرو مدل سوریکاوا پنجه پلاستیکی مناسب آینه عقب با طول زنجیر 15 سانتی‌متر و طرح وسایل نقلیه در ابعاد 10 در 12 در 1 سانتی‌متر","","۴.۱","۱۰۰,۰۰۰","https://dkstatics-public.digikala.com/digikala-products/6f991948cdd1563bd8edbb18e14c70642ca5c481_1780570130.jpg?x-oss-process=image/resize,m_lfit,h_600,w_600/quality,q_90","خار و پیچ خودکار کارجی کد kp مجموعه 30 عددی","[object Object]","موجود در انبار دیجی کالا","۴","[object Object]","۱۹۲,۶۶۰","https://dkstatics-public.digikala.com/digikala-products/8222069be6c472d205a3f1729038914075192f93_1681884536.jpg?x-oss-process=image/resize,m_lfit,h_600,w_600/quality,q_90","سردنده مدل چراغ دار کد 02 مناسب برای سمند","ارسال ۳ ساعته فروشنده","","","۶۵۹,۰۰۰","[object Object]","[object Object]","[object Object]","موجود در انبار دیجی کالا","","","","","",""
"https://dkstatics-public.digikala.com/digikala-products/17961590ee03204598f1c8e0b609d402b7312e18_1780649199.jpg?x-oss-process=image/resize,m_lfit,h_600,w_600/quality,q_90","سوپاپ پایه فیلتر کارجی کد SPF مناسب برای پژو 206","موجود در انبار دیجی کالا","۵","۱۵۲,۵۷۰","https://dkstatics-public.digikala.com/digikala-products/21af5ddf925276e7e7d86a5c88def22b8499c16f_1781111368.jpg?x-oss-process=image/resize,m_lfit,h_600,w_600/quality,q_90","روکش صندلی خودرو پارچه ای 10 تکه مدل am مناسب برای پیکان","[object Object]","موجود در انبار دیجی کالا","۳","[object Object]","۴,۹۵۴,۹۵۰","https://dkstatics-public.digikala.com/digikala-products/be30f777d6fe2988334ff69b24810db94d133e41_1764019617.jpg?x-oss-process=image/resize,m_lfit,h_600,w_600/quality,q_90","محافظ رادیاتور بخاری بست یدک مدل 002306 کد FLZI مناسب برای پژو ۲۰۶ ، ۲۰۷ رانا","تنها ۳ عدد در انبار باقی مانده","۴.۱","۳۸۵,۰۰۰","https://dkstatics-public.digikala.com/digikala-products/e13623106a7042daba77d5a035c644d0baba136c_1759565180.jpg?x-oss-process=image/resize,m_lfit,h_600,w_600/quality,q_90","سردنده مومو مدل طرح شیفتر دار","[object Object]","موجود در انبار دیجی کالا","","","۷۵۰,۰۰۰","https://dkstatics-public.digikala.com/digikala-products/184881697d9163305c7553dce61a6381ea22e28c_1626628088.jpg?x-oss-process=image/resize,m_lfit,h_600,w_600/quality,q_90","قفل پدال خودرو فولادی با روکش آهنی مدل 2020، ابعاد 18x4x14 سانتی‌متر، مقاوم و ایمن برای جلوگیری از سرقت","","","","۲۷۵,۰۰۰","[object Object]","","[object Object]","موجود در انبار دیجی کالا","https://www.digikala.com/statics/img/svg/productCard/topBadge/SpecialSell.svg","","۲۳٪","۶,۴۳۵,۰۰۰","",""
"https://dkstatics-public.digikala.com/digikala-products/c6434f3d61356a15a6ce74a103873f23365d0393_1777921348.jpg?x-oss-process=image/resize,m_lfit,h_600,w_600/quality,q_90","سردنده مدل دایتونا","موجود در انبار دیجی کالا","۳","۸۵۰,۰۰۰","https://dkstatics-public.digikala.com/digikala-products/e1a010af6056bf70afdc573d11f114d53749da83_1689570137.jpg?x-oss-process=image/resize,m_lfit,h_600,w_600/quality,q_90","دستمال نظافت خودرو وایت اند وایت مدل gold label ابعاد 45×30 سانتی‌متر با قابلیت جذب آب، بدون ایجاد پرز و خش، مناسب شیشه، بدنه، چراغ، داشبورد، رینگ و سطوح چرمی و پلاستیکی خودرو","[object Object]","موجود در انبار دیجی کالا","۴.۲","[object Object]","۲۲۴,۹۷۰","https://dkstatics-public.digikala.com/digikala-products/c091f4267dd8e9e2ef0ec37264ebd755cf9e0a1f_1688627731.jpg?x-oss-process=image/resize,m_lfit,h_600,w_600/quality,q_90","بوش مبدل دسته دنده خودرو کد S92 مناسب برای پژو 206","","۳.۹","۸۶,۹۹۰","https://dkstatics-public.digikala.com/digikala-products/8121cac18e888df9066876eeed0bb2f1ed80766e_1695460212.jpg?x-oss-process=image/resize,m_lfit,h_600,w_600/quality,q_90","سوکت چراغ مه شکن و پرژکتور خودرو وارون مدل P-456 مناسب برای پژو پارس بسته 2 عددی","[object Object]","موجود در انبار دیجی کالا","۴.۱","[object Object]","۲۴۹,۴۲۰","https://dkstatics-public.digikala.com/digikala-products/bef96dd78dafca5eb740abdbff6cb48f548f50f4_1602861922.jpg?x-oss-process=image/resize,m_lfit,h_600,w_600/quality,q_90","چشمی شیشه شور مناسب برای پژو 206 مدل CH-1011 با نصب آسان بسته 2 عددی","ارسال ۳ ساعته فروشنده","۳.۹","[object Object]","۹۵,۷۴۰","[object Object]","[object Object]","[object Object]","موجود در انبار دیجی کالا","","","","","",""
"https://dkstatics-public.digikala.com/digikala-products/5e3f95eb65c91f2f0a1ec52e357129cc2e0ffbbb_1733740680.jpg?x-oss-process=image/resize,m_lfit,h_600,w_600/quality,q_90","کفپوش سه بعدی خودرو مدل نوار رنگی مناسب برای پژو آردی","موجود در انبار دیجی کالا","۳.۹","۲,۸۵۰,۰۰۰","https://dkstatics-public.digikala.com/digikala-products/3307217.jpg?x-oss-process=image/resize,m_lfit,h_600,w_600/quality,q_90","دیفیوزر جلو پلاستیکی مناسب برای خودرو رنو L90 مدل 01 نصب روی سپر جلو و بهبود آیرودینامیک خودرو","[object Object]","ارسال سریع دیجی‌کالا","۴","[object Object]","۴۷۹,۰۰۰","https://dkstatics-public.digikala.com/digikala-products/4377085.jpg?x-oss-process=image/resize,m_lfit,h_600,w_600/quality,q_90","آفتاب گیر خودرو مدل T1 مناسب برای تیبا1 و تیبا2","تنها ۲ عدد در انبار باقی مانده","۳.۹","۳۱۰,۰۰۰","https://dkstatics-public.digikala.com/digikala-products/c11868a8e48627e6ceff02ed26b4ba23bb67a8df_1706706647.jpg?x-oss-process=image/resize,m_lfit,h_600,w_600/quality,q_90","اسپری موتور شور نورامکس کد CWP003 حجم 750 میلی لیتر","[object Object]","ارسال سریع دیجی‌کالا","۳.۷","[object Object]","۱۹۱,۸۸۰","https://dkstatics-public.digikala.com/digikala-products/eb9588dee73503b0ed4829fb3c23801315aa3a7e_1779012250.jpg?x-oss-process=image/resize,m_lfit,h_600,w_600/quality,q_90","محافظ دکمه های داشبورد خودرو مدل PH-j88 مناسب برای سمند سورن مجموعه 28 عددی","","۴.۸","[object Object]","۲۱۶,۷۵۰","[object Object]","","","تنها ۱ عدد در انبار باقی مانده","https://www.digikala.com/statics/img/svg/productCard/topBadge/SpecialSell.svg","","۵٪","۳,۰۰۰,۰۰۰","۱۸٪","۲۳۴,۰۰۰"
"https://dkstatics-public.digikala.com/digikala-products/68dc10467e6c5a6e45ee8492251ea8b2d80f85ff_1603052365.jpg?x-oss-process=image/resize,m_lfit,h_600,w_600/quality,q_90","قطعه ایجاد صدای توربو برای اگزوز خودرو آلومینیومی مدل Efeto-B400 مناسب تمام خودروها","موجود در انبار دیجی کالا","۳.۸","۲۰۰,۰۰۰","https://dkstatics-public.digikala.com/digikala-products/f485398c48984d0dee61cc967451c2ec33afcfe3_1717963978.jpg?x-oss-process=image/resize,m_lfit,h_600,w_600/quality,q_90","برچسب بدنه خودرو طرح همون سفید مدل MT-W446 با ابعاد 28.5 در 7.5 سانتی متر و نصب آسان به همراه سلفون محافظ","[object Object]","موجود در انبار دیجی کالا","۴.۷","[object Object]","۹۵,۰۰۰","https://dkstatics-public.digikala.com/digikala-products/0aa6252410cfb2602d9a0cfbc24215760d7ed300_1614623267.jpg?x-oss-process=image/resize,m_lfit,h_600,w_600/quality,q_90","سنگ پران خودرو مدل B52 مناسب برای پراید با محافظت از رنگ بدنه و نصب آسان","موجود در انبار دیجی کالا","۳.۸","۷۰۰,۰۰۰","https://dkstatics-public.digikala.com/digikala-products/f76b93dd3df42360d1223c84b452e73edd5c0668_1660679317.jpg?x-oss-process=image/resize,m_lfit,h_600,w_600/quality,q_90","کفپوش سه بعدی خودرو پانیذ مدل  پشت نمدی کد TAT N مناسب برای رانا پلاس","[object Object]","موجود در انبار دیجی کالا","۳.۷","[object Object]","۱,۳۳۲,۰۰۰","https://dkstatics-public.digikala.com/digikala-products/bc6919c2d9f5de77355d7e651130a15d0cd169dd_1778937333.jpg?x-oss-process=image/resize,m_lfit,h_600,w_600/quality,q_90","سوکت جا لامپ مدل آریایی","","۲.۸","[object Object]","۱۱۱,۰۰۰","[object Object]","","[object Object]","ارسال فروشنده","https://www.digikala.com/statics/img/svg/productCard/topBadge/SpecialSell.svg","[object Object]","۲۶٪","۱,۸۰۰,۰۰۰","",""
"https://dkstatics-public.digikala.com/digikala-products/66773d45c05ae0338250243eb6cef815dffd1abf_1692199526.jpg?x-oss-process=image/resize,m_lfit,h_600,w_600/quality,q_90","آفتابگیر رولی شیشه جلو خودرو تی استار، مدل AS-42D با طول 125 سانتی‌متر و جنس پلی‌اتیلن، مناسب برای انواع خودروهای پژو، سمند، پراید، کیا سراتو، چری آریزو 5 و ساخت تایوان","موجود در انبار دیجی کالا","۳.۸","۳۵۲,۲۵۰","https://dkstatics-public.digikala.com/digikala-products/cc15f0aed529b9c318a9ec679ffb94fac9cdf7e7_1625225411.jpg?x-oss-process=image/resize,m_lfit,h_600,w_600/quality,q_90","واکس بدنه فرمول وان مدل car wax وزن 230 گرم","[object Object]","موجود در انبار دیجی کالا","۳.۸","[object Object]","۲,۱۱۴,۰۰۰","https://dkstatics-public.digikala.com/digikala-products/7e2e2c68e30004a65e1dff9320683f989dc6a604_1742480862.jpg?x-oss-process=image/resize,m_lfit,h_600,w_600/quality,q_90","گردگیر دنده مدل j مناسب برای جک j5","تنها ۱ عدد در انبار باقی مانده","۴.۳","۳۶۰,۰۰۰","https://dkstatics-public.digikala.com/digikala-products/1339522200580aa2e6b10713faf073519fed4f5d_1636452535.jpg?x-oss-process=image/resize,m_lfit,h_600,w_600/quality,q_90","ارم خودرو پایه دار مدل نیسان کد 6601","[object Object]","ارسال فروشنده","۴.۷","[object Object]","۴۳۰,۰۰۰","https://dkstatics-public.digikala.com/digikala-products/0e69871781a80f6603d13751de921153cda3da9a_1768209684.jpg?x-oss-process=image/resize,m_lfit,h_600,w_600/quality,q_90","ست کامل روکش صندلی خودرو چرم مدل vip مناسب برای ساینا با 12 تکه، دارای پشتی گردن، جا موبایلی، ضدآب، مقاوم در برابر دما و قابل شست‌وشو","ارسال ۳ ساعته فروشنده","۴.۷","[object Object]","۵,۸۵۰,۰۰۰","[object Object]","[object Object]","","","https://www.digikala.com/statics/img/svg/productCard/topBadge/SpecialSell.svg","","۲۰٪","۴۵۰,۰۰۰","",""
"https://dkstatics-public.digikala.com/digikala-products/3345614.jpg?x-oss-process=image/resize,m_lfit,h_600,w_600/quality,q_90","خوشبوکننده خودرو مدل 55 با رایحه توت‌فرنگی، ابعاد 6x6x3 cm و ماندگاری یک ماه","موجود در انبار دیجی کالا","۳.۷","۱۹۳,۰۳۰","https://dkstatics-public.digikala.com/digikala-products/4dd43786d58ff0018374790404630555ab34c765_1671788277.jpg?x-oss-process=image/resize,m_lfit,h_600,w_600/quality,q_90","آرم جلوپنجره خودرو مناسب پژو 405 مدل ARM-405-1041 قطعه سازان کبیر","[object Object]","موجود در انبار دیجی کالا","۳.۷","[object Object]","۴۶۸,۴۲۰","https://dkstatics-public.digikala.com/digikala-products/112201389.jpg?x-oss-process=image/resize,m_lfit,h_600,w_600/quality,q_90","آرم خودرو طرح موستانگ کد 02","تنها ۱ عدد در انبار باقی مانده","۳.۶","۱۴۳,۷۵۰","https://dkstatics-public.digikala.com/digikala-products/b2b7bf6bf67107579366774d55e80a43b63a1338_1759093744.jpg?x-oss-process=image/resize,m_lfit,h_600,w_600/quality,q_90","نمایشگر هدآپ دیسپلی خودرو مدل W1 با ماژول GPS داخلی، نمایش سرعت دیجیتال با فونت بزرگ و خوانا، نصب آسان Plug & Play بدون نیاز به نرم‌افزار، تغذیه از طریق USB Type-C و پشتیبانی از واحدهای KM/H و MPH","[object Object]","موجود در انبار دیجی کالا","۴.۷","[object Object]","۳,۱۹۲,۰۰۰","https://dkstatics-public.digikala.com/digikala-products/56f8e605aefa3ca8abcab1fc354f868e384c3497_1746537364.jpg?x-oss-process=image/resize,m_lfit,h_600,w_600/quality,q_90","کفپوش سه بعدی خودرو بابل کارپت مدل اکونومی مناسب برای سمند سورن پلاس به همراه کفپوش صندوق","","۴.۷","[object Object]","۲,۳۵۱,۱۷۰","[object Object]","","","تنها ۲ عدد در انبار باقی مانده","https://www.digikala.com/statics/img/svg/productCard/topBadge/SpecialSell.svg","","۳٪","۱۹۹,۰۰۰","۱۳٪","۲,۷۰۸,۲۴۰"
"","الوایر برقی 12 ولت طول 2 متر مناسب پژو 405 و پژو پارس با جنس پلاستیک ژله‌ای برای پوشش درزهای درب و داشبورد خودرو و افزایش زیبایی کابین","ارسال فروشنده","۳.۷","۲۹۵,۷۰۰","","کفپوش سه‌بعدی خودرو پراید صبا مدل K001 از جنس پلی‌اورتان، ضدخش و نشکن، دارای 3 تکه مجزا، استیل در قسمت راننده و همگام با تودوزی داخل اتومبیل","[object Object]","موجود در انبار دیجی کالا","۳.۷","[object Object]","۱,۳۳۲,۵۹۰","","پارکابی شیشه ای خودرو پهلوان مدل GPP1 مناسب پژو 405، پژو پارس و پژو پارس ELX با چسب دوطرفه قوی و نصب آسان برای جلو و عقب خودرو","تنها ۱ عدد در انبار باقی مانده","۴.۶","۷۰۰,۰۰۰","","برچسب بدنه خودرو مدل bb015 رول 1 متری مناسب تمام نقاط خودرو مقاوم در برابر حرارت، آفتاب و قابل شستشو","[object Object]","موجود در انبار دیجی کالا","۳.۷","[object Object]","۳۹۴,۹۸۰","","کنیستر بنزین خودرو یدک چی مدل 90157 مناسب پراید انژکتور، تیبا و ریو با جاذب بخار بنزین، جلوگیری از انتشار بوی سوخت و بهبود مصرف بنزین","","۳.۷","[object Object]","۶۵۰,۰۰۰","[object Object]","[object Object]","","تنها ۱ عدد در انبار باقی مانده","","","۱۶٪","۱,۵۸۹,۳۱۰","۹٪","۴۳۴,۴۷۰"
"","روکش داشبورد خودرو بابل کارپت کد k164 مناسب برای ریو","ارسال فروشنده","۴.۶","۷۲۳,۰۰۰","","نگهدارنده چند منظوره خودرو مدل LS با 3 محفظه، مناسب نگهداری تلفن همراه، عینک و لیوان، نصب در درب‌های جلو و عقب خودرو، ساخته شده از پلاستیک سبک و مقاوم","","","۳.۶","[object Object]","۵۵۰,۰۰۰","","کاور ریموت و سوئیچ خودرو یونیورس اکسسوری مدل UNIVERSE-SI-RUNNA مناسب برای رانا","تنها ۲ عدد در انبار باقی مانده","۴.۵","۲۰۰,۰۰۰","","کیف نظم دهنده صندوق عقب خودرو بابل کارپت مدل Super offroad با جنس چرم مصنوعی، ابعاد 50x27x30 سانتی‌متر، دارای صفحه جداکننده برای ایجاد دو محفظه، چسب ولکرو کف و درب، دو دسته حمل و شش جیب خارجی و قابلیت جمع شدن","","","۴.۷","[object Object]","۲,۳۵۰,۰۰۰","","کاور ریموت و سوئیچ خودرو ام آر جی مدل 732 طرح TPU مناسب برای ساینا اس","ارسال ۳ ساعته فروشنده","۴.۶","[object Object]","۳۲۸,۰۰۰","[object Object]","[object Object]","","تنها ۳ عدد در انبار باقی مانده","","","","","",""
"","مجموعه دریچه تنظیم هوا روی داشبورد کروز پلاس کد 372158 مناسب برای رانا","ارسال فروشنده","۴.۵","۷۵۰,۰۰۰","","واکس داشبورد خودرو سیلین مدل فلیپ فلاپ حجم 500 میلی لیتر","[object Object]","موجود در انبار دیجی کالا","۴.۵","[object Object]","۲۶۶,۰۷۰","","پارکابی چرمی خودرو مناسب سمند سورن پلاس مدل SK0556 با چسب یک‌تکه ضد آب و خاک، ضد خش، برجسته، رنگ ثابت و قابل شستشو، جلوگیری از پوسیدگی و زنگ‌زدگی بدنه و اتصال کامل به رکاب بدون گیر کردن لباس","تنها ۳ عدد در انبار باقی مانده","۳.۸","۱۹۲,۰۳۰","","گردگیر دنده چرم صنعتی تکما مناسب هایما S7 پلاس، سایز فابریک، طراحی کلاسیک، نصب آسان با سیم مفتول","[object Object]","موجود در انبار دیجی کالا","۴.۴","[object Object]","۲۸۸,۰۰۰","","فیوز خودرو تیغه‌ای لی‌تل‌فیوز مدل M1 بسته 10 عددی شامل فیوزهای 10، 15، 20، 25 و 30 آمپری مناسب برای رنو ساندرو استپ وی، پژو 2008 و جک S3","","۳.۵","[object Object]","۱۲۳,۰۰۰","[object Object]","","[object Object]","موجود در انبار دیجی کالا","","","۳۲٪","۳۹۱,۰۰۰","۴٪","۳۰۰,۰۰۰"
"","راک روف مدل R-KROF باربند فابریکی مناسب پژو 405 و پژو پارس، ساخته شده از آلومینیوم و پلاستیک با کیفیت درجه یک، نصب بدون سوراخ کاری، مقاوم در برابر زنگ‌زدگی و مناسب حمل لوازم و اثاثیه","موجود در انبار دیجی کالا","۳.۵","۴,۱۰۷,۴۹۰","","دستگیره تنظیم صندلی خودرو چیکال مدل P-922 مناسب برای رنو L90","[object Object]","موجود در انبار دیجی کالا","۴.۴","[object Object]","۱۶۲,۹۷۰","","کیف نظم‌دهنده صندوق عقب خودرو سوناکس مدل زیپی SNX02 از برزنت محکم و ضدآب با لایه اسفنجی برای استحکام بیشتر، دارای 3 محفظه و 2 جیب درب‌دار بیرونی، دسته 0.5 متری، مناسب ابزار، لوازم ریز و استفاده در کمپینگ و گردش","تنها ۲ عدد در انبار باقی مانده","۴.۶","۸۵۷,۰۰۰","","آفتابگیر عقب خودرو تولیدی پارس مدل 910 مناسب برای لیفان ایکس 60","[object Object]","موجود در انبار دیجی کالا","۴.۴","[object Object]","۵۸۰,۰۰۰","","کفپوش سه بعدی خودرو بابل کارپت مدل اکونومی مناسب برای رانا پلاس به همراه کفپوش صندوق","","۴.۴","[object Object]","۲,۵۹۳,۰۰۰","[object Object]","","[object Object]","ارسال فروشنده","","","۱۲٪","۹۷۰,۰۰۰","",""
"","کاور لنت برمبو مدل AK Mini-22","موجود در انبار دیجی کالا","۳.۳","۳۷۰,۶۰۰","","نمایشگر منعطف ال ای دی خودرو کد 03","[object Object]","موجود در انبار دیجی کالا","۴.۳","[object Object]","۴,۳۰۱,۳۴۰","","برچسب بدنه خودرو طرح لچکی مدل 135AZ 05 مناسب برای ساینا بسته دو عددی","تنها ۳ عدد در انبار باقی مانده","۴.۳","۹۲,۵۶۰","","تخته آمپلی فایر خودرو مدل ۰۰۲","[object Object]","موجود در انبار دیجی کالا","۴.۲","[object Object]","۵۵۰,۰۰۰","","سردنده اسپرت دایتونا مدل Daytona مناسب خودروهای دنده دستی، ساخته شده از آلومینیوم یونیزه، طراحی استوانه‌ای، نصب آسان بدون نیاز به تغییرات اساسی، مناسب پژو 206 و 207، سمند، پراید و تیبا","ارسال ۳ ساعته فروشنده","۳.۴","[object Object]","۵۴۰,۰۰۰","[object Object]","","","","","","","","",""
"https://dkstatics-public.digikala.com/digikala-products/df625fb74fa93a07855cc27cb4960b16c93032f9_1698993369.jpg?x-oss-process=image/resize,m_lfit,h_600,w_600/quality,q_90","الوایر برقی 12 ولت طول 2 متر مناسب پژو 405 و پژو پارس با جنس پلاستیک ژله‌ای برای پوشش درزهای درب و داشبورد خودرو و افزایش زیبایی کابین","ارسال فروشنده","۳.۷","۲۹۵,۷۰۰","https://dkstatics-public.digikala.com/digikala-products/114638020.jpg?x-oss-process=image/resize,m_lfit,h_600,w_600/quality,q_90","کفپوش سه‌بعدی خودرو پراید صبا مدل K001 از جنس پلی‌اورتان، ضدخش و نشکن، دارای 3 تکه مجزا، استیل در قسمت راننده و همگام با تودوزی داخل اتومبیل","[object Object]","موجود در انبار دیجی کالا","۳.۷","[object Object]","۱,۳۳۲,۵۹۰","https://dkstatics-public.digikala.com/digikala-products/6bed39d4b5b2a35e318257ddc5b5fc186ddabd4e_1767456928.jpg?x-oss-process=image/resize,m_lfit,h_600,w_600/quality,q_90","پارکابی شیشه ای خودرو پهلوان مدل GPP1 مناسب پژو 405، پژو پارس و پژو پارس ELX با چسب دوطرفه قوی و نصب آسان برای جلو و عقب خودرو","تنها ۱ عدد در انبار باقی مانده","۴.۶","۷۰۰,۰۰۰","https://dkstatics-public.digikala.com/digikala-products/a8a247836de3aa43f1e9d25cbc2580af1c98f1e2_1665835577.jpg?x-oss-process=image/resize,m_lfit,h_600,w_600/quality,q_90","برچسب بدنه خودرو مدل bb015 رول 1 متری مناسب تمام نقاط خودرو مقاوم در برابر حرارت، آفتاب و قابل شستشو","[object Object]","موجود در انبار دیجی کالا","۳.۷","[object Object]","۳۹۴,۹۸۰","https://dkstatics-public.digikala.com/digikala-products/dfdf58f28325d82e4a6c79944776da929b5fd2e6_1636968713.jpg?x-oss-process=image/resize,m_lfit,h_600,w_600/quality,q_90","کنیستر بنزین خودرو یدک چی مدل 90157 مناسب پراید انژکتور، تیبا و ریو با جاذب بخار بنزین، جلوگیری از انتشار بوی سوخت و بهبود مصرف بنزین","","۳.۷","[object Object]","۶۵۰,۰۰۰","[object Object]","[object Object]","","تنها ۱ عدد در انبار باقی مانده","https://www.digikala.com/statics/img/svg/productCard/topBadge/SpecialSell.svg","","۱۶٪","۱,۵۸۹,۳۱۰","۹٪","۴۳۴,۴۷۰"
"https://dkstatics-public.digikala.com/digikala-products/95f4a3f26ed8fc73be5ba076237fce2b48a71e7d_1609843846.jpg?x-oss-process=image/resize,m_lfit,h_600,w_600/quality,q_90","روکش داشبورد خودرو بابل کارپت کد k164 مناسب برای ریو","ارسال فروشنده","۴.۶","۷۲۳,۰۰۰","https://dkstatics-public.digikala.com/digikala-products/129c0f2ad2e0121072e27eb0c65531ef8e585fe8_1754224541.jpg?x-oss-process=image/resize,m_lfit,h_600,w_600/quality,q_90","نگهدارنده چند منظوره خودرو مدل LS با 3 محفظه، مناسب نگهداری تلفن همراه، عینک و لیوان، نصب در درب‌های جلو و عقب خودرو، ساخته شده از پلاستیک سبک و مقاوم","","","۳.۶","[object Object]","۵۵۰,۰۰۰","https://dkstatics-public.digikala.com/digikala-products/8eeee16f7e4c121f8a58bb2c208b4b675d094645_1708721335.jpg?x-oss-process=image/resize,m_lfit,h_600,w_600/quality,q_90","کاور ریموت و سوئیچ خودرو یونیورس اکسسوری مدل UNIVERSE-SI-RUNNA مناسب برای رانا","تنها ۲ عدد در انبار باقی مانده","۴.۵","۲۰۰,۰۰۰","https://dkstatics-public.digikala.com/digikala-products/dbcfb3aecd0dba0c3d45809c8e5a2345b9e309ca_1626948423.jpg?x-oss-process=image/resize,m_lfit,h_600,w_600/quality,q_90","کیف نظم دهنده صندوق عقب خودرو بابل کارپت مدل Super offroad با جنس چرم مصنوعی، ابعاد 50x27x30 سانتی‌متر، دارای صفحه جداکننده برای ایجاد دو محفظه، چسب ولکرو کف و درب، دو دسته حمل و شش جیب خارجی و قابلیت جمع شدن","","","۴.۷","[object Object]","۲,۳۵۰,۰۰۰","https://dkstatics-public.digikala.com/digikala-products/50dbcdb61ff4638041d5b6de79efdb93d53b4af0_1742981969.jpg?x-oss-process=image/resize,m_lfit,h_600,w_600/quality,q_90","کاور ریموت و سوئیچ خودرو ام آر جی مدل 732 طرح TPU مناسب برای ساینا اس","ارسال ۳ ساعته فروشنده","۴.۶","[object Object]","۳۲۸,۰۰۰","[object Object]","[object Object]","","تنها ۳ عدد در انبار باقی مانده","","","","","",""
"","شارژر باتری خودرو 12 ولت 2 آمپر مدل ELC_0330 با قطع کن اتوماتیک، محافظت هوشمند در برابر اتصال کوتاه و نمایشگر LED شارژ بالای 70 درصد مناسب باتری های سرب-اسید و خشک","ارسال فروشنده","۴.۱","۱,۳۴۷,۰۰۰","","روکش داشبورد خودرو نمدی بابل کارپت مدل نمدی مناسب تارا با مقاومت بالا در برابر نور آفتاب، رطوبت و خوردگی؛ محافظت از داشبورد در برابر تابش مستقیم خورشید و جلوگیری از خش و سرخوردن وسایل","[object Object]","موجود در انبار دیجی کالا","۴.۳","[object Object]","۸۱۶,۰۰۰","","برچسب تزئینی چراغ رینگ خودرو مدل شبرنگ بسته 20 عددی از جنس لاستیک با مقاومت در برابر آب، نور خورشید و دما","تنها ۲ عدد در انبار باقی مانده","۳.۴","۲۱۵,۰۰۰","","صداگیر قفل درب خودرو پلاستیکی مجموعه 4 عددی مدل orm مناسب برای پژو 405، پژو پارس، سمند، سمند LX، سمند سورن، دنا و دنا پلاس با طراحی مهندسی برای جلوگیری از صدای لق‌لق و جیرجیر قفل و افزایش کیپ شدن درب خودرو","[object Object]","موجود در انبار دیجی کالا","۳.۴","[object Object]","۳۰۰,۰۰۰","","جک خودرو مدل H4354 مناسب برای پژو ظرفیت 1.5 تن","","۴.۲","[object Object]","۷۱۴,۲۰۰","[object Object]","","[object Object]","موجود در انبار دیجی کالا","","","۱۲٪","۳۴۰,۰۰۰","۲۱٪","۹۰۰,۰۰۰"
"","اسفنج نظافت خودرو کد 1212 بسته 3 عددی","موجود در انبار دیجی کالا","۴.۲","۱۰۹,۰۰۰","","خار شلنگ شیشه شوی زیر در موتور خودرو وارون مدل K-37 بسته 4 عددی","[object Object]","موجود در انبار دیجی کالا","۴.۳","[object Object]","۱۵۱,۷۱۰","","روکش فرمان مدل  TEX کد 03 طرح سوزنی مناسب برای سمند سورن","","۴.۲","۱۷۰,۲۲۰","","درب رادیاتور پلاستیکی جی آی اس پی مدل 501604 مناسب برای انواع پراید، مقاوم در برابر ضربه، با تاییدیه ایران خودرو و سایپا، افزایش عملکرد فنی و جلوگیری از نشت آب رادیاتور خودرو","[object Object]","ارسال فروشنده","۴.۲","[object Object]","۲۰۴,۲۴۰","","قاب کلید شیشه بالابر خودرو پارکر کد 73 مناسب برای پژو 405 بسته دو عددی","ارسال ۳ ساعته فروشنده","۴.۲","[object Object]","۱۲۰,۰۰۰","[object Object]","[object Object]","[object Object]","موجود در انبار دیجی کالا","","","","","",""
"","غربیلک فرمان خودرو پراید 131 جنس فلز با روکش پلاستیک فشرده، مجهز به بوق داخلی","موجود در انبار دیجی کالا","۴.۲","۲,۵۲۹,۳۳۰","","برچسب بدنه خودرو طرح آداک کد adac1","[object Object]","موجود در انبار دیجی کالا","۴.۲","[object Object]","۱۱۰,۰۰۰","","روکش پدال ترمز و کلاچ خودرو کالانیکس مدل PEDAL-PRIDE131-101042 مناسب برای سایپا پراید 131 بسته 3 عددی، جنس پلاستیک، افزایش ایمنی و تزئینی","تنها ۲ عدد در انبار باقی مانده","۴.۱","۱۰۵,۰۰۰","","برچسب بدنه خودرو طرح پراید کد1106","[object Object]","موجود در انبار دیجی کالا","۴.۲","[object Object]","۸۵,۰۰۰","","آب مقطر آکسور کد Axmo حجم 3400 میلی لیتر","","۳.۳","[object Object]","۱۶۸,۵۰۰","[object Object]","","[object Object]","ارسال سریع دیجی‌کالا","","","۲۳٪","۲۲۰,۰۰۰","",""
"https://dkstatics-public.digikala.com/digikala-products/1e918e1aee3362606f2ddac0f352b542da03da65_1760437943.jpg?x-oss-process=image/resize,m_lfit,h_600,w_600/quality,q_90","زنجیر چرخ پارچه ای نانو اطلس مدل۱۶۶","موجود در انبار دیجی کالا","۳","۳,۴۰۰,۰۰۰","https://dkstatics-public.digikala.com/digikala-products/7c501dfaf4345266a98d8723d0dc0af5b8b9cc96_1781951144.jpg?x-oss-process=image/resize,m_lfit,h_600,w_600/quality,q_90","فلاپ کرومی  آینه بغل تیبا مدل اسپرت مناسب برای تیبا1 و2  بسته دو عددی","[object Object]","موجود در انبار دیجی کالا","۴","[object Object]","۹۰۰,۰۰۰","https://dkstatics-public.digikala.com/digikala-products/5dba986ca205ae2fec19a8d3f0c79d4b93fcfdce_1704880725.jpg?x-oss-process=image/resize,m_lfit,h_600,w_600/quality,q_90","طاقچه خودرو پژو 405 و پژو پارس مدل S6 از جنس MDF با استحکام بالا، مقاوم در برابر لرزش و صدا، مناسب نصب 2 عدد میدرنج 8 اینچ، 2 عدد میدرنج 6 اینچ و 2 عدد سوپر تیوتر قطر 7 سانتی‌متر، نصب آسان و پرتاب صدای عالی","تنها ۲ عدد در انبار باقی مانده","۵","۱,۲۰۰,۰۰۰","https://dkstatics-public.digikala.com/digikala-products/78ff0ee28e3ffaece6802c93a1dc65f4f6397111_1778682536.jpg?x-oss-process=image/resize,m_lfit,h_600,w_600/quality,q_90","مغزی زه استیل اطراف مدل MQ-6 مناسب برای پارس و پژو پارس مجموعه 6 عددی","[object Object]","ارسال فروشنده","۵","[object Object]","۴۹۵,۰۰۰","https://dkstatics-public.digikala.com/digikala-products/e8c600d7d325cdd2aac0b177862045620c533b41_1765621711.jpg?x-oss-process=image/resize,m_lfit,h_600,w_600/quality,q_90","کفپوش خودرو قالبی بابل کارپت مدل اکونومی مناسب برای کوییک S و ساینا S","","","","۲,۶۶۰,۰۰۰","[object Object]","","","تنها ۱ عدد در انبار باقی مانده","https://www.digikala.com/statics/img/svg/productCard/topBadge/SpecialSell.svg","","۱۰٪","۵۵۰,۰۰۰","",""
"https://dkstatics-public.digikala.com/digikala-products/f87f87885c1231d0c58c2e81f1760d59e9c59ed1_1725222257.jpg?x-oss-process=image/resize,m_lfit,h_600,w_600/quality,q_90","غربیلک فرمان کروز پلاس مدل دیکات مناسب برای ساینا و کوییک","موجود در انبار دیجی کالا","۵","۸,۹۱۸,۴۰۰","https://dkstatics-public.digikala.com/digikala-products/18e3bbcec34f4af0c5cb409164a124702f5e1b1b_1772873468.jpg?x-oss-process=image/resize,m_lfit,h_600,w_600/quality,q_90","ضربه‌گیر بدنه خودرو نادیاهوم مدل مگنتیک 2 با اتصال آهنربایی قوی، محافظت در برابر ضربه و خط و خش، جنس پلاستیک و لاستیک، نصب آسان روی قسمت‌های فلزی درب خودرو، مناسب برای تمام خودروها، تولید ایران و کیفیت عالی","[object Object]","موجود در انبار دیجی کالا","۴","[object Object]","۸۴۵,۰۰۰","https://dkstatics-public.digikala.com/digikala-products/89dcfe0f9d74b0ad567c74a8f2ce1f8dff4d1a14_1639897357.jpg?x-oss-process=image/resize,m_lfit,h_600,w_600/quality,q_90","دیفیوزر عقب خودرو مناسب برای پژو 206 مدل df26 با نصب سریع و آسان و متریال با کیفیت و دارای ارم پژو","تنها ۱ عدد در انبار باقی مانده","۴","۶۲۲,۵۳۰","https://dkstatics-public.digikala.com/digikala-products/30c3cbfd87f61df312fa3dbc724ced6b76fb33f2_1657597789.jpg?x-oss-process=image/resize,m_lfit,h_600,w_600/quality,q_90","توری درب روغن‌ خودرو مدل 09 مناسب برای پیکان","[object Object]","موجود در انبار دیجی کالا","۳.۹","[object Object]","۱۰۰,۰۰۰","https://dkstatics-public.digikala.com/digikala-products/78a699a3d98fe38ac4f5c1ce4aba459735216299_1718274652.jpg?x-oss-process=image/resize,m_lfit,h_600,w_600/quality,q_90","آچار درب باک و پمپ بنزین مدل STIL-3XP","","۴.۹","[object Object]","۶۶۰,۰۰۰","[object Object]","","[object Object]","موجود در انبار دیجی کالا","https://www.digikala.com/statics/img/svg/productCard/topBadge/SpecialSell.svg","","۴٪","۹,۲۹۰,۰۰۰","۱۴٪","۹۸۰,۰۰۰"
"https://dkstatics-public.digikala.com/digikala-products/c6e4f47faf37b707264e7e66fac36dc0eacff1cb_1607939383.jpg?x-oss-process=image/resize,m_lfit,h_600,w_600/quality,q_90","لوازم شیشه شوی خودرو مناسب پژو 405 کد 1324 با قطر دهانه شلنگ 5 میلی‌متر و طول شلنگ 20 سانتی‌متر بسته 2 عددی","ارسال سریع دیجی‌کالا","۴","۱۰۵,۵۶۰","https://dkstatics-public.digikala.com/digikala-products/2230924.jpg?x-oss-process=image/resize,m_lfit,h_600,w_600/quality,q_90","مینی فیوز خودرو ای ام بسته 10 عددی","[object Object]","موجود در انبار دیجی کالا","۳.۹","[object Object]","۱۸۸,۰۰۰","https://dkstatics-public.digikala.com/digikala-products/d2efeca122ad67f595f5b2e891ad5442a2dc4c6e_1776355053.jpg?x-oss-process=image/resize,m_lfit,h_600,w_600/quality,q_90","کارواش شارژی خانگی راویکس مدل 001 با دو باتری 48 ولت لیتیومی، قدرت فشار 35 بار، قابلیت مکش خودکار آب، موتور القایی، مخزن پاشش کف و لنس پاشش خطی و نقطه‌ای، مناسب شستشو و آبیاری","تنها ۲ عدد در انبار باقی مانده","۲.۹","۶,۱۳۰,۱۲۰","https://dkstatics-public.digikala.com/digikala-products/01cebc7eacfb366b7a542f48151cdf87c31912d8_1686635027.jpg?x-oss-process=image/resize,m_lfit,h_600,w_600/quality,q_90","واکس تمیزکننده و محافظ چرم خودرو تام کلین مدل TC-PL1000N22 حجم 1000 میلی لیتر","[object Object]","موجود در انبار دیجی کالا","۳.۹","[object Object]","۴۹۹,۰۰۰","https://dkstatics-public.digikala.com/digikala-products/b8f4b832bba07e31f02b8a7e972666c95d270b57_1751989439.jpg?x-oss-process=image/resize,m_lfit,h_600,w_600/quality,q_90","فیوز برق اصلی خودرو مناسب برای پراید مجموعه 3 عددی با بدنه فلزی و پلاستیکی، افزایش عملکرد فنی و نصب آسان مدل bbz-2424","ارسال ۳ ساعته فروشنده","۳.۸","[object Object]","۱۵۶,۴۹۰","[object Object]","","","","https://www.digikala.com/statics/img/svg/productCard/topBadge/SpecialSell.svg","","۹٪","۱۱۶,۰۰۰","۵٪","۱۹۸,۰۰۰"
"https://dkstatics-public.digikala.com/digikala-products/ecc4149b27bd48d78ee42428178cd8ab414f99fc_1738799080.jpg?x-oss-process=image/resize,m_lfit,h_600,w_600/quality,q_90","آینه مانیتوردار خودرو ماک مدل M5-(0) به همراه دوربین دنده عقب","ارسال سریع دیجی‌کالا","۳.۶","۲,۶۹۰,۰۰۰","https://dkstatics-public.digikala.com/digikala-products/113788873.jpg?x-oss-process=image/resize,m_lfit,h_600,w_600/quality,q_90","ال وایر نارنجی طول 2 متر مدل dan0041 با ترانس 12 ولت، نور ثابت 360 درجه، انعطاف‌پذیری بالا، قابلیت قیچی کردن و تاشوندگی مناسب برای تزئین خودرو و وسایل مختلف","[object Object]","موجود در انبار دیجی کالا","۳.۸","[object Object]","۲۳۶,۶۴۰","https://dkstatics-public.digikala.com/digikala-products/113278450.jpg?x-oss-process=image/resize,m_lfit,h_600,w_600/quality,q_90","ژل پنچرگیری شیمل کد 001","ارسال سریع دیجی‌کالا","۳.۹","۱۴۵,۰۰۰","https://dkstatics-public.digikala.com/digikala-products/b316c49d0022087399511c617d5399a906ff8f9b_1752692754.jpg?x-oss-process=image/resize,m_lfit,h_600,w_600/quality,q_90","مبدل برق خودرو اینتیمکث مدل 1104 ظرفیت 4500 وات با ورودی 12 ولت DC، خروجی برق شهری 220 تا 240 ولت، سیستم حفاظت در برابر اضافه بار، ولتاژ و دما، مناسب لپ‌تاپ و تلویزیون، بدنه فلزی و طراحی فشرده قابل حمل","[object Object]","ارسال سریع دیجی‌کالا","۳.۹","[object Object]","۱۰,۹۷۳,۶۵۰","https://dkstatics-public.digikala.com/digikala-products/075bf2781aadcefbae247cfefa0b9b093706acbb_1713511164.jpg?x-oss-process=image/resize,m_lfit,h_600,w_600/quality,q_90","آرم تزئینی خودرو چیکال مدل P-682-TURBO با طراحی برجسته و نصب آسان، مناسب افزایش زیبایی ظاهری خودرو","","۳.۹","[object Object]","۱۶۹,۸۴۰","[object Object]","","[object Object]","ارسال فروشنده","","[object Object]","","","",""
"https://dkstatics-public.digikala.com/digikala-products/a73849fb8c1984abd7f201210a0f36943deda0e7_1738871672.jpg?x-oss-process=image/resize,m_lfit,h_600,w_600/quality,q_90","فرچه دیتیلینگ خودرو انگشتی مدل 2025 با الیاف طبیعی و مصنوعی، بدون ایجاد خط و خش، مناسب تمیزکاری دقیق داخل کابین، داشبورد، چراغ، تودوزی، موتور و قطعات پلاستیکی و چرمی، قابلیت شستشو با آب و شوینده‌ها","موجود در انبار دیجی کالا","۳.۷","۱۰۰,۵۰۰","https://dkstatics-public.digikala.com/digikala-products/495fcce3cb14ef98795bee763ae0dcf8026261b9_1736446612.jpg?x-oss-process=image/resize,m_lfit,h_600,w_600/quality,q_90","برس تمیز کننده مدل OTS 094","[object Object]","موجود در انبار دیجی کالا","۳.۸","[object Object]","۳۹۲,۰۰۰","https://dkstatics-public.digikala.com/digikala-products/121684435.jpg?x-oss-process=image/resize,m_lfit,h_600,w_600/quality,q_90","پشتی صندلی خودرو بابل کارپت کد s2521","تنها ۲ عدد در انبار باقی مانده","۳.۸","۸۹۵,۰۷۰","https://dkstatics-public.digikala.com/digikala-products/2f9c0c36643dba78f4fa38101b107ae48ecf12ee_1761229747.jpg?x-oss-process=image/resize,m_lfit,h_600,w_600/quality,q_90","فرچه نظافت خودرو اسمارت مدل S14 سایز 14 سانتی‌متر","[object Object]","ارسال فروشنده","۳.۸","[object Object]","۲۴۲,۰۰۰","https://dkstatics-public.digikala.com/digikala-products/f6dffee9dcb9a6a3f5722793e028ea6f844ece49_1739966797.jpg?x-oss-process=image/resize,m_lfit,h_600,w_600/quality,q_90","آویز لباس خودرو فلزی فوم دار مدل فوم دار با نصب آسان روی پایه سرصندلی، ابعاد 45x45x10 سانتی‌متر و وزن 800 گرم، مناسب نظم‌دهی داخل اتاق خودرو و استفاده کاربردی در انواع ماشین‌ها","","۳.۷","[object Object]","۳۷۰,۰۰۰","[object Object]","","[object Object]","موجود در انبار دیجی کالا","https://www.digikala.com/statics/img/svg/productCard/topBadge/SpecialSell.svg","","۱۷٪","۱,۰۷۷,۵۸۰","",""
"https://dkstatics-public.digikala.com/digikala-products/f319632e5db34c35bac6a0f1dd7094853b59fab7_1714408170.jpg?x-oss-process=image/resize,m_lfit,h_600,w_600/quality,q_90","پایه نگهدارنده پروژکتور خودرو مدل کاپوتی مناسب برای تمام خودروها بسته 2 عددی","موجود در انبار دیجی کالا","۴.۷","۱,۶۵۰,۰۰۰","https://dkstatics-public.digikala.com/digikala-products/9e45554a5bb9115618d09c5619b44d3da246763a_1725089173.jpg?x-oss-process=image/resize,m_lfit,h_600,w_600/quality,q_90","قاب ستون وسط پایین خودرو آراکس یدک مدل AY-5528 مناسب برای پراید صبا بسته 2 عددی","[object Object]","موجود در انبار دیجی کالا","۳.۵","[object Object]","۵۳۳,۷۹۰","https://dkstatics-public.digikala.com/digikala-products/17bb3429aaebff0e2e8d059efdd6b8389d77def5_1764040241.jpg?x-oss-process=image/resize,m_lfit,h_600,w_600/quality,q_90","برچسب شیشه آفتابگیر خودرو طرح ویندشیلد مدل R46 پلاستیکی مقاوم در برابر آب، نور خورشید و دما با قابلیت نصب از داخل و خارج خودرو برای محافظت در برابر اشعه آفتاب ، ضدخش","تنها ۲ عدد در انبار باقی مانده","۴.۷","۶۰۰,۰۰۰","https://dkstatics-public.digikala.com/digikala-products/05f90a3dd1a87e41c003e46e1f22cff929b21821_1655928139.jpg?x-oss-process=image/resize,m_lfit,h_600,w_600/quality,q_90","قاب یدک ریموت خودرو قطعه سازان کبیر مدل YADK-MVM110-402 مناسب برای MVM 110","[object Object]","موجود در انبار دیجی کالا","۳.۷","[object Object]","۷۲۰,۰۰۰","https://dkstatics-public.digikala.com/digikala-products/d7a2f7dde079af59681ec2832a6869d665ce829e_1661804329.jpg?x-oss-process=image/resize,m_lfit,h_600,w_600/quality,q_90","برچسب چراغ خودرو رول 1 متر در 30 سانت رنگ دودی مقاوم در برابر آب و شستشو، ممانعت از ورود تشعشعات نور خورشید، افزایش مقاومت شیشه در برابر ضربه و خش، نصب آسان، مناسب چراغ جلو و عقب","ارسال ۳ ساعته فروشنده","۳.۸","[object Object]","۲۴۱,۲۲۰","[object Object]","","","","https://www.digikala.com/statics/img/svg/productCard/topBadge/SpecialSell.svg","","۱۹٪","۶۵۹,۰۰۰","",""
"https://dkstatics-public.digikala.com/digikala-products/e44c94beaf02c2097198e068d4a2a865990052e8_1758561017.jpg?x-oss-process=image/resize,m_lfit,h_600,w_600/quality,q_90","پشت گردنی صندلی خودرو نیل مدل 206 مجموعه سه عددی با فوم سرد درجه یک، پایه فلزی مقاوم، پارچه کنف اصلی، طراحی ارگونومیک و قابلیت تنظیم ارتفاع و شست‌وشو","موجود در انبار دیجی کالا","۳.۸","۱,۸۷۰,۰۰۰","https://dkstatics-public.digikala.com/digikala-products/e17359e58124df983040cdbf0fcdb0dab404a53c_1735105497.jpg?x-oss-process=image/resize,m_lfit,h_600,w_600/quality,q_90","آینه وسط خودرو مدل KP-B مناسب برای انواع خودروهای ایران خودرو و سایپا با قابلیت تزئینی و راحتی سرنشین و نصب آسان به‌همراه سیم کشی ساده","[object Object]","موجود در انبار دیجی کالا","۳.۶","[object Object]","۱,۱۰۰,۰۰۰","https://dkstatics-public.digikala.com/digikala-products/3a2b20fba2e1ba2b23f24999f33553dfb7ff1ab2_1614350993.jpg?x-oss-process=image/resize,m_lfit,h_600,w_600/quality,q_90","سنگ پران خودرو مدل ks137 مناسب برای پژو 206 صندوقدار با قابلیت جلوگیری از برخورد ریز سنگ‌های لاستیک‌های جلویی و پوشش ضربه‌خوردگی لبه‌های کاپوت و مقاومت در برابر تغییر رنگ ناشی از نور خورشید","موجود در انبار دیجی کالا","۳.۶","۷۰۰,۰۰۰","https://dkstatics-public.digikala.com/digikala-products/c83ab7c6406f8c3b1ba88039b699582bbae136a6_1727781935.jpg?x-oss-process=image/resize,m_lfit,h_600,w_600/quality,q_90","ضربه‌گیر محافظ سپر خودرو 45 سانتی‌متر پلاستیک PVC مقاوم با نوار استیل ضد زنگ 0.5 میلی‌متری و چسب 2 طرفه نانو 3 سانتی‌متری بسته 4 عددی","[object Object]","موجود در انبار دیجی کالا","۴.۶","[object Object]","۱,۲۰۰,۰۰۰","https://dkstatics-public.digikala.com/digikala-products/79f5b877799da39acf12a39c9e76c6423d0cbb3e_1675516822.jpg?x-oss-process=image/resize,m_lfit,h_600,w_600/quality,q_90","برچسب بدنه خودرو طرح بال و تاج حرف H کد K920","","۴.۵","[object Object]","۱۰۰,۰۰۰","[object Object]","","[object Object]","ارسال سریع دیجی‌کالا","","[object Object]","","","",""
"","لنگ نظافت خودرو پارچه‌ای نخی با ابعاد 280x60 سانتی‌متر مناسب بدنه، داخل کابین، داشبورد، رینگ، شیشه و قسمت‌های پلاستیکی، چرمی و فلزی خودرو","ارسال سریع دیجی‌کالا","۳.۷","۱۲۸,۰۰۰","","لاستیک پدال گاز و ترمز و کلاچ خودرو چیکال مدل B-12 مناسب برای کوییک، مقاوم در برابر پارگی و نصب آسان با روش گرم کردن در آب","[object Object]","موجود در انبار دیجی کالا","۳.۵","[object Object]","۷۹,۱۱۰","","روکش صندلی خودرو هایکو مدل رایا مناسب پژو 206، 206 صندوقدار، 207، 207 صندوقدار، رانا و رانا پلاس با پارچه مخمل مقاوم، قابل شست‌وشو، دارای بالشتک پشت گردنی، تنفس‌پذیر و ثبات رنگ و سایشی بالا","","۴.۵","۹,۱۰۰,۰۰۰","","منبع اگزوز عقب پراید تک سوز رضا مشهد مدل KEM1111 با وزن 4600 گرم و ساخت ایران، کاهش صدای اضافی و بهبود عملکرد موتور","[object Object]","موجود در انبار دیجی کالا","۳.۵","[object Object]","۲,۵۰۰,۰۰۰","","کیت کالیپر ترمز 7 عددی ابزار مکانیکی و تعمیرگاهی فولاد CK45 مدل AJ-rad-7PCS مناسب تعویض لنت خودروهای داخلی از جمله رانا، 206، پرشیا، ELX، زانتیا، مگان و برلیانس با کاربرد خانگی و صنعتی و کیفیت بسیار بالا","ارسال ۳ ساعته فروشنده","۳.۵","[object Object]","۶۷۵,۰۰۰","[object Object]","","","","","","","","",""
"","دوربین دنده عقب خودرو مدل 1080P با رزولوشن HD، زاویه دید 180 درجه، مقاوم در برابر گرد و خاک و آب، قابلیت نصب روکار و توکار مخصوص دید عقب","ارسال فروشنده","۳.۶","۶۵۰,۰۰۰","","کمپرسور هوا سوِنتی مِی مدل SKU:3105826 با توان 120 وات، حداکثر فشار 160 PSI، دبی 25 مترمکعب بر ساعت، مجهز به صفحه نمایش، 3 سری برای دوچرخه، ماشین و توپ، بدون روغن، اتصال به شارژر فندکی خودرو و کابل 3.2 متر","[object Object]","موجود در انبار دیجی کالا","۴.۵","[object Object]","۵,۰۴۵,۶۵۰","","جک سوسماری خودرو هیدرولیکی ظرفیت 3 تن مدل NASIRI با بدنه 8 میل، پمپ قوی و قابلیت تبدیل به خرک، مناسب خودروهای سواری و شاسی‌بلند، ساخت تبریز و ایده‌آل برای تعمیرگاه‌ها و مکانیکی‌ها","","۱.۵","۲۹,۸۷۵,۰۰۰","","اسپری واکس ستاره مدل SKH حجم 300 میلی‌لیتر بسته 5 عددی براق کننده و تمیز کننده داشبورد و سطوح چرمی و پلاستیکی خودرو با محافظت در برابر ترک خوردگی و گرد و غبار و 5 رایحه متنوع","[object Object]","ارسال فروشنده","۴.۴","[object Object]","۸۱۸,۰۰۰","","استیکر خودرو پویا مارکت مدل 2933 از جنس وینیل با روکش لمینت، مقاوم در برابر آب، خش، الکل و نور آفتاب","ارسال ۳ ساعته فروشنده","۴.۴","[object Object]","۹۵,۰۰۰","[object Object]","","","","","","۱۳٪","۵,۸۰۸,۴۶۰","۱۹٪","۳۷,۰۰۰,۰۰۰"
"","اسپری تمیز کننده و براق کننده داشبورد خودرو STS مدل DB حجم 500 میلی‌لیتر با قابلیت پاک‌کنندگی لکه، ایجاد براقیت ماندگار، محافظت از سطح و عطر خوشبو و ملایم بدون ایجاد حساسیت","ارسال سریع دیجی‌کالا","۳.۴","۱۹۵,۰۰۰","","سردنده چراغدار مدل luxury xantia مناسب خودرو سیتروئن زانتیا با نور سبز فابریک، جنس پلاستیک فشرده، نصب آسان بدون نیاز به قطعه مبدل و بروشور گام به گام راهنما","[object Object]","ارسال سریع دیجی‌کالا","۴.۳","[object Object]","۶۵۹,۰۰۰","","آینه نقطه کور خودرو چیکال مدل P-1082 بسته 2 عددی با شیشه محدب ضدخش، قاب فلزی براق، نصب چسبی سریع و آسان، چرخش 360 درجه، مقاوم در برابر ضربه و آب، مناسب برای تمام خودروها","","۴.۴","۲۵۸,۹۷۰","","ضربه گیر درب خودرو مناسب کوییک مدل s129-L مجموعه 4 عددی با جنس پلاستیک و چسب فومی مقاوم در برابر نور خورشید و فشار کارواش، قابلیت نصب آسان و تنظیم چندباره بدون آسیب به بدنه خودرو","[object Object]","ارسال سریع دیجی‌کالا","۴.۳","[object Object]","۲۸۷,۰۰۰","","زبانه کمربند ایمنی خودرو مدل K2 مناسب برای لاماری ایما بسته 2 عددی","ارسال ۳ ساعته فروشنده","۴.۴","[object Object]","۲۵۰,۸۰۰","[object Object]","","[object Object]","موجود در انبار دیجی کالا","","","۳٪","۲۹۷,۰۰۰","۵٪","۲۶۴,۰۰۰"
"","کفپوش سه بعدی خودرو بابل کارپت مدل سوپر لاکچری مناسب برای تارا، ساخته شده از نمد و چرم، مقاوم در برابر سایش، ترک خوردن، قابل شستشو و بادوام","ارسال فروشنده","۴.۳","۲,۳۴۷,۰۰۰","","آینه وسط خودرو مدل کاپریس سنسوردار و چراغ دار","[object Object]","موجود در انبار دیجی کالا","۳.۳","[object Object]","۱,۰۳۲,۸۱۰","","برچسب بدنه خودرو مدل A235 ضدخش با جنس کاغذ روکش‌دار و پلاستیک، مقاوم در برابر آب، نور خورشید و دما","","۴.۳","۱۲۰,۰۰۰","","ورد پليت كاپوت خودرو پهلوان مدل استیل كد W7P1 مناسب براى پژو 207","[object Object]","موجود در انبار دیجی کالا","۴.۳","[object Object]","۲۵۰,۰۰۰","","محلول شیشه شوی خودرو کاسپین  کد Sh1L حجم 1000 میلی لیتر","ارسال ۳ ساعته فروشنده","۴.۴","[object Object]","۱۸۰,۰۰۰","[object Object]","","[object Object]","ارسال سریع دیجی‌کالا","","","","","",""
"","ال وایر مولتی کالر تزئینی خودرو مدل 110+35 سانتی‌متر با منبع تغذیه USB، نصب در درز داشبورد، کنترل با دکمه، ریموت کنترل و اپلیکیشن موبایل، بسته 2 تکه","موجود در انبار دیجی کالا","۴.۴","۱,۶۰۰,۰۰۰","","اسپری براق‌کننده و محافظ لاستیک خودرو STP مدل Sun of a Gun حجم 595ml با ساختار فومی، قدرت تمیزکنندگی و جلوگیری از فرسایش و ترک‌خوردگی تایر، بدون نیاز به دستمال","[object Object]","موجود در انبار دیجی کالا","۴.۵","[object Object]","۲۲۱,۵۴۰","","دستگیره مچی تزئینی خودرو چیکال مدل P-2066 2067 مناسب پراید 141 مجموعه 2 عددی مقاوم در برابر ضربه و ضد آب با اتصال پیچی","تنها ۳ عدد در انبار باقی مانده","۴.۳","۲۲۰,۸۹۰","","آرم جلو پنجره کالانیکس مدل ARM-AA2-10509 طرح AA","[object Object]","موجود در انبار دیجی کالا","۴.۶","[object Object]","۲۲۰,۰۰۰","","آچار بکس سنسور اکسیژن اسکای مدل SOS-001","ارسال ۳ ساعته فروشنده","۴.۲","[object Object]","۵۴۵,۰۰۰","[object Object]","","","","","","","","",""
"https://dkstatics-public.digikala.com/digikala-products/d41044c7bcb21cf8823040192d8ad348502fb8d5_1668943410.jpg?x-oss-process=image/resize,m_lfit,h_600,w_600/quality,q_90","لنگ نظافت خودرو پارچه‌ای نخی با ابعاد 280x60 سانتی‌متر مناسب بدنه، داخل کابین، داشبورد، رینگ، شیشه و قسمت‌های پلاستیکی، چرمی و فلزی خودرو","ارسال سریع دیجی‌کالا","۳.۷","۱۲۸,۰۰۰","https://dkstatics-public.digikala.com/digikala-products/1cbabdbb0eb1e18ba001fe7b10ac826dc6d87f41_1678265957.jpg?x-oss-process=image/resize,m_lfit,h_600,w_600/quality,q_90","لاستیک پدال گاز و ترمز و کلاچ خودرو چیکال مدل B-12 مناسب برای کوییک، مقاوم در برابر پارگی و نصب آسان با روش گرم کردن در آب","[object Object]","موجود در انبار دیجی کالا","۳.۵","[object Object]","۷۹,۱۱۰","https://dkstatics-public.digikala.com/digikala-products/bdb24accb82d7b31cd454a1f306dcc09756d6555_1611064879.jpg?x-oss-process=image/resize,m_lfit,h_600,w_600/quality,q_90","روکش صندلی خودرو هایکو مدل رایا مناسب پژو 206، 206 صندوقدار، 207، 207 صندوقدار، رانا و رانا پلاس با پارچه مخمل مقاوم، قابل شست‌وشو، دارای بالشتک پشت گردنی، تنفس‌پذیر و ثبات رنگ و سایشی بالا","","۴.۵","۹,۱۰۰,۰۰۰","https://dkstatics-public.digikala.com/digikala-products/580e46664b789856fb58c5a91ee19fae3730ee1c_1664804488.jpg?x-oss-process=image/resize,m_lfit,h_600,w_600/quality,q_90","منبع اگزوز عقب پراید تک سوز رضا مشهد مدل KEM1111 با وزن 4600 گرم و ساخت ایران، کاهش صدای اضافی و بهبود عملکرد موتور","[object Object]","موجود در انبار دیجی کالا","۳.۵","[object Object]","۲,۵۰۰,۰۰۰","https://dkstatics-public.digikala.com/digikala-products/ae759adedd3850803e4f164fc3598fab4ab6b6c8_1753473931.jpg?x-oss-process=image/resize,m_lfit,h_600,w_600/quality,q_90","کیت کالیپر ترمز 7 عددی ابزار مکانیکی و تعمیرگاهی فولاد CK45 مدل AJ-rad-7PCS مناسب تعویض لنت خودروهای داخلی از جمله رانا، 206، پرشیا، ELX، زانتیا، مگان و برلیانس با کاربرد خانگی و صنعتی و کیفیت بسیار بالا","ارسال ۳ ساعته فروشنده","۳.۵","[object Object]","۶۷۵,۰۰۰","[object Object]","","","","","","","","",""
"https://dkstatics-public.digikala.com/digikala-products/25fecf4d69fad2a29919fef43986bd3a1b00533b_1617783690.jpg?x-oss-process=image/resize,m_lfit,h_600,w_600/quality,q_90","دوربین دنده عقب خودرو مدل 1080P با رزولوشن HD، زاویه دید 180 درجه، مقاوم در برابر گرد و خاک و آب، قابلیت نصب روکار و توکار مخصوص دید عقب","ارسال فروشنده","۳.۶","۶۵۰,۰۰۰","https://dkstatics-public.digikala.com/digikala-products/ef50d440fd0e1af8717786c953392b2a89d709c9_1738151759.jpg?x-oss-process=image/resize,m_lfit,h_600,w_600/quality,q_90","کمپرسور هوا سوِنتی مِی مدل SKU:3105826 با توان 120 وات، حداکثر فشار 160 PSI، دبی 25 مترمکعب بر ساعت، مجهز به صفحه نمایش، 3 سری برای دوچرخه، ماشین و توپ، بدون روغن، اتصال به شارژر فندکی خودرو و کابل 3.2 متر","[object Object]","موجود در انبار دیجی کالا","۴.۵","[object Object]","۵,۰۴۵,۶۵۰","https://dkstatics-public.digikala.com/digikala-products/308087ef263f5eb2eac64d37cbf6f16d9129c7e1_1693905771.jpg?x-oss-process=image/resize,m_lfit,h_600,w_600/quality,q_90","جک سوسماری خودرو هیدرولیکی ظرفیت 3 تن مدل NASIRI با بدنه 8 میل، پمپ قوی و قابلیت تبدیل به خرک، مناسب خودروهای سواری و شاسی‌بلند، ساخت تبریز و ایده‌آل برای تعمیرگاه‌ها و مکانیکی‌ها","","۱.۵","۲۹,۸۷۵,۰۰۰","https://dkstatics-public.digikala.com/digikala-products/110837d2cd19be2ad38868c2000ff804ce678e57_1747890880.jpg?x-oss-process=image/resize,m_lfit,h_600,w_600/quality,q_90","اسپری واکس ستاره مدل SKH حجم 300 میلی‌لیتر بسته 5 عددی براق کننده و تمیز کننده داشبورد و سطوح چرمی و پلاستیکی خودرو با محافظت در برابر ترک خوردگی و گرد و غبار و 5 رایحه متنوع","[object Object]","ارسال فروشنده","۴.۴","[object Object]","۸۱۸,۰۰۰","https://dkstatics-public.digikala.com/digikala-products/ae34f0cd9570d6d731f63af5bc8475adb3b22648_1701435646.jpg?x-oss-process=image/resize,m_lfit,h_600,w_600/quality,q_90","استیکر خودرو پویا مارکت مدل 2933 از جنس وینیل با روکش لمینت، مقاوم در برابر آب، خش، الکل و نور آفتاب","ارسال ۳ ساعته فروشنده","۴.۴","[object Object]","۹۵,۰۰۰","[object Object]","","","","https://www.digikala.com/statics/img/svg/productCard/topBadge/SpecialSell.svg","","۱۳٪","۵,۸۰۸,۴۶۰","۱۹٪","۳۷,۰۰۰,۰۰۰"
"","اسپری شفاف کننده چراغ خودرو هالک مدل تو استپس حجم 40 میلی‌لیتر شامل اسپری رفع زردی و ماتی 30 میلی‌لیتر و شاینر براق‌کننده 10 میلی‌لیتر با قابلیت لایه‌برداری سطحی و محافظت‌کننده UV","ارسال سریع دیجی‌کالا","۳.۵","۲۶۸,۰۰۰","","زه مکمل قاب درب و گلگیر نیرواناتیون طرح استیل مدل 03 مناسب برای شاهین مجموعه 6 عددی","[object Object]","موجود در انبار دیجی کالا","۳.۳","[object Object]","۴۵۰,۰۰۰","","گیج روغن موتور ایساکو مدل 1122 مناسب برای پژو 206 تیپ 5 و 6، پژو 207 و موتورهای SDv8 و SDv9","","۴.۱","۱۹۰,۰۰۰","","برچسب زه خودرو مدل T70 مناسب پژو پارس طول 20 متر، برچسب شیشه‌ای آبی مقاوم در برابر آب و کارواش، نصب آسان، دوام و ماندگاری بالا، شفافیت","[object Object]","موجود در انبار دیجی کالا","۴.۲","[object Object]","۲۷۰,۳۵۰","","زبانه رابط کمربند ایمنی خودرو مناسب برای فیدلیتی و فیدلیتی پرایم، نصب آسان بدون نیاز به ابزار، بسته 4 عددی، فلزی و مقاوم","ارسال ۳ ساعته فروشنده","۴.۳","[object Object]","۳۷۶,۲۰۰","[object Object]","","[object Object]","موجود در انبار دیجی کالا","","","۵٪","۳۹۶,۰۰۰","",""
"","فلاپ آینه خودرو راهنما دار مناسب برای ساینا با امکان اتصال آسان و افزایش ایمنی رانندگی بسته 2 عددی مدل SFD105","موجود در انبار دیجی کالا","۴.۳","۱,۰۳۹,۴۸۰","","برچسب پشت شیشه خودرو مدل آداک","[object Object]","موجود در انبار دیجی کالا","۴.۱","[object Object]","۱۲۰,۰۰۰","","ضربه گیر پلاستیکی درب خودرو مناسب برای رانا و رانا پلاس مدل s129-L مجموعه 4 عددی با چسب فومی قابل تنظیم، مقاوم در برابر نور خورشید و فشار کارواش، نصب آسان و محافظت از بدنه خودرو","","۴.۲","۲۸۷,۰۰۰","","خار میل کاپوت پلاستیکی ثابت و گردشی خودرو رنو L90 بسته 3 عددی با کاربرد تزئینی، افزایش ایمنی و بهینه‌سازی مصرف سوخت","[object Object]","ارسال فروشنده","۳.۲","[object Object]","۱۰۰,۰۰۰","","محافظ سینی صندوق عقب خودرو تارا مدل TARA01 از جنس پلاستیک نرم با نصب آسان، محافظت در برابر ضربه، خط و خش و افزایش دوام سینی عقب خودرو","ارسال ۳ ساعته فروشنده","۴","[object Object]","۵۶۵,۰۰۰","[object Object]","","[object Object]","موجود در انبار دیجی کالا","","","۳٪","۲۹۷,۰۰۰","",""
"","اشپیل چرخ خودرو کد es2 مناسب برای پراید بسته 10 عددی","موجود در انبار دیجی کالا","۴.۱","۷۵,۶۲۰","","چادر خودرو پلی استر مناسب برای انواع پژو 405 مدل 2569 با قابلیت جلوگیری از نفوذ نور خورشید و خاک","[object Object]","موجود در انبار دیجی کالا","۳.۱","[object Object]","۲,۵۷۵,۰۰۰","","کنسول وسط خودرو پلاستیکی مناسب نیسان وانت مدل BOZORG-GARDABI با 6 محفظه برای نظم‌دهی داخل اتاق و ابعاد 38×32×12 سانتی‌متر","تنها ۱ عدد در انبار باقی مانده","۴.۱","۷۱۶,۴۳۰","","برچسب آفتابگیر شیشه جلو خودرو مدل TURBO SUNSHIELD مناسب پراید، ساخته شده از وینیل PVC ضد حرارت و رطوبت، با قابلیت دفع اشعه آفتاب، نصب از خارج شیشه و همراه با برشور گام‌به‌گام نصب و برچسب بدنه اشانتیون","[object Object]","ارسال سریع دیجی‌کالا","۴.۲","[object Object]","۳۸۵,۰۰۰","","درب رادیاتور آیتیپیکوپلاس مدل بهینه XU7 کد 1204106004","ارسال ۳ ساعته فروشنده","۴","[object Object]","۲۷۴,۸۹۰","[object Object]","","","","","","۱۷٪","۴۶۲,۵۶۰","",""
"https://dkstatics-public.digikala.com/digikala-products/dc671aced7af1cdba810ff2b78da938b75a175dd_1776616403.jpg?x-oss-process=image/resize,m_lfit,h_600,w_600/quality,q_90","شارژر فندکی خودرو دو خروجی USB و TYPE C مدل MIT-A+C با شارژ سریع، نمایشگر ولتاژ باتری، مقاوم در برابر آب و ضربه، مناسب انواع خودرو و قایق، بدنه پلاستیک ABS نسوز","موجود در انبار دیجی کالا","۴.۱","۱,۹۹۹,۹۰۰","https://dkstatics-public.digikala.com/digikala-products/fbeeacc718acbb14faa781a04bc9cec8ab3e33a7_1653831801.jpg?x-oss-process=image/resize,m_lfit,h_600,w_600/quality,q_90","قاب ساعت داشبورد خودرو کد 1033 مناسب برای تیبا","[object Object]","ارسال فروشنده","۴.۱","[object Object]","۲۳۰,۱۱۰","https://dkstatics-public.digikala.com/digikala-products/5e8e1ecca19c12ed8a67f0adab54e2d8c55a924b_1666784013.jpg?x-oss-process=image/resize,m_lfit,h_600,w_600/quality,q_90","آرم گلگیر خودرو وارون مدل P-237 مناسب برای پژو 207 بسته 2 عددی","تنها ۱ عدد در انبار باقی مانده","۴.۱","۱۴۳,۵۷۰","https://dkstatics-public.digikala.com/digikala-products/a432d9092e278d23301139156c08e20dfcffa991_1689433071.jpg?x-oss-process=image/resize,m_lfit,h_600,w_600/quality,q_90","دزدگیر خودرو تصویری چیتا مدل S886 با ریموت یدک تصویری، باتری لیتیومی شارژی، ارتباط دوطرفه، قابلیت اتصال به موبایل، حسگر ضربه‌ای، قفل مرکزی و صندوق پران","[object Object]","موجود در انبار دیجی کالا","۴.۱","[object Object]","۱۲,۹۰۰,۰۰۰","https://dkstatics-public.digikala.com/digikala-products/5ee1a7c14cd883b2245d65b2ba05502611589e93_1655013939.jpg?x-oss-process=image/resize,m_lfit,h_600,w_600/quality,q_90","اسپری واکس لاستیک خودرو سی واکس مدل CW-9806 حجم 500 میلی‌لیتر با قابلیت براق کنندگی، تمیز کنندگی و محافظت در برابر آسیب‌های محیطی","","۴.۱","[object Object]","۲۹۱,۴۰۰","[object Object]","","","تنها ۲ عدد در انبار باقی مانده","https://www.digikala.com/statics/img/svg/productCard/topBadge/SpecialSell.svg","","۶٪","۳۱۰,۰۰۰","",""
"https://dkstatics-public.digikala.com/digikala-products/4f44f3cedd878568ffc9885d62770008014c1786_1628230229.jpg?x-oss-process=image/resize,m_lfit,h_600,w_600/quality,q_90","آرم خودرو کد P1FRC52","ارسال فروشنده","۴.۱","۲۸۴,۵۶۰","https://dkstatics-public.digikala.com/digikala-products/a44333f3c835636b9c11d6244b5ef2ea5b7713ed_1668603710.jpg?x-oss-process=image/resize,m_lfit,h_600,w_600/quality,q_90","برچسب خودرو طرح ایربگ مناسب پژو 206 با زمینه مشکی درخشان، نوشته نارنجی برجسته تزریقی، مقاوم در برابر خش و ساییدگی، رنگ ثابت و قابل شستشو","[object Object]","موجود در انبار دیجی کالا","۴.۱","[object Object]","۱۷۵,۰۰۰","https://dkstatics-public.digikala.com/digikala-products/919b0649d945d282fc7071c46ba42cebc5d6633f_1610639034.jpg?x-oss-process=image/resize,m_lfit,h_600,w_600/quality,q_90","واکس لاستیک نانویی 4 لیتری روناکس محافظ در برابر UV، براق کننده، تمیز کننده و ضد جذب گرد و غبار مناسب لاستیک، داشبورد، پلاستیک و چرمی خودرو","موجود در انبار دیجی کالا","۴.۱","۹۰۵,۰۰۰","https://dkstatics-public.digikala.com/digikala-products/1359307.jpg?x-oss-process=image/resize,m_lfit,h_600,w_600/quality,q_90","کفپوش سه‌بعدی خودرو بابل کارپت مناسب پراید، چرم، سه‌تکه، مقاوم در برابر گرما و سرما، ضد خش، بدون لغزش و قابل شست‌وشو","[object Object]","ارسال سریع دیجی‌کالا","۴.۱","[object Object]","۱,۷۰۲,۷۷۰","https://dkstatics-public.digikala.com/digikala-products/a469fbc45ff658c0e33181b2ed75dd44128014ab_1637477586.jpg?x-oss-process=image/resize,m_lfit,h_600,w_600/quality,q_90","جک خودرو چیکال مدل CH-J با ظرفیت 850 کیلوگرم مناسب برای تمام محصولات ایران خودرو به همراه آچار چرخ","","۴.۲","[object Object]","۱,۹۱۳,۶۶۰","[object Object]","","[object Object]","ارسال فروشنده","","[object Object]","","","",""
"https://dkstatics-public.digikala.com/digikala-products/4164722.jpg?x-oss-process=image/resize,m_lfit,h_600,w_600/quality,q_90","جاسوئیچی خودرو کد 3090 مناسب برای ام وی ام X33","موجود در انبار دیجی کالا","۴.۱","۵۵۰,۰۰۰","https://dkstatics-public.digikala.com/digikala-products/0bdcc3ed6cb830be1b304f016eb0c20f2432f5dc_1702366754.jpg?x-oss-process=image/resize,m_lfit,h_600,w_600/quality,q_90","کنسول وسط خودرو ام پی مدل km01 مناسب کوئیک با روکش چرمی، یک محفظه داخلی، طراحی فابریک و نصب آسان برای نظم‌دهی و نگهداری وسایل داخل اتاق خودرو","[object Object]","موجود در انبار دیجی کالا","۴.۳","[object Object]","۱,۶۰۰,۰۰۰","https://dkstatics-public.digikala.com/digikala-products/112534371.jpg?x-oss-process=image/resize,m_lfit,h_600,w_600/quality,q_90","قفل فرمان آهنی مدل S2203 با طول 63 سانتی‌متر و مغزی تمام برنج، مجهز به روکش PVC و مناسب برای تمامی خودروها","تنها ۱ عدد در انبار باقی مانده","۴","۱,۵۱۳,۴۰۰","https://dkstatics-public.digikala.com/digikala-products/3498297.jpg?x-oss-process=image/resize,m_lfit,h_600,w_600/quality,q_90","دستمال تمیز کننده خودرو مدل Clean Cham با ابعاد 43 × 32 سانتی‌متر، مناسب برای داخل کابین و شیشه، دارای قدرت تمیزکنندگی بالا و کاور پلاستیکی محافظ","[object Object]","ارسال فروشنده","۴.۱","[object Object]","۲۳۰,۰۰۰","https://dkstatics-public.digikala.com/digikala-products/7d9106697751c04894bf15eaaccc5ea5f2ca3542_1708373533.jpg?x-oss-process=image/resize,m_lfit,h_600,w_600/quality,q_90","محافظ ضد سرقت باطری خودرو ایمن صنعت کد 405","","۴","[object Object]","۸۹۰,۰۰۰","[object Object]","[object Object]","[object Object]","تنها ۲ عدد در انبار باقی مانده","https://www.digikala.com/statics/img/svg/productCard/topBadge/SpecialSell.svg","[object Object]","۸٪","۱,۶۴۵,۰۰۰","",""
"https://dkstatics-public.digikala.com/digikala-products/eb813c995a183bbca0c7bd625597a16723546756_1634987257.jpg?x-oss-process=image/resize,m_lfit,h_600,w_600/quality,q_90","آرم گلگیر LX چیکال مدل CH 0137 مناسب برای سمند","موجود در انبار دیجی کالا","۴.۱","۸۷,۸۷۰","https://dkstatics-public.digikala.com/digikala-products/75d1e82b158731a042dcaf46556f73917aa23fde_1675420025.jpg?x-oss-process=image/resize,m_lfit,h_600,w_600/quality,q_90","کفپوش سه‌بعدی خودرو پانیذ مدل TAT1N مناسب سایپا پراید 131 با طراحی قالب‌خورده، جنس پلی‌اورتان رویه و نمد پشت، مقاوم در برابر گرما، سرما، آب و خش، ضد لغزش و به همراه کفپوش صندوق خودرو","[object Object]","ارسال فروشنده","۴","[object Object]","۱,۹۹۲,۰۰۰","https://dkstatics-public.digikala.com/digikala-products/a47e4bd44caf99b99011d11470986c16ca5fc428_1617106903.jpg?x-oss-process=image/resize,m_lfit,h_600,w_600/quality,q_90","سوزن والف خودرو مدل GRS_80002 بسته 6 عددی مناسب خودرو، موتورسیکلت و دوچرخه","","۴.۱","۷۴,۹۰۰","https://dkstatics-public.digikala.com/digikala-products/991f622fd7250db1f82fdd707f551cd501496483_1626246504.jpg?x-oss-process=image/resize,m_lfit,h_600,w_600/quality,q_90","سطل زباله خودرو فوروارد کد 5510","[object Object]","موجود در انبار دیجی کالا","۴.۱","[object Object]","۲۱۳,۷۵۰","https://dkstatics-public.digikala.com/digikala-products/0f5f520f6c303f617104bef841bf74e9b23ca493_1715336737.jpg?x-oss-process=image/resize,m_lfit,h_600,w_600/quality,q_90","قاب دور دستگیره درب بازکن داخلی خودرو مناسب پژو پارس بسته 2 عددی چپ و راست کرم روشن پیشرو یدک ایران کد 326","ارسال ۳ ساعته فروشنده","۴","[object Object]","۱۰۷,۰۰۰","[object Object]","","[object Object]","موجود در انبار دیجی کالا","https://www.digikala.com/statics/img/svg/productCard/topBadge/SpecialSell.svg","","۱۷٪","۲,۴۰۰,۰۰۰","۲۵٪","۲۸۵,۰۰۰"
"https://dkstatics-public.digikala.com/digikala-products/5f271126097658ae1cdbafedeacc6435d1fc4cd8_1731760947.jpg?x-oss-process=image/resize,m_lfit,h_600,w_600/quality,q_90","قاب ریموت دزدگیر خودرو ماجیکار مدل 130-SPEED","ارسال فروشنده","۴","۱,۲۰۰,۰۰۰","https://dkstatics-public.digikala.com/digikala-products/2018b293604b4ebb916a7d8c553fa07e71adabf2_1594880540.jpg?x-oss-process=image/resize,m_lfit,h_600,w_600/quality,q_90","عایق در صندوق خودرو بابل کارپت مدل 25030 مناسب برای سمند","[object Object]","ارسال فروشنده","۴","[object Object]","۱,۳۴۰,۳۵۰","https://dkstatics-public.digikala.com/digikala-products/80eaf6d52048de66cce6473df8c9384f90fd601e_1691741798.jpg?x-oss-process=image/resize,m_lfit,h_600,w_600/quality,q_90","برچسب سپر و زه بغل درب خودرو مدل CHS-PRIDE20M-30578 مناسب برای پراید هاچبک، نصب آسان و مقاوم در برابر شرایط جوی","تنها ۱ عدد در انبار باقی مانده","۴","۲۸۹,۰۰۰","https://dkstatics-public.digikala.com/digikala-products/28a00b09c1d010b2195a41f6fffb679b5e24176d_1783608128.jpg?x-oss-process=image/resize,m_lfit,h_600,w_600/quality,q_90","برچسب درب باک خودرو طرح روباه کد k8","[object Object]","موجود در انبار دیجی کالا","۴.۱","[object Object]","۱۲۵,۰۰۰","https://dkstatics-public.digikala.com/digikala-products/aa1c57044d5c7be525da01d9415068761b1e949c_1775645976.jpg?x-oss-process=image/resize,m_lfit,h_600,w_600/quality,q_90","ریموت دزدگیر خودرو ساده چیکال مدل P-645 فرکانس 315 مگاهرتز با قابلیت کپی اطلاعات ریموت دیگر و حسگر لمسی","","","","۲۹۶,۸۹۰","[object Object]","","","تنها ۱ عدد در انبار باقی مانده","https://www.digikala.com/statics/img/svg/productCard/topBadge/SpecialSell.svg","","۱۷٪","۱,۶۱۳,۳۸۰","۷٪","۱۳۵,۰۰۰"
"https://dkstatics-public.digikala.com/digikala-products/cf2aa3ec783c1963fa79dba37fddaf05eee3f5de_1778653823.jpg?x-oss-process=image/resize,m_lfit,h_600,w_600/quality,q_90","بست سپر خودرو مدل اشپیل کد JS342 بسته دو عددی","موجود در انبار دیجی کالا","۳","۳۲۰,۰۰۰","https://dkstatics-public.digikala.com/digikala-products/9c471b574f9f54f0e78fcb1b35aa254b78da32d9_1782075674.jpg?x-oss-process=image/resize,m_lfit,h_600,w_600/quality,q_90","روکش صندلی خودرو پارچه ای 8 تکه کارولند مدل G مناسب برای ال 90 و تندر 90","[object Object]","موجود در انبار دیجی کالا","۴","[object Object]","۷,۹۹۹,۹۰۰","https://dkstatics-public.digikala.com/digikala-products/4d7c122167be44619b0069a0d704b3065764c739_1777900090.jpg?x-oss-process=image/resize,m_lfit,h_600,w_600/quality,q_90","پد ژله‌ای محافظ دکمه فرمان خودرو مخصوص پژو 207 و رانا بسته 12 عددی مقاوم در برابر رطوبت، گرما، نور خورشید و خط و خش با چسب قوی اوراکال و جنس رزین پلی اورتان","تنها ۱ عدد در انبار باقی مانده","۴","۲۳۷,۵۰۰","https://dkstatics-public.digikala.com/digikala-products/a171a5851cd0cd87731976beb426b4a2d31308a7_1759053273.jpg?x-oss-process=image/resize,m_lfit,h_600,w_600/quality,q_90","قاب محافظ رادیاتور بخاری پلاستیکی خودرو مناسب برای پژو 206، پژو 207، رانا و رانا پلاس مدل 002075 با نصب پیچ","[object Object]","موجود در انبار دیجی کالا","","","۱۴۴,۰۵۰","https://dkstatics-public.digikala.com/digikala-products/465ebc3f725189727029ab99ce530b1fb985d9cb_1695117101.jpg?x-oss-process=image/resize,m_lfit,h_600,w_600/quality,q_90","استیکر ال ای دی خودرو طرح وانتد با جعبه باتری و سیم اتصال، دارای 5 حالت روشنایی متفاوت جهت تزئین و نورپردازی ماشین","","","","۱,۳۴۹,۰۰۰","[object Object]","","[object Object]","ارسال فروشنده","https://www.digikala.com/statics/img/svg/productCard/topBadge/SpecialSell.svg","","۳۳٪","۱۱,۹۰۰,۰۰۰","۵٪","۲۵۰,۰۰۰"
"https://dkstatics-public.digikala.com/digikala-products/bbe019a6a45f26a789afe514d5a274afc909e8a6_1725420096.jpg?x-oss-process=image/resize,m_lfit,h_600,w_600/quality,q_90","یخچال سرد و گرم خودرو جی پاس مدل GCF63062","موجود در انبار دیجی کالا","۵","۲۴,۸۰۰,۰۰۰","https://dkstatics-public.digikala.com/digikala-products/3605e0930833a90a9234589dc32c4fba7a242787_1782339859.jpg?x-oss-process=image/resize,m_lfit,h_600,w_600/quality,q_90","ست کامل روکش صندلی خودرو تمام مخمل 10 تکه کارولند مدل اسپاد مناسب برای مگان 2000","[object Object]","موجود در انبار دیجی کالا","۵","[object Object]","۱۰,۹۶۵,۰۰۰","https://dkstatics-public.digikala.com/digikala-products/09bf675bab0dc63054ace0e21ee40c2da342665f_1763667779.jpg?x-oss-process=image/resize,m_lfit,h_600,w_600/quality,q_90","آویز تزئینی خودرو مدل مراقبت کن ابر","تنها ۱ عدد در انبار باقی مانده","۴","۲۰۶,۸۸۰","https://dkstatics-public.digikala.com/digikala-products/dcd82d4fba0a5e1daef3cc759c846a888ac80844_1760365441.jpg?x-oss-process=image/resize,m_lfit,h_600,w_600/quality,q_90","زه روی درب کامل مدل KG7225 مناسب برای خودرو ام وی ام 110، ساخته شده از پلاستیک مقاوم، نصب آسان بدون نیاز به سوراخ‌کاری با چسب و خار، محافظت ضدخش و جلوگیری از آسیب‌های جزئی درب خودرو، بسته 4 عددی","[object Object]","موجود در انبار دیجی کالا","","","۱,۲۷۰,۴۴۰","https://dkstatics-public.digikala.com/digikala-products/15a793e862740970f79b8dd825d3d8b0d22df8db_1733670427.jpg?x-oss-process=image/resize,m_lfit,h_600,w_600/quality,q_90","برچسب شیشه خودرو طرح ویندشیلد مدل SPEED برچسب پلاستیکی ضدخش مقاوم در برابر آب، نور خورشید و دما","","","","۳۵۰,۰۰۰","[object Object]","","","تنها ۱ عدد در انبار باقی مانده","https://www.digikala.com/statics/img/svg/productCard/topBadge/SpecialSell.svg","","۱۵٪","۱۲,۹۰۰,۰۰۰","",""
"","قاب دور فرمان خودرو مدل 26554 مناسب برای پژو 405 و پژو پارس","موجود در انبار دیجی کالا","۴.۲","۷۶۲,۷۸۰","","جاسوئیچی خودرو فلزی مدل چراغ راهنمایی با ابعاد 10x2x1 سانتی‌متر و وزن 250 گرم","[object Object]","ارسال فروشنده","۴.۲","[object Object]","۱۳۰,۰۰۰","","سر دنده پلاستیکی مدل DAN-PEYKAN-30494 مناسب برای وانت پیکان و پیکان","تنها ۱ عدد در انبار باقی مانده","۳.۹","۱۴۰,۰۰۰","","پارکابی چرمی خودرو مناسب کوئیک مدل SK039 مجموعه 4 عددی با چسب یک تکه ضد نفوذ آب و خاک، ضد خش، رنگ ثابت، قابل شستشو و اتصال کامل به رکاب بدون برجستگی و گیرکردن لباس","[object Object]","موجود در انبار دیجی کالا","۴","[object Object]","۱۹۰,۸۶۰","","قفل رینگ خودرو ضد سرقت مدل CarBar_065 مناسب برای سمند، سمند سورن، دنا و دنا پلاس با رینگ آلومینیومی فابریک، بسته 4 عددی همراه با 2 عدد آچار مخصوص","","۳.۷","[object Object]","۱,۱۹۵,۰۰۰","[object Object]","[object Object]","[object Object]","موجود در انبار دیجی کالا","","","","","",""
"","دستمال نظافت خودرو نانو مدل n05 با ابعاد 50 در 40 سانتی‌متر، قابلیت تمیزکنندگی بدون لکه و خش، شستشوی مکرر با ماشین لباسشویی، جذب بالای آلودگی و بدون نیاز به مواد شوینده","ارسال فروشنده","۴","۲۱۹,۸۲۰","","اسپری موتورشوی کاسپین مدل تریگر حجم 500 میلی‌لیتر مقاوم در برابر گرما و سرما با قابلیت تمیزکنندگی و براق‌کنندگی سریع برای سطوح موتور، پلاستیکی و فلزی خودرو","[object Object]","موجود در انبار دیجی کالا","۳.۹","[object Object]","۳۹۸,۰۸۰","","برچسب بدنه خودرو لیزارد مدل آفرود طرح نشنال جئوگرافیک با نصب آسان و جداشدن بدون آسیب به بدنه، طراحی دقیق و برش با کیفیت","تنها ۱ عدد در انبار باقی مانده","۳.۸","۲۰۹,۱۶۰","","پد محافظ کلید روی فرمان خودرو وارون مدل P-750 مناسب پژو 207، پارس، رانا و رانا پلاس بسته 12 عددی کریستال برجسته بیرنگ با چسب مخصوص ضد خط و خش و ضد حرارت","[object Object]","موجود در انبار دیجی کالا","۳.۹","[object Object]","۲۹۹,۰۲۰","","خرک خودرو مکانیکی مجموعه 2 عددی ظرفیت 4 تن ارتفاع 50 سانتی‌متر مناسب برای تمام خودروها مدل HIDRO 4 TON","","۴","[object Object]","۲,۸۵۰,۰۰۰","[object Object]","[object Object]","[object Object]","موجود در انبار دیجی کالا","","","۱۳٪","۴۶۰,۰۰۰","۱۷٪","۲۵۱,۱۲۰"
"","قاب هواکش داشبورد چپ خودرو مناسب برای پژو 405، آردی و پارس مدل 658","موجود در انبار دیجی کالا","۴.۲","۲۰۸,۳۶۰","","دزدگیر خودرو استیل میت مدل EBAT 3966 single با ریموت تصویری و یدک ساده، مجهز به شوک سنسور، حسگر آلتراسونیک و ضربه‌ای، آنتن جداگانه افزایش برد، سیستم ضد سرقت anti highjack، نمایشگر ولتاژ باطری خودرو و قابلیت فعال‌سازی اتوماتیک پس از خاموش شدن خودرو","[object Object]","موجود در انبار دیجی کالا","۴","[object Object]","۶,۶۸۹,۲۴۰","","برچسب مشکی تیره چراغ خودرو کوکلان مدل 23 رول 1 متری مقاوم در برابر ضربه و خط و خش، جلوگیری از کدر شدن بلوری چراغ و کاهش تشعشعات نور خورشید","تنها ۱ عدد در انبار باقی مانده","۳.۸","۲۸۰,۰۱۰","","برچسب تزئینی شیشه خودرو مدل لانه زنبوری مناسب برای پراید بسته 4 عددی با جنس پلاستیک و مقاومت در برابر آب، نور خورشید و دما","[object Object]","ارسال سریع دیجی‌کالا","۳.۹","[object Object]","۳۳۳,۶۶۰","","قلم خشگیر بدنه خودرو ایران خودروان رنگ سفید کد 1160501 مجموعه 4 عددی","ارسال ۳ ساعته فروشنده","۳.۹","[object Object]","۳۹۵,۰۰۰","[object Object]","","","","","","۷٪","۳۰۰,۰۰۰","۱۵٪","۳۹۴,۶۴۰"
"","برچسب چراغ خودرو رنگ دودی مقاوم در برابر آب و شستشو مدل ss109m مناسب چراغ جلو و عقب با ابعاد 1 متر در 30 سانت همراه طلق ضدخش و نصب آسان","موجود در انبار دیجی کالا","۳.۹","۲۴۹,۳۰۰","","ال وایر تزئینی خودرو کلاو مدل RGB طول 2 متر، هفت رنگ با دکمه تغییر رنگ، قابل اتصال به پورت USB، ضد آب، نور ملایم و یکنواخت، منعطف و قابل برش، مصرف کم انرژی و نصب آسان","[object Object]","موجود در انبار دیجی کالا","۴.۹","[object Object]","۸۸۵,۰۰۰","","قیف خودرو مدل 2in1 با لوله خرطومی 35 سانتی‌متر، دسته روی بدنه و صافی، مناسب تمام خودروها و استفاده برای روغن موتور، بنزین، گازوئیل و ضدیخ","ارسال سریع دیجی‌کالا","۴","۱۵۵,۱۰۰","","اسپری تمیزکننده و محافظ بدنه و پلاستیک خودرو سی واکس مدل cw-9806 حجم 500 میلی‌لیتر با قابلیت استفاده بدون آب، آنتی استاتیک، افزایش خاصیت آبگریزی و براق‌کنندگی","[object Object]","موجود در انبار دیجی کالا","۴","[object Object]","۱۵۹,۲۸۰","","اسپری نانو سرامیک محافظ و براق کننده بدنه خودرو مدل TT حجم 300 میلی لیتر با فناوری نانو، ایجاد لایه آبگریز و محافظت در برابر اشعه UV و ماندگاری حداقل 6 ماه","","۳.۹","[object Object]","۵۹۰,۰۰۰","[object Object]","","[object Object]","موجود در انبار دیجی کالا","","[object Object]","۳۳٪","۳۷۴,۲۶۰","۱۲٪","۱۸۱,۰۰۰"
"","مجموعه 5 عددی برس دیتیلینگ خودرو مدل Cleaning Brush با دسته بلند، ساخته شده از پلاستیک مقاوم PP، با الیاف نرم و ضدخش، مناسب تمیزکاری دقیق و محافظت از سطوح حساس خودرو","موجود در انبار دیجی کالا","۳.۹","۵۱۱,۶۹۰","","تسمه بکسل خودرو مدل 5m، طول 4.5 و 0.5 متر، عرض 3 سانتی‌متر، ظرفیت کشش 500 کیلوگرم و قفل اطمینان","[object Object]","موجود در انبار دیجی کالا","۳.۹","[object Object]","۴۵۰,۰۰۰","","خار شلگیر خودرو وارون مدل K-234 مناسب برای رنو L90، ساخته شده از مواد اولیه درجه یک، مقاوم در برابر سرما و گرما، چندبار قابل استفاده، بسته 10 عددی","","۴","۱۵۲,۹۵۰","","ست دکوراتیو داشبورد و دستگیره خودرو چیکال مدل پیانویی مناسب پژو 207 شامل 12 تکه، ساخته شده از پلاستیک مقاوم با رنگ شرکتی، ضد خش، ضد آب و نور آفتاب، دارای نصب ساده و قابلیت شستشو","[object Object]","ارسال سریع دیجی‌کالا","۴.۸","[object Object]","۹,۵۹۵,۷۲۰","","پیچ چرخ ضد سرقت چیکال مدل M-18 مناسب برای پراید و سایپا پراید 111، 131، 132، 141، 151، صبا و نسیم با سایز 12x1.5، شامل 4 عدد پیچ و 2 عدد قفل باز کن جهت افزایش امنیت رینگ خودرو","ارسال ۳ ساعته فروشنده","۳.۸","[object Object]","۹۹۱,۶۱۰","[object Object]","","[object Object]","ارسال فروشنده","","","","","",""
"https://dkstatics-public.digikala.com/digikala-products/cc3e89c60c53c2bf8a26645c3c3b9f728adcbeb1_1641450789.jpg?x-oss-process=image/resize,m_lfit,h_600,w_600/quality,q_90","قاب دور فرمان خودرو مدل 26554 مناسب برای پژو 405 و پژو پارس","موجود در انبار دیجی کالا","۴.۲","۷۶۲,۷۸۰","https://dkstatics-public.digikala.com/digikala-products/a1824835cc209cc5e3644b00764b0c021e5ff50f_1664872120.jpg?x-oss-process=image/resize,m_lfit,h_600,w_600/quality,q_90","جاسوئیچی خودرو فلزی مدل چراغ راهنمایی با ابعاد 10x2x1 سانتی‌متر و وزن 250 گرم","[object Object]","ارسال فروشنده","۴.۲","[object Object]","۱۳۰,۰۰۰","https://dkstatics-public.digikala.com/digikala-products/a6d64f3384fda1e4133a8503c303c8860eed49b7_1687102310.jpg?x-oss-process=image/resize,m_lfit,h_600,w_600/quality,q_90","سر دنده پلاستیکی مدل DAN-PEYKAN-30494 مناسب برای وانت پیکان و پیکان","تنها ۱ عدد در انبار باقی مانده","۳.۹","۱۴۰,۰۰۰","https://dkstatics-public.digikala.com/digikala-products/113912949.jpg?x-oss-process=image/resize,m_lfit,h_600,w_600/quality,q_90","پارکابی چرمی خودرو مناسب کوئیک مدل SK039 مجموعه 4 عددی با چسب یک تکه ضد نفوذ آب و خاک، ضد خش، رنگ ثابت، قابل شستشو و اتصال کامل به رکاب بدون برجستگی و گیرکردن لباس","[object Object]","موجود در انبار دیجی کالا","۴","[object Object]","۱۹۰,۸۶۰","https://dkstatics-public.digikala.com/digikala-products/066195b5739bfe734174c8e26c6edf691b8e34ae_1709051774.jpg?x-oss-process=image/resize,m_lfit,h_600,w_600/quality,q_90","قفل رینگ خودرو ضد سرقت مدل CarBar_065 مناسب برای سمند، سمند سورن، دنا و دنا پلاس با رینگ آلومینیومی فابریک، بسته 4 عددی همراه با 2 عدد آچار مخصوص","","۳.۷","[object Object]","۱,۱۹۵,۰۰۰","[object Object]","[object Object]","[object Object]","موجود در انبار دیجی کالا","","","","","",""
"https://dkstatics-public.digikala.com/digikala-products/0dfa3359dbded6407d51c554cc3c290bac88b4e8_1629742038.jpg?x-oss-process=image/resize,m_lfit,h_600,w_600/quality,q_90","دستمال نظافت خودرو نانو مدل n05 با ابعاد 50 در 40 سانتی‌متر، قابلیت تمیزکنندگی بدون لکه و خش، شستشوی مکرر با ماشین لباسشویی، جذب بالای آلودگی و بدون نیاز به مواد شوینده","ارسال فروشنده","۴","۲۱۹,۸۲۰","https://dkstatics-public.digikala.com/digikala-products/a0ca51da56c20d0568e7e2335c9e601e2507f7f8_1761241642.jpg?x-oss-process=image/resize,m_lfit,h_600,w_600/quality,q_90","اسپری موتورشوی کاسپین مدل تریگر حجم 500 میلی‌لیتر مقاوم در برابر گرما و سرما با قابلیت تمیزکنندگی و براق‌کنندگی سریع برای سطوح موتور، پلاستیکی و فلزی خودرو","[object Object]","موجود در انبار دیجی کالا","۳.۹","[object Object]","۳۹۸,۰۸۰","https://dkstatics-public.digikala.com/digikala-products/ba506df60fa810a528228c102cfb4154d319afd1_1664484938.jpg?x-oss-process=image/resize,m_lfit,h_600,w_600/quality,q_90","برچسب بدنه خودرو لیزارد مدل آفرود طرح نشنال جئوگرافیک با نصب آسان و جداشدن بدون آسیب به بدنه، طراحی دقیق و برش با کیفیت","تنها ۱ عدد در انبار باقی مانده","۳.۸","۲۰۹,۱۶۰","https://dkstatics-public.digikala.com/digikala-products/e0dea833eeb52cc283403d36f6122fba77da6d3f_1728457198.jpg?x-oss-process=image/resize,m_lfit,h_600,w_600/quality,q_90","پد محافظ کلید روی فرمان خودرو وارون مدل P-750 مناسب پژو 207، پارس، رانا و رانا پلاس بسته 12 عددی کریستال برجسته بیرنگ با چسب مخصوص ضد خط و خش و ضد حرارت","[object Object]","موجود در انبار دیجی کالا","۳.۹","[object Object]","۲۹۹,۰۲۰","https://dkstatics-public.digikala.com/digikala-products/9ad3349e51ebf5524d11dd78d92b217ac3845bfc_1701606400.jpg?x-oss-process=image/resize,m_lfit,h_600,w_600/quality,q_90","خرک خودرو مکانیکی مجموعه 2 عددی ظرفیت 4 تن ارتفاع 50 سانتی‌متر مناسب برای تمام خودروها مدل HIDRO 4 TON","","۴","[object Object]","۲,۸۵۰,۰۰۰","[object Object]","[object Object]","[object Object]","موجود در انبار دیجی کالا","https://www.digikala.com/statics/img/svg/productCard/topBadge/SpecialSell.svg","","۱۳٪","۴۶۰,۰۰۰","۱۷٪","۲۵۱,۱۲۰"
"","صفحه کیلومتر پلاستیکی خودرو مناسب برای پژو پارس داشبورد جدید مدل گاندو کد 10 با نور سفید برای کاهش خستگی چشم و افزایش زیبایی کابین","ارسال فروشنده","۳.۷","۴۱۰,۰۰۰","","محافظ ضدسرقت درب و کاپوت خودرو مناسب انواع پراید شامل 131، 132، 141، 151 وانت، X100، صبا و نسیم، بسته 5 عددی","[object Object]","ارسال سریع دیجی‌کالا","۴","[object Object]","۳۰۰,۰۰۰","","آویز تزئینی خودرو طرح اسکلت مدل BET-800 مجموعه 2 عددی مناسب آینه و دستگیره خودرو با طراحی متحرک و جذاب","تنها ۱ عدد در انبار باقی مانده","۳.۷","۱۳۹,۰۰۰","","چشمی شیشه‌شور خودرو چیکال مدل CH 0078 مناسب برای تمام مدل‌های پراید، بسته 2 عددی","[object Object]","ارسال سریع دیجی‌کالا","۳.۸","[object Object]","۱۰۰,۹۷۰","","دوربین دنده عقب مدل AHD-1080p با کیفیت تصویر FULL HD 2 مگاپیکسل، زاویه دید 170 درجه، ضد آب و نصب آسان بالای پلاک خودرو مناسب برای انواع خودروها","","۳.۷","[object Object]","۱,۵۰۰,۰۰۰","[object Object]","","[object Object]","موجود در انبار دیجی کالا","","","","","",""
"","قلم خشگیر بدنه خودرو اسمارت پن رنگ نوک مدادی پژو کد 67985 حجم 15 میلی لیتر","موجود در انبار دیجی کالا","۳.۷","۵۹۰,۰۰۰","","پارکابی چرمی خودرو مناسب برای رنو مگان کد SK035 مجموعه 4 عددی، ضد خش، چسب یک تکه ضد نفوذ آب و خاک، قابل شستشو، رنگ ثابت و اتصال کامل به رکاب بدون برجستگی","[object Object]","موجود در انبار دیجی کالا","۳.۸","[object Object]","۲۲۳,۷۹۰","","کورکن داخل دستگیره در خودرو چیکال مدل K-63G مناسب برای تیبا، تیبا 2 و کیا ریو، بسته 10 عددی، سازگار با دستگیره در خاکستری رنگ","موجود در انبار دیجی کالا","۳.۷","۱۴۶,۶۰۰","","آفتابگیر خودرو کرکره‌ای مدل SX مناسب شیشه جلو با سایز 42 سانتی‌متر، جنس پلاستیک، دفع کننده اشعه مضر UV و خنک نگه داشتن اتاق خودرو برای راحتی راننده هنگام رانندگی","[object Object]","موجود در انبار دیجی کالا","۳.۷","[object Object]","۳۷۵,۰۰۰","","برچسب دودی چراغ عقب خودرو کوکلان مدل ba207 مناسب پژو 207، برش لیزری دقیق و نصب آسان بدون نیاز به ابزار","","۳.۷","[object Object]","۱۹۰,۰۰۰","[object Object]","","[object Object]","ارسال سریع دیجی‌کالا","","[object Object]","","","",""
"","برچسب خطر عقب خودرو کالانیکس مدل PD-DENAP-10623 مناسب برای دنا پلاس، پلاستیکی مقاوم در برابر آب، مجموعه 4 عددی","موجود در انبار دیجی کالا","۴.۷","۳۵۰,۰۰۰","","سردنده کاور پلاس مدل P5-SLX به همراه گردگیر و روکش فرمان و روکش ترمز دستی و کاور سوئیچ مناسب برای پژو 405","[object Object]","موجود در انبار دیجی کالا","۳.۷","[object Object]","۷۵۰,۰۰۰","","پشت گردنی صندلی خودرو مدل آلکانترا 2026","","۴.۷","۳,۹۲۶,۴۰۰","","مشکل گشا مدل AH-50","[object Object]","موجود در انبار دیجی کالا","۴.۷","[object Object]","۱۹۹,۰۰۰","","برچسب روی فلاشر خودرو مناسب پژو 206 مدل 01 با قابلیت نصب آسان و مقاومت در برابر حرارت و رطوبت","ارسال ۳ ساعته فروشنده","۳.۸","[object Object]","۸۹,۰۰۰","[object Object]","[object Object]","[object Object]","موجود در انبار دیجی کالا","","","۵۲٪","۸,۱۸۰,۰۰۰","",""
"https://dkstatics-public.digikala.com/digikala-products/0138dcca6d4562f9694baa35e75f72eabf3bd2d7_1670928075.jpg?x-oss-process=image/resize,m_lfit,h_600,w_600/quality,q_90","کفپوش سه بعدی خودرو پانیذ مدل پشت نمدی MHLB N مناسب سمند با رویه پلی‌اورتان مقاوم در برابر مایعات و تغییر شکل، طراحی قالب‌خورده و ضد لغزش، ساخت ایران و قابل نظافت آسان","ارسال فروشنده","۳.۵","۱,۳۸۰,۰۰۰","https://dkstatics-public.digikala.com/digikala-products/ff80dd2e37478b38d45ccfe683b34093c9a3085c_1701089896.jpg?x-oss-process=image/resize,m_lfit,h_600,w_600/quality,q_90","مایع رفع پنچری لاستیک شیمل مدل H14 مخصوص لاستیک بدون تیوب خودروهای سبک، سنگین و موتورسیکلت، حجم 100ml، بدون نیاز به جدا کردن چرخ، رفع دائم پنچری و خنک‌کننده لاستیک","[object Object]","موجود در انبار دیجی کالا","۳.۷","[object Object]","۱۳۵,۰۰۰","https://dkstatics-public.digikala.com/digikala-products/a729651027bc7c34a9134e5017761d0b118306e8_1741436890.jpg?x-oss-process=image/resize,m_lfit,h_600,w_600/quality,q_90","روکش پدال خودرو مدل Yazdi - RC بسته ۳ عددی","موجود در انبار دیجی کالا","۳.۶","۵۵۰,۰۰۰","https://dkstatics-public.digikala.com/digikala-products/0a619a8af44dcbde41d97e23ca1cb12d09dd7b42_1743270773.jpg?x-oss-process=image/resize,m_lfit,h_600,w_600/quality,q_90","رله 5 فیش دیاکو مدل 80 آمپر فیوز دار کد bbz-1672","[object Object]","موجود در انبار دیجی کالا","۴.۵","[object Object]","۳۵۴,۱۶۰","https://dkstatics-public.digikala.com/digikala-products/9811ba9c064389d9d82e36589770b7fefea3aeb3_1738325193.jpg?x-oss-process=image/resize,m_lfit,h_600,w_600/quality,q_90","بست سیم خودرو طرح کمربندی مدل خاردار بسته 5 عددی","","۴.۶","[object Object]","۹۰,۰۰۰","[object Object]","","[object Object]","ارسال سریع دیجی‌کالا","https://www.digikala.com/statics/img/svg/productCard/topBadge/SpecialSell.svg","[object Object]","۳۱٪","۲,۰۰۰,۰۰۰","",""
"https://dkstatics-public.digikala.com/digikala-products/1128401d52303c946db80bc619fb76b39cd1441b_1760894567.jpg?x-oss-process=image/resize,m_lfit,h_600,w_600/quality,q_90","قاب ایربگ فرمان خودرو مدل دیکات مناسب برای ساینا و کوییک","ارسال سریع دیجی‌کالا","۳.۶","۱,۴۹۶,۰۰۰","https://dkstatics-public.digikala.com/digikala-products/c487c2be0d6d55bffe3abb0e4738205d7552d3a3_1636888505.jpg?x-oss-process=image/resize,m_lfit,h_600,w_600/quality,q_90","کنسول وسط خودرو سایپایی مدل 4 لیوان با 5 محفظه، جنس پلاستیک فشرده و فلز، نصب فابریک بدون مزاحمت برای سرنشینان عقب، جا لیوانی‌های جداشونده، مناسب غیر Quick، ابعاد 27x18x15 سانتیمتر","[object Object]","موجود در انبار دیجی کالا","۳.۵","[object Object]","۶۶۰,۰۰۰","https://dkstatics-public.digikala.com/digikala-products/b86eeaa57baf59448c7e65fafe3c68ece97728e9_1713521786.jpg?x-oss-process=image/resize,m_lfit,h_600,w_600/quality,q_90","استیکر خودرو پویا مارکت مدل wanted چاپ وینیل با روکش لمینت، ضد آب و خش، مقاوم در برابر نور آفتاب","موجود در انبار دیجی کالا","۴.۶","۹۵,۰۰۰","https://dkstatics-public.digikala.com/digikala-products/0dd0a9a9609c3be489a57371c4dca7dd83df53dc_1666727621.jpg?x-oss-process=image/resize,m_lfit,h_600,w_600/quality,q_90","جاسوئیچی خودرو مدل PE1Q مناسب برای پژو 405","[object Object]","ارسال فروشنده","۴.۷","[object Object]","۳۳۵,۲۲۰","https://dkstatics-public.digikala.com/digikala-products/e53a3972d57c25d6819661257c489a995a9ec166_1727455985.jpg?x-oss-process=image/resize,m_lfit,h_600,w_600/quality,q_90","قاب دور دنده خودرو بیلگین طرح استیل مدل S-111 مناسب برای پراید 131","","۳.۵","[object Object]","۲۵۸,۰۰۰","[object Object]","","[object Object]","ارسال سریع دیجی‌کالا","","[object Object]","","","",""
"https://dkstatics-public.digikala.com/digikala-products/7e6e942341949918b24fb410b40d71ecb4fa929f_1651739611.jpg?x-oss-process=image/resize,m_lfit,h_600,w_600/quality,q_90","برچسب ستون خودرو آرسی زد اسپرت مدل Glossy2022 مناسب برای تیبا، تیبا2، ساینا و کوئیک، مجموعه 4 عددی با برش دقیق و نصب آسان، پوشش فابریکی درب‌های جلو و عقب، مدل براق","موجود در انبار دیجی کالا","۳.۶","۳۵۰,۰۰۰","https://dkstatics-public.digikala.com/digikala-products/114854106.jpg?x-oss-process=image/resize,m_lfit,h_600,w_600/quality,q_90","کاور جاسوئیچی چرم دست دوز مناسب برای ریموت خودرو سمند سورن مدل LC-E115 با حکاکی و برش لیزری، حلقه تخت سه سانتی و پیچ ضد زنگ، نخ موم زده ترک، محافظت در برابر ضربه و گرد و غبار، نصب آسان","[object Object]","ارسال فروشنده","۳.۵","[object Object]","۹۹,۰۰۰","https://dkstatics-public.digikala.com/digikala-products/4906eea07078e465e50ec31a88781e6aa635f227_1750968275.jpg?x-oss-process=image/resize,m_lfit,h_600,w_600/quality,q_90","جک سوسماری خودرو هیدرولیک هاربر مدل H1101 با ظرفیت 2 تن، بدنه فولادی ضد زنگ، چرخ‌های گردان عقب، سته چرخشی 360 درجه، ارتفاع 14 تا 34 سانتی‌متر، دارای روکش ضد لغزش و کیف BMC مقاوم","","۴.۵","۷,۴۰۰,۰۰۰","https://dkstatics-public.digikala.com/digikala-products/112110055.jpg?x-oss-process=image/resize,m_lfit,h_600,w_600/quality,q_90","نوار کمربند ایمنی خودرو قرمز طول 3.3 متر مناسب برای تمام خودروها مدل NR-1388 یک رول","[object Object]","ارسال سریع دیجی‌کالا","۴.۴","[object Object]","۲۴۷,۵۰۰","https://dkstatics-public.digikala.com/digikala-products/1618854.jpg?x-oss-process=image/resize,m_lfit,h_600,w_600/quality,q_90","کمپرسور باد فندکی تورنادو مدل AC580 با فشار حداکثر 150 بار، دبی هوا 35 مترمکعب بر ساعت، دارای شلنگ یک متری، سه عدد سوزن نصب روی نازل و نشانگر فشار PSI و بار","ارسال ۳ ساعته فروشنده","۳.۵","[object Object]","۳,۸۲۰,۰۰۰","[object Object]","[object Object]","[object Object]","ارسال سریع دیجی‌کالا","https://www.digikala.com/statics/img/svg/productCard/topBadge/SpecialSell.svg","","۱۰٪","۱۱۰,۰۰۰","",""
"https://dkstatics-public.digikala.com/digikala-products/1694e0492036dbe2d3bb4a39372224035dbe66e5_1708852982.jpg?x-oss-process=image/resize,m_lfit,h_600,w_600/quality,q_90","پارکابی خودرو طرح چرم مناسب تارا مجموعه 4 عددی محافظت از رکاب در برابر خط و خش و کثیفی با ضخامت استاندارد","موجود در انبار دیجی کالا","۳.۴","۲۴۱,۲۶۰","https://dkstatics-public.digikala.com/digikala-products/a5fb3116f17b52dcefb7850beb5e1be6379c74b9_1749460266.jpg?x-oss-process=image/resize,m_lfit,h_600,w_600/quality,q_90","کارواش دینامی 300 بار 4500 وات دلیکس کد 300BAR","[object Object]","موجود در انبار دیجی کالا","۴.۴","[object Object]","۲۷,۰۰۰,۰۰۰","https://dkstatics-public.digikala.com/digikala-products/15ab526e6f3de3b49245ef9c0c6a7f930d79f45f_1741298251.jpg?x-oss-process=image/resize,m_lfit,h_600,w_600/quality,q_90","کاور ریموت خودرو مدل Stil مناسب برای هایما S7 با جنس استیل، آلومینیوم، فلز و سیلیکون مقاوم در برابر ضربه و افزایش طول عمر ریموت","","۴.۴","۷۳۰,۰۰۰","https://dkstatics-public.digikala.com/digikala-products/02af5b9f809848e09b5c58c7d3543d44ab327d46_1768225411.jpg?x-oss-process=image/resize,m_lfit,h_600,w_600/quality,q_90","کاور ریموت خودرو ام آر جی مدل zh_09 مناسب برای پژو 206 و پژو 207 با طراحی اسپرت، جنس فلز و سیلیکون مقاوم، محافظت در برابر ضربه و خط و خش و بند سه‌رنگ جذاب","[object Object]","ارسال فروشنده","۴.۴","[object Object]","۱,۳۳۶,۱۶۰","https://dkstatics-public.digikala.com/digikala-products/f2451496bb50bde95e88dc28824173f31fb8a84a_1704561188.jpg?x-oss-process=image/resize,m_lfit,h_600,w_600/quality,q_90","رد لاین چسبی داشبورد پژو 207 برند پهلوان مدل rP1 پلاستیکی با چسب دو طرفه قوی و مقاومت در برابر دما","ارسال ۳ ساعته فروشنده","۴.۳","[object Object]","۱۲۵,۰۰۰","[object Object]","","[object Object]","موجود در انبار دیجی کالا","","","","","",""
"https://dkstatics-public.digikala.com/digikala-products/fbeb4efc5e24b35896428bbf96e82e4c75968030_1682665202.jpg?x-oss-process=image/resize,m_lfit,h_600,w_600/quality,q_90","عایق نمدی کاپوت خودرو پژو 405 مدل Idea405 کاهش 25 درصد صدای موتور، جلوگیری از تغییر رنگ و نفوذ روغن و آب به باتری، بهبود عملکرد کولر و بخاری، قابل شست‌وشو، ابعاد 130x90x3 سانتی‌متر","موجود در انبار دیجی کالا","۴.۴","۱,۴۱۷,۹۴۰","https://dkstatics-public.digikala.com/digikala-products/6626e9ba3f7b2bb0e0107a69cf301cf57ff3750d_1752249375.jpg?x-oss-process=image/resize,m_lfit,h_600,w_600/quality,q_90","آینه وسط خودرو محدب طرح خیلی خم با زاویه دید 5 برابری، مقاوم در برابر ضربه، نصب آسان به‌صورت فابریکی، مناسب برای تمام خودروها، جنس پلاستیکی","[object Object]","موجود در انبار دیجی کالا","۴.۳","[object Object]","۱,۷۲۰,۰۰۰","https://dkstatics-public.digikala.com/digikala-products/5f76ebb4c2789b4af7658e45dd7d9b7964a666fd_1736159562.jpg?x-oss-process=image/resize,m_lfit,h_600,w_600/quality,q_90","فوم و فنر کفی صندلی خودرو مدل O110 مناسب پژو 206، پژو 207، رانا و رانا پلاس با فوم سرد شرکتی درجه یک و فنر نشیمنگاه صندلی جلو برای افزایش راحتی و جلوگیری از درد کمر","","۴.۴","۱,۵۹۰,۰۰۰","https://dkstatics-public.digikala.com/digikala-products/131141109c86dc6ccdadb8c7a42cddf271e74937_1771160946.jpg?x-oss-process=image/resize,m_lfit,h_600,w_600/quality,q_90","روکش صندلی خودرو مارال مدل پرایم کد 6511 مناسب پژو 206 و 207، چرم صنعتی درجه یک، ست کامل جلو و عقب، ضدتعریق، سازگار با ایربگ جانبی، دوخت صنعتی، ساخت ایران","[object Object]","ارسال فروشنده","۴.۴","[object Object]","۱۳,۶۳۲,۵۰۰","https://dkstatics-public.digikala.com/digikala-products/951a0f924bb7b09b07aa774c5435b5dce7880701_1728193950.jpg?x-oss-process=image/resize,m_lfit,h_600,w_600/quality,q_90","روکش فرمان دوختی فرمونو مدل بازودار طرح کلاسیک مناسب برای ال نود","ارسال ۳ ساعته فروشنده","۴.۴","[object Object]","۱,۶۰۰,۰۰۰","[object Object]","[object Object]","","","","","","","",""
"https://dkstatics-public.digikala.com/digikala-products/112914021.jpg?x-oss-process=image/resize,m_lfit,h_600,w_600/quality,q_90","زیر سیگاری خودرو مدل HT068","ارسال سریع دیجی‌کالا","۳.۴","۴۹۰,۰۰۰","https://dkstatics-public.digikala.com/digikala-products/485e581294944db8f8ce90a6c2c8e6a1fb8248d6_1717349225.jpg?x-oss-process=image/resize,m_lfit,h_600,w_600/quality,q_90","رله تقویت کوئل خودرو مدل 80A مناسب برای سمند EF7","[object Object]","ارسال فروشنده","۴.۴","[object Object]","۴۰۰,۰۰۰","https://dkstatics-public.digikala.com/digikala-products/4ea203cc07e23c852ba9d9dba1f775e5e56c5254_1770724352.jpg?x-oss-process=image/resize,m_lfit,h_600,w_600/quality,q_90","ماکت و پد دکمه فرمان خودرو چیکال مدل K-499 مناسب پژو پارس و پژو 207 و رانا، بسته 16 عددی، ضدخش، مقاوم در برابر دما، نور خورشید و آب، نصب آسان با چسب بی‌رنگ","موجود در انبار دیجی کالا","۳.۴","۲۹۵,۱۱۰","https://dkstatics-public.digikala.com/digikala-products/db81947b5343e6897b4398ba45f070e5389a2936_1667840609.jpg?x-oss-process=image/resize,m_lfit,h_600,w_600/quality,q_90","غربیلک فرمان خودرو مدل 598 مناسب برای پراید 132 با طراحی ارگونومیک و ساختار مقاوم","[object Object]","ارسال فروشنده","۴.۴","[object Object]","۲,۶۲۲,۱۲۰","https://dkstatics-public.digikala.com/digikala-products/2a2819523172770042f2a0cbc21551a2cdadbef3_1649313501.jpg?x-oss-process=image/resize,m_lfit,h_600,w_600/quality,q_90","قاب وسط فرمان خودرو چیکال مدل CH-1 مناسب برای سایپا پراید 141 با رنگ خاکستری و نصب آسان","","۳.۳","[object Object]","۴۴۵,۱۲۰","[object Object]","","[object Object]","موجود در انبار دیجی کالا","","[object Object]","","","",""
"https://dkstatics-public.digikala.com/digikala-products/f79f309e27779a5ab66dfe4e855dc8a5a693c5e9_1717698350.jpg?x-oss-process=image/resize,m_lfit,h_600,w_600/quality,q_90","خار نمد صندوق خودرو بیلگین مدل sam-1 مناسب برای سمند، سمند LX، سمند سورن و سمند سورن پلاس، نصب آسان با دست، بسته 24 عددی","موجود در انبار دیجی کالا","۴.۲","۱۵۰,۰۰۰","https://dkstatics-public.digikala.com/digikala-products/fc78b244bac2087c43be927c46fc6e62c0aacae8_1739540086.jpg?x-oss-process=image/resize,m_lfit,h_600,w_600/quality,q_90","ریش سپر خودرو قطعه سازان کبیر مدل RIS-206-3010311 مناسب برای پژو 206","[object Object]","موجود در انبار دیجی کالا","۴.۳","[object Object]","۲۹۰,۰۰۰","https://dkstatics-public.digikala.com/digikala-products/64fdae23c296d9433d80916ea07c589be9fc3d9f_1723015759.jpg?x-oss-process=image/resize,m_lfit,h_600,w_600/quality,q_90","درب موتور برف پاکن خودرو مناسب برای پراید مدل PNW1452 با قابلیت آبندی دقیق و اتصال پلاتین به چرخ دنده برای عملکرد بهینه و نصب آسان با چکش پلاستیکی","تنها ۱ عدد در انبار باقی مانده","۴.۳","۴۷۱,۸۸۰","https://dkstatics-public.digikala.com/digikala-products/094697bda1b4bb49f5cae6b08ab14ce2fda2f3c6_1654936648.jpg?x-oss-process=image/resize,m_lfit,h_600,w_600/quality,q_90","اسپری پولیش داشبورد خودرو کاسپین مدل کوهستان حجم 300 میلی‌لیتر با خاصیت براق‌کنندگی، آنتی استاتیک و خوشبوکننده مناسب برای داشبورد و قطعات پلاستیکی داخل کابین خودرو","[object Object]","موجود در انبار دیجی کالا","۴.۳","[object Object]","۳۱۲,۰۰۰","https://dkstatics-public.digikala.com/digikala-products/0dd7930ab04ca88c3ba0dd258f9bc24dc266e25f_1683279380.jpg?x-oss-process=image/resize,m_lfit,h_600,w_600/quality,q_90","کیف نظم‌دهنده صندوق عقب خودرو، مدل Earth از پارچه فوتر نمدی ضخیم با فوم جداگانه 1 سانتیمتری، دارای 3 محفظه و دستگیره برزنتی بلند برای حمل آسان، مناسب برای تمام خودروها و ابعاد 30x25x45 سانتی‌متر","ارسال ۳ ساعته فروشنده","۴.۳","[object Object]","۱,۲۷۰,۰۰۰","[object Object]","","","","https://www.digikala.com/statics/img/svg/productCard/topBadge/SpecialSell.svg","","۱۵٪","۱,۵۰۰,۰۰۰","",""
"","آفتابگیر شیشه جلو خودرو بیهقی طرح جیوه ای مدل 56CM","موجود در انبار دیجی کالا","۴.۲","۹۲۸,۰۰۰","","رابط زبانه کمربند ایمنی خودرو مدل B-5 بسته 5 عددی، فری سایز، نصب آسان بدون نیاز به ابزار، مناسب تمام خودروهای بنزینی، دیزلی، دوگانه سوز و برقی","[object Object]","موجود در انبار دیجی کالا","۴.۲","[object Object]","۴۷۳,۱۰۰","","خار قاب دور ضبط فلزی یدک چی مدل 30213 مناسب برای سایپا پراید X100، 111، 131، 132 و وانت 151 بسته 10 عددی با نصب آسان و استحکام بالا","موجود در انبار دیجی کالا","۴.۳","۱۲۵,۰۰۰","","درپوش فیلتر روغن سیف مدل DA04021 آلومینیومی سوپاپ دار مناسب برای پژو 206 و 207","[object Object]","ارسال فروشنده","۴.۳","[object Object]","۶۲۴,۰۰۰","","درب رادیاتور خودرو قطعه سازان کبیر مدل RAD-QUICK-30477 مناسب برای کوییک","","۴.۳","[object Object]","۱۹۹,۰۰۰","[object Object]","","[object Object]","ارسال فروشنده","","[object Object]","۵٪","۴۹۸,۰۰۰","۴٪","۶۵۰,۰۰۰"
"","مغزی کیت دسته راهنما خودرو پراید مدل 008 مناسب تعویض مغزی بدون نیاز به تعویض کامل، جلوگیری از آسیب به سایر قطعات دسته راهنما، ابعاد 45x10x30 میلیمتر","موجود در انبار دیجی کالا","۴.۱","۲۹۲,۸۱۰","","روکش صندلی خودرو ادا روکش مدل سناتور مناسب پژو پارس و 405 قدیم با جنس چرم ضخیم ضد خش، 12 تکه کامل شامل پشت گردنی طبی، جا موبایلی جلو و عقب، پد طبی نشیمن و الگوی متناسب با فریم صندلی","[object Object]","ارسال فروشنده","۴.۲","[object Object]","۵,۷۲۲,۵۲۰","","چادر خودرو شمعی لوکس سهیل مدل شمعی مناسب کوییک، ضدآب و گردوغبار، بسیار سبک با وزن کمتر از 1 کیلوگرم، دارای محل قرارگیری آیینه‌های جانبی و پارچه پلی‌استر پشت نقره مقاوم در برابر نور خورشید","تنها ۲ عدد در انبار باقی مانده","۳.۲","۳,۳۰۰,۰۰۰","","فنر صندوق عقب خودرو قطعه سازان کبیر مدل FNR-405-843 مناسب برای پژو 405","[object Object]","موجود در انبار دیجی کالا","۴.۲","[object Object]","۱۷۰,۰۰۰","","جک خودرو کامل مدل APG2 ظرفیت 1 تن مناسب برای انواع خودروهای گروه ایران خودرو، وزن 4 کیلوگرم، ارتفاع 25 سانتی‌متر در حالت باز شده و 8 سانتی‌متر در حالت جمع شده","ارسال ۳ ساعته فروشنده","۴.۲","[object Object]","۱,۵۹۰,۰۰۰","[object Object]","[object Object]","","","","","۳۴٪","۵,۰۰۰,۰۰۰","۱۸٪","۱,۹۵۰,۰۰۰"
"","سردنده چرمی مدل SA-K مناسب برای خودرو سمند و سمند LX به همراه گردگیر دنده، گردگیر ترمز دستی و روکش ترمز دستی نرم و خوش‌دست دوخته شده با نخ ترک و برش لیزری","ارسال سریع دیجی‌کالا","۴.۲","۴۸۵,۰۰۰","","ساعت داشبوردی خودرو مدل G23 با جنس آلومینیوم و استیل، نصب آسان با چسب دولایه، باتری قابل تعویض، عقربه شبرنگ و مناسب تمامی خودروها به خصوص خودروهای بدون ساعت","[object Object]","موجود در انبار دیجی کالا","۳.۲","[object Object]","۶۷۸,۴۶۰","","برچسب روی فلاشر خودرو کالانیکس مدل BAR-206-10288 مناسب پژو 206، جنس پلاستیک، مقاوم در برابر آب، مجموعه 2 عددی","","۴.۱","۷۶,۸۷۰","","رول 2 متری برچسب آبی سرامیکی مخصوص چراغ خودرو کد 110 مقاوم در برابر ضربه، جلوگیری از کدر شدن و محافظت در برابر تشعشعات نور خورشید","[object Object]","موجود در انبار دیجی کالا","۴.۲","[object Object]","۲۹۲,۴۹۰","","پرکننده فضای بین صندلی خودرو لاستیکی بسته 2 عددی مناسب تمامی خودروهای چینی و خارجی با ابعاد 41x7x5 سانتی‌متر، دارای جای موبایل و دسته کلید، فوم فشرده و انعطاف‌پذیر برای جلوگیری از افتادن اشیا و افزایش نظم داخل اتاق خودرو","ارسال ۳ ساعته فروشنده","۳.۲","[object Object]","۴۵۰,۰۰۰","[object Object]","[object Object]","[object Object]","ارسال سریع دیجی‌کالا","","","۱۰٪","۸۵,۴۱۰","۳۳٪","۴۳۶,۹۹۰"
"","میکرو رله 4 فیش 40 آمپر پاسیکو مدل P2533","موجود در انبار دیجی کالا","۴.۲","۲۲۷,۰۵۰","","اسپری تمیز کننده لاستیک خودرو واکس ستاره مدل F حجم 650 میلی لیتر","[object Object]","ارسال فروشنده","۴.۲","[object Object]","۲۴۱,۹۱۰","","رله 5 پایه خودرو 12 ولت 80 آمپر دو پلاتین مناسب بوق، فن و دزدگیر برای تمام خودروها","موجود در انبار دیجی کالا","۴.۳","۱۹۵,۰۰۰","","محافظ مانیتور و دکمه‌های جانبی مانیتور مدل PH-j84 مناسب برای دنا مجموعه 7 عددی","[object Object]","موجود در انبار دیجی کالا","۴.۲","[object Object]","۱۸۹,۰۵۰","","برچسب چراغ عقب خودرو کوکلان مدل sha1 مناسب برای شاهین مجموعه 4 عددی","","۴.۲","[object Object]","۱۷۰,۰۰۰","[object Object]","","[object Object]","ارسال فروشنده","","[object Object]","۵٪","۲۳۹,۰۰۰","۵٪","۱۹۹,۰۰۰"
"","خوشبوکننده هوای خودرو و محیط گرین لاین مدل GNALFRDI130BK با حجم 130 میلی لیتر، رایحه Black، قابلیت تنظیم شدت رایحه، چند حالت زمان‌بندی اسپری، باتری 200 میلی‌آمپر ساعتی و شارژ از طریق درگاه تایپ‌سی","ارسال سریع دیجی‌کالا","۴.۱","۳,۶۴۱,۳۰۰","","کمپرسور هوا شارژی هاردکس مدل CA-U1 با توان 50 وات، فشار حداکثر 150 PSI، دبی هوا 15 مترمکعب بر ساعت، ولتاژ 7.2 ولت، بدون روغن، دارای صفحه نمایش، فشارسنج و شلنگ همراه کابل شارژ، سوزن و نازل","[object Object]","موجود در انبار دیجی کالا","۳.۶","[object Object]","۲۸۰,۰۰۰","","گردگیر دنده چرمی مناسب برای خودرو لیفان 620 مدل TBT003LIFAN620 ضد گرد و خاک با ابعاد 22x19x17 سانتی‌متر و طراحی برای محافظت محفظه لیور دنده","&nbsp;","۴.۲","۹۰۵,۵۶۰","","بوق خودرو حلزونی چیکال مدل M-65 مناسب سمند مجموعه 2 عددی با کیفیت ساخت برند چیکال","[object Object]","موجود در انبار دیجی کالا","۴","[object Object]","۷۵۰,۰۰۰","","کاور ریموت خودرو فلزی با روکش کروم مناسب برای تارا و دنا پلاس، مقاوم در برابر ضربه و خط و خش، پوشش سیلیکونی با نوار شب‌ رنگ برای محافظت 360 درجه و قابلیت نصب آسان","","۴.۱","[object Object]","ناموجود","","[object Object]","[object Object]","ارسال فروشنده","","","۲۲٪","۴,۶۸۳,۶۰۰","۲۰٪","۳۵۰,۰۰۰"
"https://dkstatics-public.digikala.com/digikala-products/492087c5604b34201cbf493b4081236d9b4c9342_1720772556.jpg?x-oss-process=image/resize,m_lfit,h_600,w_600/quality,q_90","آفتابگیر شیشه جلو خودرو بیهقی طرح جیوه ای مدل 56CM","موجود در انبار دیجی کالا","۴.۲","۹۲۸,۰۰۰","https://dkstatics-public.digikala.com/digikala-products/9c652c8347dac4b4a6c6fb24bfe2e2b0b5bfb22c_1757499029.jpg?x-oss-process=image/resize,m_lfit,h_600,w_600/quality,q_90","رابط زبانه کمربند ایمنی خودرو مدل B-5 بسته 5 عددی، فری سایز، نصب آسان بدون نیاز به ابزار، مناسب تمام خودروهای بنزینی، دیزلی، دوگانه سوز و برقی","[object Object]","موجود در انبار دیجی کالا","۴.۲","[object Object]","۴۷۳,۱۰۰","https://dkstatics-public.digikala.com/digikala-products/7aefe2ed049c202499b707b36d064664aa74646d_1762705792.jpg?x-oss-process=image/resize,m_lfit,h_600,w_600/quality,q_90","خار قاب دور ضبط فلزی یدک چی مدل 30213 مناسب برای سایپا پراید X100، 111، 131، 132 و وانت 151 بسته 10 عددی با نصب آسان و استحکام بالا","موجود در انبار دیجی کالا","۴.۳","۱۲۵,۰۰۰","https://dkstatics-public.digikala.com/digikala-products/1a2b01fa9b787387f6aee6d4f3c295fc09e9f280_1749832378.jpg?x-oss-process=image/resize,m_lfit,h_600,w_600/quality,q_90","درپوش فیلتر روغن سیف مدل DA04021 آلومینیومی سوپاپ دار مناسب برای پژو 206 و 207","[object Object]","ارسال فروشنده","۴.۳","[object Object]","۶۲۴,۰۰۰","https://dkstatics-public.digikala.com/digikala-products/465ee50574bb813bbe1394833aecf40a435b9385_1686907059.jpg?x-oss-process=image/resize,m_lfit,h_600,w_600/quality,q_90","درب رادیاتور خودرو قطعه سازان کبیر مدل RAD-QUICK-30477 مناسب برای کوییک","","۴.۳","[object Object]","۱۹۹,۰۰۰","[object Object]","","[object Object]","ارسال فروشنده","https://www.digikala.com/statics/img/svg/productCard/topBadge/SpecialSell.svg","[object Object]","۵٪","۴۹۸,۰۰۰","۴٪","۶۵۰,۰۰۰"
"https://dkstatics-public.digikala.com/digikala-products/3197b54f3e51a74fc2530d5717223ec4afa9bf6f_1627416712.jpg?x-oss-process=image/resize,m_lfit,h_600,w_600/quality,q_90","مغزی کیت دسته راهنما خودرو پراید مدل 008 مناسب تعویض مغزی بدون نیاز به تعویض کامل، جلوگیری از آسیب به سایر قطعات دسته راهنما، ابعاد 45x10x30 میلیمتر","موجود در انبار دیجی کالا","۴.۱","۲۹۲,۸۱۰","https://dkstatics-public.digikala.com/digikala-products/3af1dc08799ac5e0b2fdecc9d93a48a47073c7b6_1747661367.jpg?x-oss-process=image/resize,m_lfit,h_600,w_600/quality,q_90","روکش صندلی خودرو ادا روکش مدل سناتور مناسب پژو پارس و 405 قدیم با جنس چرم ضخیم ضد خش، 12 تکه کامل شامل پشت گردنی طبی، جا موبایلی جلو و عقب، پد طبی نشیمن و الگوی متناسب با فریم صندلی","[object Object]","ارسال فروشنده","۴.۲","[object Object]","۵,۷۲۲,۵۲۰","https://dkstatics-public.digikala.com/digikala-products/65dae17d5731ed6371763f13c55dab6307f79d9d_1716136103.jpg?x-oss-process=image/resize,m_lfit,h_600,w_600/quality,q_90","چادر خودرو شمعی لوکس سهیل مدل شمعی مناسب کوییک، ضدآب و گردوغبار، بسیار سبک با وزن کمتر از 1 کیلوگرم، دارای محل قرارگیری آیینه‌های جانبی و پارچه پلی‌استر پشت نقره مقاوم در برابر نور خورشید","تنها ۲ عدد در انبار باقی مانده","۳.۲","۳,۳۰۰,۰۰۰","https://dkstatics-public.digikala.com/digikala-products/b17fa876d4fde2ac3deb1bf247a648ef2960c9b2_1662122946.jpg?x-oss-process=image/resize,m_lfit,h_600,w_600/quality,q_90","فنر صندوق عقب خودرو قطعه سازان کبیر مدل FNR-405-843 مناسب برای پژو 405","[object Object]","موجود در انبار دیجی کالا","۴.۲","[object Object]","۱۷۰,۰۰۰","https://dkstatics-public.digikala.com/digikala-products/5342734.jpg?x-oss-process=image/resize,m_lfit,h_600,w_600/quality,q_90","جک خودرو کامل مدل APG2 ظرفیت 1 تن مناسب برای انواع خودروهای گروه ایران خودرو، وزن 4 کیلوگرم، ارتفاع 25 سانتی‌متر در حالت باز شده و 8 سانتی‌متر در حالت جمع شده","ارسال ۳ ساعته فروشنده","۴.۲","[object Object]","۱,۵۹۰,۰۰۰","[object Object]","[object Object]","","","https://www.digikala.com/statics/img/svg/productCard/topBadge/SpecialSell.svg","","۳۴٪","۵,۰۰۰,۰۰۰","۱۸٪","۱,۹۵۰,۰۰۰"
"","کیف نظم دهنده پشت صندلی خودرو مدل RTS050 با 10 محفظه و کاور شفاف مخصوص موبایل و تبلت از جنس پارچه آکسفورد، نصب آسان با سگک و بند، سبک و با ابعاد 65x45x2 سانتی‌متر","ارسال سریع دیجی‌کالا","۴.۱","۴۹۳,۰۵۰","","اسپری تمیز کننده و براق کننده لاستیک خودرو اس تی پی مدل son of a Gun حجم 650 میلی‌لیتر با ماندگاری بالا و جلوگیری از چسبیدن گرد و خاک","[object Object]","ارسال سریع دیجی‌کالا","۴.۴","[object Object]","۲۳۸,۳۰۰","","اسپری چربی شور موتور و لنت خودرو سی واکس مدل avin1 حجم 500 میلی‌لیتر با فرمولاسیون ویژه برای پاک‌کردن چربی، روغن و گریس سرسخت، مناسب تمیز کردن رینگ، انژکتور و زنجیر دوچرخه","تنها ۳ عدد در انبار باقی مانده","۴.۱","۲۲۵,۰۰۰","","نگهدارنده عینک داخل خودرو مدل 01 پلاستیکی با 2 محفظه، جنس ABS مقاوم و جای کارت، مناسب نصب داخل اتاق خودرو و طراحی شفاف مشکی","","","۴","[object Object]","۷۵,۹۸۰","","ابرویی چراغ جلو خودرو مدل ABR-RUN مناسب برای رانا بسته 2 عددی","ارسال ۳ ساعته فروشنده","۴","[object Object]","۳۴۵,۰۰۰","[object Object]","[object Object]","","","","","۱۰٪","۲۵۰,۰۰۰","",""
"","شماره تلفن مخصوص پارک خودرو چیکال مدل P-308 مناسب انواع خودروها از جمله پژو 206، پژو 207، پژو 405، سمند، دنا، پراید و شاهین با قابلیت نمایش شماره تماس برای دسترسی آسان در پارکینگ و مکان‌های نامناسب پارک","ارسال سریع دیجی‌کالا","۴.۳","۱۷۱,۲۰۰","","خوشبوکننده خودرو خورشیدی مدل هلیکوپتر پایه گرد با اسانس قطره‌ای قابل شارژ و حرکت پره‌ها با نور خورشید، مناسب نصب روی داشبورد و سطوح صاف، با رایحه Powder","[object Object]","ارسال فروشنده","۴","[object Object]","۶۳۰,۰۰۰","","زه بغل درب خودرو مناسب برای پژو 405 مجموعه 6 عددی محافظت از بدنه در برابر خط و خش و ضربه‌های ناشی از برخوردهای روزمره","تنها ۱ عدد در انبار باقی مانده","۴","۳۴۰,۰۰۰","","درب مخزن شیشه شوی خودرو مدل KG3046 مناسب برای پژو 206 و پژو 405 با قابلیت نصب آسان و کیفیت ساخت بالا","[object Object]","موجود در انبار دیجی کالا","۴.۱","[object Object]","۴۹,۵۰۰","","تو دری کامل اچ آی سی کد 4471 مناسب برای  پراید 131 مجموعه 4 عددی","","۴","[object Object]","۵,۹۱۵,۰۰۰","[object Object]","","[object Object]","ارسال فروشنده","","","۹٪","۶,۵۰۰,۰۰۰","",""
"","نوار هشدار شبرنگ کد SHF103 طول 1 متر","موجود در انبار دیجی کالا","۵","۱۸۹,۰۰۰","","مغزی دریچه هوا کولر و بخاری کنار داشبورد خودرو مدل SA12 مناسب برای تیبا","[object Object]","موجود در انبار دیجی کالا","۳","[object Object]","۹۳۶,۰۰۰","","آرم جلو پنجره خودرو چیکال طرح رد لاین کد P-2052 مناسب برای پژو پارس","تنها ۱ عدد در انبار باقی مانده","۳.۱","۵۰۶,۰۴۰","","پرده عقب خودرو 2 میلیمتر، مناسب تمام خودروها مدل GD-100 قابلیت جلوگیری از نور شدید خورشید، کاهش گرمای داخل خودرو و جمع شدن آسان","[object Object]","ارسال فروشنده","","","۳,۰۵۶,۱۵۰","","چادر خودرو چهارفصل متوسط مناسب برای تیبا 2، ساینا، کوییک و اطلس ضدآب، مقاوم در برابر خط‌وخش، گردوغبار و نور خورشید با دوخت محکم، کش دوبل و جای آینه","","","","۱,۹۲۹,۰۰۰","[object Object]","","[object Object]","موجود در انبار دیجی کالا","","","","","",""
"https://dkstatics-public.digikala.com/digikala-products/b1dd3acfb5b09fcc7b2e1106e0eb3c86b00d497f_1743344530.jpg?x-oss-process=image/resize,m_lfit,h_600,w_600/quality,q_90","مبدل برق خودرو دیپکینگ مدل 12V-24V-TO-220V با توان 2000 وات، خروجی 220 ولت AC با شکل موج شبه سینوسی، پورت USB 5 ولت، فن اتوماتیک، محافظت در برابر اضافه جریان و اتصال کوتاه، کابل و گیره قوی اتصال مستقیم به باتری","موجود در انبار دیجی کالا","۴.۲","۹,۵۷۵,۲۱۰","https://dkstatics-public.digikala.com/digikala-products/8675b30d22471ddfc0cfc948c4bbb57e1b365fbf_1639229254.jpg?x-oss-process=image/resize,m_lfit,h_600,w_600/quality,q_90","کفپوش سه بعدی صندوق عقب خودرو ماهوت مدل M-Tr کد B مناسب برای پژو 206 SD","[object Object]","موجود در انبار دیجی کالا","۴","[object Object]","۷۴۶,۰۰۰","https://dkstatics-public.digikala.com/digikala-products/501f407c038d7e01ecb0a972863041eb10bfb17c_1644046211.jpg?x-oss-process=image/resize,m_lfit,h_600,w_600/quality,q_90","قاب بغل صندلی سمت چپ خودرو  کد 994 مناسب برای پژو 405","تنها ۲ عدد در انبار باقی مانده","۴.۱","۱۰۹,۰۳۰","https://dkstatics-public.digikala.com/digikala-products/912d1d3f27957c26b0d9b00b77fa70d6ad8fc966_1655277324.jpg?x-oss-process=image/resize,m_lfit,h_600,w_600/quality,q_90","شامپوی فوم خودرو هافنر مدل 1960 حجم 500 میلی لیتر","[object Object]","ارسال سریع دیجی‌کالا","۴.۲","[object Object]","۳۰۰,۰۰۰","https://dkstatics-public.digikala.com/digikala-products/c7d7eebc3fea61051a242aab531caacafd045b61_1637570347.jpg?x-oss-process=image/resize,m_lfit,h_600,w_600/quality,q_90","اسپری خشکشویی و تمیز کننده چند منظوره داخل کابین خودرو یاتاش مدل 43 حجم 500 میلی‌لیتر با خاصیت چربی‌بر و لکه‌بر قوی، ضدعفونی کننده، خوش‌بو کننده و سازگار با سطوح چرمی و پلاستیکی","","۴.۱","[object Object]","۲۱۱,۰۰۰","[object Object]","","","تنها ۱ عدد در انبار باقی مانده","https://www.digikala.com/statics/img/svg/productCard/topBadge/SpecialSell.svg","","۱۷٪","۸۹۸,۰۹۰","۲۴٪","۲۷۸,۰۰۰"
"https://dkstatics-public.digikala.com/digikala-products/8243b761a4e2ed3b939fbdcf9632c503322e5b1a_1727173884.jpg?x-oss-process=image/resize,m_lfit,h_600,w_600/quality,q_90","سردنده خودرو مدل LUXURY KITTEN BL01 مناسب برای پراید و تیبا و ساینا و کوییک، ساخته شده از پلاستیک و لاستیک با طراحی خوش‌دست و نورپردازی آبی، مقاوم با سیم‌های رشته‌ای و قابلیت اتصال به سیم فندکی و چراغ‌های جلو","ارسال سریع دیجی‌کالا","۴","۶۵۹,۰۰۰","https://dkstatics-public.digikala.com/digikala-products/7f19e9b83296bbbd64dd847ca89df8d36abf5c47_1688332148.jpg?x-oss-process=image/resize,m_lfit,h_600,w_600/quality,q_90","کاور پلاستیکی ریموت و سوئیچ خودرو مدل لاکچری مناسب برای پژو 206 و پژو 207 با ابعاد 5x4x6 سانتی‌متر و وزن 100 گرم، محافظت در برابر ضربه و حفظ ظاهر تمیز و شیک ریموت خودرو","[object Object]","موجود در انبار دیجی کالا","۴.۳","[object Object]","۱۵۲,۰۰۰","https://dkstatics-public.digikala.com/digikala-products/79aa5f63a4fcbe1835bb1607ee98d0107bbcf87b_1649012779.jpg?x-oss-process=image/resize,m_lfit,h_600,w_600/quality,q_90","روکش فرمان چرم درجه 1 دلتا مدل BB مناسب برای پژو 206 با طراحی دوختی و پوشش کامل دور فرمان، افزایش دوام و جلوه زیبا","","۴.۲","۶۴۰,۰۰۰","https://dkstatics-public.digikala.com/digikala-products/c95563d1bb4e7049d78c2d0bdaa2763b0b7d61cf_1761205903.jpg?x-oss-process=image/resize,m_lfit,h_600,w_600/quality,q_90","آویز تزئینی خودرو مدل سوریکاوا طرح قلب شاخدار جنس پلاستیک با ابعاد 10 در 12 سانتی‌متر و طول زنجیر 15 سانتی‌متر مناسب برای آویزان کردن از آینه خودرو","[object Object]","موجود در انبار دیجی کالا","۳.۱","[object Object]","۱۱۰,۰۰۰","https://dkstatics-public.digikala.com/digikala-products/57ee87dbda4cc48104f6dd21f4c22f7591e9a2aa_1688405040.jpg?x-oss-process=image/resize,m_lfit,h_600,w_600/quality,q_90","نوار و لاستیک دور درب خودرو چیکال مدل 32-B-31 B مناسب برای سایپا پراید 131، 132، 141، X100 و صبا با قابلیت درزگیری، جلوگیری از نفوذ گرد و غبار، صدا و مایعات و افزایش زیبایی خودرو، بسته 4 عددی","ارسال ۳ ساعته فروشنده","۴.۱","[object Object]","۳,۵۸۷,۲۴۰","[object Object]","[object Object]","","","","","","","",""
"https://dkstatics-public.digikala.com/digikala-products/e5b56bf16294a85374f948cbdc78e0ec8af1049e_1653557508.jpg?x-oss-process=image/resize,m_lfit,h_600,w_600/quality,q_90","غربیلک فرمان خودرو مناسب پراید 141 مدل 981 با طراحی استاندارد","موجود در انبار دیجی کالا","۴","۲,۹۲۰,۷۶۰","https://dkstatics-public.digikala.com/digikala-products/37d03225bea628ede584fa79914f9b675e2126b0_1640615430.jpg?x-oss-process=image/resize,m_lfit,h_600,w_600/quality,q_90","کاور ترمز دستی چرمی مناسب برای پژو پارس کد Z1016 با طراحی اسپرت و خاص برای افزایش زیبایی و جلوه داخلی خودرو","[object Object]","ارسال سریع دیجی‌کالا","۴.۱","[object Object]","۱۳۸,۰۰۰","https://dkstatics-public.digikala.com/digikala-products/073fbdc10a3ca975c39c11113ccd873c02d3bd02_1660474896.jpg?x-oss-process=image/resize,m_lfit,h_600,w_600/quality,q_90","روکش داشبورد خودرو پانیذ مدل نمدی مناسب پژو 206 با قابلیت شست‌وشو، عایق حرارتی و محافظ در برابر اشعه UV، دوردوزی شده و مقاوم در برابر تغییر شکل، ساخت ایران","ارسال سریع دیجی‌کالا","۳.۹","۶۳۵,۰۰۰","https://dkstatics-public.digikala.com/digikala-products/89e84389ec9e40ec11f343d7bbffc064ced19673_1720349936.jpg?x-oss-process=image/resize,m_lfit,h_600,w_600/quality,q_90","قلم خشگیر بدنه خودرو هیدروسان کد 29020G مناسب برای دنا پلاس حجم 15 میلی لیتر","[object Object]","ارسال فروشنده","۴","[object Object]","۳۳۰,۰۰۰","https://dkstatics-public.digikala.com/digikala-products/04a1afa88e0ff14e12245dad6fbb3dd0f3ebcd71_1642315971.jpg?x-oss-process=image/resize,m_lfit,h_600,w_600/quality,q_90","خار کورکن بالا داشبورد خودرو چیکال مدل K-31 مناسب برای پراید صبا و نسیم، ساخته شده از مواد اولیه استاندارد با طول عمر بالا و رنگ مطابق با رنگ فابریک کارخانه، بسته 2 عددی","","۴.۱","[object Object]","۱۰۴,۷۹۰","[object Object]","","[object Object]","ارسال سریع دیجی‌کالا","https://www.digikala.com/statics/img/svg/productCard/topBadge/SpecialSell.svg","[object Object]","۲۱٪","۸۰۰,۰۰۰","",""
"https://dkstatics-public.digikala.com/digikala-products/e6bb23ae9f9d9e8def232e84844d1936b51efe5a_1667304309.jpg?x-oss-process=image/resize,m_lfit,h_600,w_600/quality,q_90","شامپو نانو تمیزکننده و براق کننده خودرو تام کلین مدل TC-SB1000Y01 حجم 1000 میلی‌لیتر با فرمولاسیون ویژه، قابل استفاده در کفپاش","موجود در انبار دیجی کالا","۴","۳۷۹,۹۰۰","https://dkstatics-public.digikala.com/digikala-products/afe13d7b8f1ef9403a2f1c2a1342c52d4bcf50e0_1764158313.jpg?x-oss-process=image/resize,m_lfit,h_600,w_600/quality,q_90","جاسوئیچی موتورسیکلت تی وی اس مدل SML_RD با قلاب فلزی محکم و جنس پارچه و فلز مناسب برای انواع موتورسیکلت تی وی اس و پژو 405","[object Object]","موجود در انبار دیجی کالا","۳","[object Object]","۱۸۵,۰۰۰","https://dkstatics-public.digikala.com/digikala-products/c7ab54e4256da488943b873a96ccfddf89bcd541_1779463777.jpg?x-oss-process=image/resize,m_lfit,h_600,w_600/quality,q_90","کاور ریموت و سوئیچ خودرو کالانیکس مدل COV-LUCANOP-100488 طرح فلزی مناسب برای لوکانو L7 به همراه جاسوئیچی","تنها ۱ عدد در انبار باقی مانده","۱","۱,۲۵۰,۰۰۰","https://dkstatics-public.digikala.com/digikala-products/3eb26bdaa421f0128abe3dcd20479dafc2070872_1777046425.jpg?x-oss-process=image/resize,m_lfit,h_600,w_600/quality,q_90","کفپوش سه‌بعدی خودرو بابل پوشش مدل پلیمری مناسب برای پژو پارس","","تنها ۲ عدد در انبار باقی مانده","۵","[object Object]","۹۲۰,۰۰۰","https://dkstatics-public.digikala.com/digikala-products/4b4135c1964f5ce2ba1ec7bf178bce5c9b91d884_1704535953.jpg?x-oss-process=image/resize,m_lfit,h_600,w_600/quality,q_90","پد پولیش زبر روتاری روپس مدل COARSE 9.WF150H کد 885645","","","","۱,۲۶۷,۰۰۰","[object Object]","","","تنها ۲ عدد در انبار باقی مانده","","","","","",""
"https://dkstatics-public.digikala.com/digikala-products/7fa57875badae8c9a0931072fe28d5532ce1d85a_1746859101.jpg?x-oss-process=image/resize,m_lfit,h_600,w_600/quality,q_90","ضربه گیر درب خودرو کد TW،  مناسب برای کیا ریو مجموعه 4 عددی","موجود در انبار دیجی کالا","۵","۲۳۴,۰۰۰","https://dkstatics-public.digikala.com/digikala-products/8a36a16af48e768dd2f3b98bfe55161e714f4d49_1651962644.jpg?x-oss-process=image/resize,m_lfit,h_600,w_600/quality,q_90","چادر خودرو مدل PRO GUARD مناسب برای چری تیگو 7","[object Object]","موجود در انبار دیجی کالا","۵","[object Object]","۲,۷۰۰,۰۰۰","https://dkstatics-public.digikala.com/digikala-products/7879f5edb17ebdcbe2583621134df2a006da1cff_1767337316.jpg?x-oss-process=image/resize,m_lfit,h_600,w_600/quality,q_90","کاور ریموت موتورسیکلت سیلیکونی مدل A-14-GRN مناسب برای هوندا کلیک، محافظت در برابر ضربه و خط و خش، طراحی مقاوم و سبک با وزن 50 گرم","تنها ۲ عدد در انبار باقی مانده","۴","۲۸۹,۰۰۰","https://dkstatics-public.digikala.com/digikala-products/b3c4ab0109a877fba21209ffd0b1e9532e142b78_1784004529.jpg?x-oss-process=image/resize,m_lfit,h_600,w_600/quality,q_90","دسته سیم کامل موتور دژپارت مدل VK96000688780Aمناسب برای سمند","[object Object]","موجود در انبار دیجی کالا","","","۲۳,۷۵۰,۰۰۰","https://dkstatics-public.digikala.com/digikala-products/cae39b8a210f30f4c180242fc5c07d36fd57d97e_1784632769.jpg?x-oss-process=image/resize,m_lfit,h_600,w_600/quality,q_90","فلاپ آینه جانبی مدل استیل مناسب برای پراید بسته 2 عددی","ارسال ۳ ساعته فروشنده","","","۳۰۰,۰۰۰","[object Object]","","","","https://www.digikala.com/statics/img/svg/productCard/topBadge/SpecialSell.svg","","۱۰٪","۲۶۰,۰۰۰","",""
"https://dkstatics-public.digikala.com/digikala-products/00f49682476fa29a616e88c7dac79d35e580b529_1759650053.jpg?x-oss-process=image/resize,m_lfit,h_600,w_600/quality,q_90","کیف پشت صندلی خودرو سام سالو مدل Po.sar","ارسال سریع دیجی‌کالا","۳","۴۴۱,۰۰۰","https://dkstatics-public.digikala.com/digikala-products/36b1e18876ee5a9134195fdff649ff75e0a1a7cb_1765908773.jpg?x-oss-process=image/resize,m_lfit,h_600,w_600/quality,q_90","اکسیژن ساز خودرویی مدل B0C7784NRX","[object Object]","موجود در انبار دیجی کالا","۱","[object Object]","۱۶۹,۷۲۵,۰۰۰","https://dkstatics-public.digikala.com/digikala-products/203af430bfe683c27e6aa70aef37a56eefa88c55_1748876444.jpg?x-oss-process=image/resize,m_lfit,h_600,w_600/quality,q_90","فولی کش سر میلنگ مدل SMT-FULIKESH-SARMILANG-EF7","تنها ۱ عدد در انبار باقی مانده","۴.۱","۶۴۱,۹۰۰","https://dkstatics-public.digikala.com/digikala-products/7752f562e2bb142d1362ef9e93a2ea0f588885c8_1782666237.jpg?x-oss-process=image/resize,m_lfit,h_600,w_600/quality,q_90","حلقه دور کیلومتر مدل HLG-207-sade مناسب برای پژو 207 بسته 4 عددی","[object Object]","موجود در انبار دیجی کالا","","","۴۸۰,۰۰۰","https://dkstatics-public.digikala.com/digikala-products/2801cb43e4ed42a7605c10e3a305f0d56f2cabc3_1629999955.jpg?x-oss-process=image/resize,m_lfit,h_600,w_600/quality,q_90","استیکر خودرو طرح Wanted مناسب برای تمام خودروها با ابعاد 4 در 13 سانتی‌متر","","","","۴۹,۷۷۰","[object Object]","[object Object]","[object Object]","ارسال فروشنده","https://www.digikala.com/statics/img/svg/productCard/topBadge/SpecialSell.svg","","۱۰٪","۴۹۰,۰۰۰","۲۵٪","۲۲۶,۳۰۰,۰۰۰"
"https://dkstatics-public.digikala.com/digikala-products/cc83236ea08fe33189b25414cd49386585936129_1708366263.jpg?x-oss-process=image/resize,m_lfit,h_600,w_600/quality,q_90","دستگاه کمپرس سنج سیلندر هانسول مدل HS8546 با درجه بندی 0 تا 300 PSi، دارای 5 سری برای انواع جا شمعی، دو عدد لاستیکی، شلنگ‌های فشار و مقاومت بالا، مناسب خودروهای یورو 4، یورو 5 و یورو 6، کیفیت بالا و سهولت استفاده","ارسال سریع دیجی‌کالا","۳.۸","۲,۳۶۰,۰۰۰","https://dkstatics-public.digikala.com/digikala-products/862107d929e8e8780ea3a1effecb3f8bac8f2431_1778606679.jpg?x-oss-process=image/resize,m_lfit,h_600,w_600/quality,q_90","گردگیر دنده کاور پلاس کد B.B  مناسب برای پژو 206 به همراه قاب مخصوص نصب","[object Object]","ارسال فروشنده","۵","[object Object]","۲۳۵,۰۰۰","https://dkstatics-public.digikala.com/digikala-products/d80ff430bc41ac15df17c12043207d6936d120c0_1692354291.jpg?x-oss-process=image/resize,m_lfit,h_600,w_600/quality,q_90","سوکت سر سیم بیلگین مدل گرد بسته 24 عددی","تنها ۱ عدد در انبار باقی مانده","۴","۱۲۰,۰۰۰","https://dkstatics-public.digikala.com/digikala-products/42ae254ea6083a388a5ea87fcf41d32778547ab7_1672242450.jpg?x-oss-process=image/resize,m_lfit,h_600,w_600/quality,q_90","باربند دوچرخه شکاری مدل صندوقی با جنس آهن و ابعاد 35x5x40 سانتی‌متر مناسب حمل بار مقاوم و سبک وزن 3000 گرم","[object Object]","موجود در انبار دیجی کالا","۴","[object Object]","۲,۹۰۰,۰۰۰","https://dkstatics-public.digikala.com/digikala-products/7ff33d2986535c35277bb5ab7c1a8b0f4e063855_1701033041.jpg?x-oss-process=image/resize,m_lfit,h_600,w_600/quality,q_90","دستگیره تنظیم صندلی جلو چپ مدل LB405 مناسب برای پژو 405 و پارس","","۳.۹","[object Object]","۸۴,۲۵۰","[object Object]","","[object Object]","موجود در انبار دیجی کالا","","","","","",""
"","قفل ضد سرقت کاپوت آرمین مدل 5964 مناسب پراید با جنس فولاد، طول 10 سانتی‌متر، همراه با دو عدد کلید","موجود در انبار دیجی کالا","۴","۹۶۳,۳۲۰","","اسپری نانو تمیزکننده موتور خودرو سی واکس مدل CW-500ML حجم 500 میلی‌لیتر با قدرت پاک‌کنندگی بالا، محافظت و براق‌کنندگی قطعات موتور و انژکتور خودرو","[object Object]","موجود در انبار دیجی کالا","۴","[object Object]","۲۴۹,۱۰۰","","ابرویی چراغ جلو خودرو پن مدل d003 مناسب برای تیبا بسته دو عددی","","۴","۴۸۰,۰۰۰","","سراگزوز خودرو مدل RC کد 401 با ابعاد 220x150x70 میلی‌متر و وزن 400 گرم مناسب افزایش زیبایی و بهبود صدای خروجی اگزوز خودرو","[object Object]","موجود در انبار دیجی کالا","۳.۹","[object Object]","۱,۰۹۶,۰۰۰","","اسپری تمیز کننده لاستیک اس تی پی مدل Son of A Gun حجم 595 میلی لیتر","ارسال ۳ ساعته فروشنده","۴.۹","[object Object]","۲۲۷,۸۹۰","[object Object]","","","","","","۶٪","۲۶۵,۰۰۰","",""
"","ست کامل قلم خشگیر بدنه خودرو ایران خودروان رنگ نوک مدادی ایران خودرو کد 67915","موجود در انبار دیجی کالا","۳.۹","۳۹۵,۰۰۰","","شلگیر عقب راست مدل tib2 مناسب برای تیبا 2","[object Object]","موجود در انبار دیجی کالا","۳.۹","[object Object]","۲۵۴,۵۰۰","","قاب پلاستیکی مانیتور 9 اینچ داشبورد پژو 405 و روآ قدیم تولید ایران و دارای طراحی هماهنگ با بدنه خودرو","","۵","۳,۶۴۰,۰۰۰","","گل پخش کن خودرو تیبا مجموعه 4 عددی شامل دو گل پخش کن جلو و دو گل پخش کن عقب، ساخته شده از پلاستیک نرم ژله‌ای با نصب آسان برای جلوگیری از پخش شدن آب و گل و لای روی بدنه و گلگیر خودرو","[object Object]","ارسال فروشنده","۴.۱","[object Object]","۳۴۰,۰۰۰","","لاستیک گردگیر کلید لای درب خودرو وارون مدل P-5 مناسب انواع پراید شامل 111، 131، 132، 141، 151، X100، صبا و نسیم با جنس لاستیکی درجه یک و مقاومت در برابر سرما و گرما، بسته 4 عددی","ارسال ۳ ساعته فروشنده","۳.۹","[object Object]","۱۱۶,۳۶۰","[object Object]","","[object Object]","ارسال سریع دیجی‌کالا","","","۲۱٪","۵۰۰,۰۰۰","",""
"","برچسب بدنه خودرو طرح کربن مدل SK103M رول یک متری در عرض بیست سانتیمتر مقاوم در برابر شستشو، حرارت و آفتاب مناسب برای داشبورد، دسته درب، سقف و کاپوت خودرو","موجود در انبار دیجی کالا","۴","۲۲۱,۴۴۰","","برچسب بدنه خودرو ونگارد مدل BadBoy بسته 12 عددی از جنس PVC ضد آب و مقاوم در برابر نور خورشید، قابل شست‌وشو، همراه با سلفون نصب و ابعاد متنوع بین 5x15 تا 9x9 سانتی‌متر","[object Object]","موجود در انبار دیجی کالا","۴","[object Object]","۳۱۰,۰۰۰","","اسفنج ضربه‌گیر خودرو کد 2 بسته 4 عددی مناسب برای تمام خودروها","ارسال فروشنده","۳.۸","۷۴,۲۷۰","","آفتابگیر شیشه جلو پراید هئوروتات مدل DARK PRIDE از جنس PVC مشکی با برش لیزری فابریک، نصب آسان از داخل، مقاوم در برابر آب و جلوگیری از آزار چشم در نور مستقیم صبح و غروب","[object Object]","ارسال فروشنده","۳.۸","[object Object]","۳۲۱,۶۰۰","","اسفنج خشگیر خودرو مدل همه کاره SMB3092 ساخت آلمان، بدون نیاز به مواد شیمیایی، مناسب برای از بین بردن خط و خش سطحی، لکه‌های چرب و آلودگی‌های سخت روی بدنه، کف و تودوزی خودرو، بدون آسیب به رنگ، ابعاد 12x7x3 سانتی‌متر و وزن 12 گرم","","۴","[object Object]","۸۹,۰۰۰","[object Object]","","[object Object]","موجود در انبار دیجی کالا","","[object Object]","۸٪","۲۴۱,۵۷۰","۴٪","۳۳۵,۰۰۰"
"","آفتابگیر شیشه جلو پژو 206 مدل sunscreen206 با فریم فنری، جنس شمعی، نصب آسان، ضد چروک، تا شو و کیف نگهدارنده برای خنک نگه داشتن و محافظت داشبورد خودرو","موجود در انبار دیجی کالا","۳.۷","۱۹۲,۰۰۰","","آویز دستگیره خودرو مدل سوریکاوا طرح قلب شاخ دار بسته 2 عددی از جنس پلاستیک ABS و پارچه با ابعاد 10 سانتی‌متر و طول زنجیر 15 سانتی‌متر، مقاوم، رنگ ثابت و قابل شست‌وشو مناسب نصب روی آینه، دستگیره سقف و بکسل بند خودرو","[object Object]","ارسال سریع دیجی‌کالا","۳.۸","[object Object]","۳۱۵,۰۰۰","","فرچه نظافت خودرو فارماسیس مدل 110","","۳.۸","۱۷۲,۰۰۰","","جاروشارژی خودرو دمنده و مکنده مدل LT145 با موتور براشلس، باتری 4000 میلی‌آمپر ساعت، شارژ USB، 6 سری متنوع، فیلتر HEPA و قابلیت استفاده تا 20 دقیقه برای تمیزکاری داخلی خودرو و محیط‌های کوچک","[object Object]","موجود در انبار دیجی کالا","۳.۸","[object Object]","۵,۱۹۴,۰۰۰","","چشمی شیشه شوی چیکال مدل P-70 مناسب برای پراید و تیبا بسته 2 عددی","ارسال ۳ ساعته فروشنده","۲.۸","[object Object]","۱۰۵,۲۷۰","[object Object]","","[object Object]","ارسال سریع دیجی‌کالا","","","۲٪","۵,۳۰۰,۰۰۰","",""
"","سوکت جافیوزی خودرو کد bbz-334","موجود در انبار دیجی کالا","۳.۸","۷۵,۰۰۰","","خوشبو کننده خودرو مدل BLCR 603 با رایحه Black Crystal و ماندگاری سه ماه","[object Object]","ارسال فروشنده","۳.۸","[object Object]","۵۰۱,۱۰۰","","آفتابگیر شیشه جلو خودرو چیکال طرح عینکی کد V-296","موجود در انبار دیجی کالا","۳.۸","۲۴۳,۵۲۰","","کفپوش پنج بعدی خودرو مدل LS مناسب برای جک J4","[object Object]","ارسال فروشنده","۳.۸","[object Object]","۴,۰۹۸,۹۰۰","","خار ثابت و چرخشی میل کاپوت خودرو بیلگین مدل Xan مناسب برای زانتیا سیروئن مجموعه 4 عددی","","۳.۶","[object Object]","۱۳۰,۰۰۰","[object Object]","","[object Object]","موجود در انبار دیجی کالا","","[object Object]","","","",""
"https://dkstatics-public.digikala.com/digikala-products/5394088.jpg?x-oss-process=image/resize,m_lfit,h_600,w_600/quality,q_90","قفل ضد سرقت کاپوت آرمین مدل 5964 مناسب پراید با جنس فولاد، طول 10 سانتی‌متر، همراه با دو عدد کلید","موجود در انبار دیجی کالا","۴","۹۶۳,۳۲۰","https://dkstatics-public.digikala.com/digikala-products/112238828.jpg?x-oss-process=image/resize,m_lfit,h_600,w_600/quality,q_90","اسپری نانو تمیزکننده موتور خودرو سی واکس مدل CW-500ML حجم 500 میلی‌لیتر با قدرت پاک‌کنندگی بالا، محافظت و براق‌کنندگی قطعات موتور و انژکتور خودرو","[object Object]","موجود در انبار دیجی کالا","۴","[object Object]","۲۴۹,۱۰۰","https://dkstatics-public.digikala.com/digikala-products/d36b95e6f29ab61498335d2bda4fc62e8ada0fac_1594195124.jpg?x-oss-process=image/resize,m_lfit,h_600,w_600/quality,q_90","ابرویی چراغ جلو خودرو پن مدل d003 مناسب برای تیبا بسته دو عددی","","۴","۴۸۰,۰۰۰","https://dkstatics-public.digikala.com/digikala-products/121370651.jpg?x-oss-process=image/resize,m_lfit,h_600,w_600/quality,q_90","سراگزوز خودرو مدل RC کد 401 با ابعاد 220x150x70 میلی‌متر و وزن 400 گرم مناسب افزایش زیبایی و بهبود صدای خروجی اگزوز خودرو","[object Object]","موجود در انبار دیجی کالا","۳.۹","[object Object]","۱,۰۹۶,۰۰۰","https://dkstatics-public.digikala.com/digikala-products/8ea6ccea422b8d8360154e5a17607e378d49fa8d_1685272447.jpg?x-oss-process=image/resize,m_lfit,h_600,w_600/quality,q_90","اسپری تمیز کننده لاستیک اس تی پی مدل Son of A Gun حجم 595 میلی لیتر","ارسال ۳ ساعته فروشنده","۴.۹","[object Object]","۲۲۷,۸۹۰","[object Object]","","","","https://www.digikala.com/statics/img/svg/productCard/topBadge/SpecialSell.svg","","۶٪","۲۶۵,۰۰۰","",""
"https://dkstatics-public.digikala.com/digikala-products/4339966.jpg?x-oss-process=image/resize,m_lfit,h_600,w_600/quality,q_90","ست کامل قلم خشگیر بدنه خودرو ایران خودروان رنگ نوک مدادی ایران خودرو کد 67915","موجود در انبار دیجی کالا","۳.۹","۳۹۵,۰۰۰","https://dkstatics-public.digikala.com/digikala-products/a559a108b706a450b7e3813b9547aad95d153870_1683987033.jpg?x-oss-process=image/resize,m_lfit,h_600,w_600/quality,q_90","شلگیر عقب راست مدل tib2 مناسب برای تیبا 2","[object Object]","موجود در انبار دیجی کالا","۳.۹","[object Object]","۲۵۴,۵۰۰","https://dkstatics-public.digikala.com/digikala-products/a3e8374f05b46189b34f729079e4c056c11442b9_1762689039.jpg?x-oss-process=image/resize,m_lfit,h_600,w_600/quality,q_90","قاب پلاستیکی مانیتور 9 اینچ داشبورد پژو 405 و روآ قدیم تولید ایران و دارای طراحی هماهنگ با بدنه خودرو","","۵","۳,۶۴۰,۰۰۰","https://dkstatics-public.digikala.com/digikala-products/d6e1332c6cede076d4b8336df1965556a2e76638_1600485033.jpg?x-oss-process=image/resize,m_lfit,h_600,w_600/quality,q_90","گل پخش کن خودرو تیبا مجموعه 4 عددی شامل دو گل پخش کن جلو و دو گل پخش کن عقب، ساخته شده از پلاستیک نرم ژله‌ای با نصب آسان برای جلوگیری از پخش شدن آب و گل و لای روی بدنه و گلگیر خودرو","[object Object]","ارسال فروشنده","۴.۱","[object Object]","۳۴۰,۰۰۰","https://dkstatics-public.digikala.com/digikala-products/ac71719686f381e3514689faa3eaa6b14dfdb0cf_1662539004.jpg?x-oss-process=image/resize,m_lfit,h_600,w_600/quality,q_90","لاستیک گردگیر کلید لای درب خودرو وارون مدل P-5 مناسب انواع پراید شامل 111، 131، 132، 141، 151، X100، صبا و نسیم با جنس لاستیکی درجه یک و مقاومت در برابر سرما و گرما، بسته 4 عددی","ارسال ۳ ساعته فروشنده","۳.۹","[object Object]","۱۱۶,۳۶۰","[object Object]","","[object Object]","ارسال سریع دیجی‌کالا","https://www.digikala.com/statics/img/svg/productCard/topBadge/SpecialSell.svg","","۲۱٪","۵۰۰,۰۰۰","",""
"","استیکر تزئینی خودرو طرح ایران کد 006 کاغذ روکش‌دار مقاوم در برابر آب، نور خورشید و دما با کمچسب شفاف برای نصب آسان روی سطوح صاف مانند شیشه، چوب، بدنه و داشبورد خودرو","موجود در انبار دیجی کالا","۳.۷","۸۵,۰۰۰","","آرم خودرو چیکال مدل P-92 مناسب پراید صبا بسته 2 عددی ساخته شده از پلاستیک و ABS با آبکاری کروم، مقاوم در برابر زنگ زدگی و آفتاب سوختگی، نصب آسان با چسب دوطرفه","[object Object]","ارسال سریع دیجی‌کالا","۴","[object Object]","۱۰۲,۵۳۰","","کاردک شیشه خودرو مدل K4040 مناسب برای انواع خودروها با طراحی ساده و کاربردی برای نصب و تعمیر شیشه دودی","موجود در انبار دیجی کالا","۳.۷","۱۲۴,۱۶۰","","موتور برف‌پاک‌کن آی آر امکو مدل 001 مناسب برای پراید و تیبا با بدنه فلزی و پلاستیکی، افزایش عملکرد فنی و هماهنگی کامل با اهرم کنترل فرمان خودرو","[object Object]","موجود در انبار دیجی کالا","۳.۷","[object Object]","۲,۹۶۷,۰۰۰","","اسپری خوشبوکننده خودرو دورابل پرفیوم مدل Ocean حجم 120 میلی‌لیتر با ماندگاری بالا و پخش بوی قوی بدون نیاز به برق، مناسب استفاده روی سطوح پارچه‌ای و نمدی خودرو","","۴","[object Object]","۲۹۴,۴۰۰","[object Object]","","[object Object]","ارسال فروشنده","","[object Object]","۳٪","۱۲۸,۰۰۰","۸٪","۳۲۰,۰۰۰"
"","پارکابی چرمی خودرو پژو 206 کد SK045، مجموعه 4 عددی با چسب یک‌تکه، ضدآب، ضدزنگ، ضدخش، قابل شستشو، رنگ ثابت، بدون برجستگی و جلوگیری از پوسیدگی و زنگ‌زدگی بدنه خودرو","موجود در انبار دیجی کالا","۳.۹","۱۹۹,۹۱۰","","تشک بادی خودرو مدل Sleeper با رویه جیر ضد تعریق، تحمل وزن تا 155 کیلوگرم، شامل پمپ باد فندکی دوکاره، دو عدد بالشتک بادی و پر کننده جاپایی، مناسب استفاده در صندلی عقب، استخر و کمپ","[object Object]","موجود در انبار دیجی کالا","۳.۷","[object Object]","۴,۰۹۹,۰۰۰","","گل پخش کن عقب مخصوص سپر چپ و راست پراید 132 مدل 1122 بسته 2 عددی","تنها ۱ عدد در انبار باقی مانده","۳.۷","۱۶۷,۲۱۰","","جعبه نظم دهنده صندوق عقب خودرو مدل O-6","[object Object]","ارسال فروشنده","۴.۶","[object Object]","۲,۱۱۶,۰۰۰","","آنتن خودرو قطعه سازان کبیر مدل AN-BOLAND405-580 مناسب برای پژو 405","ارسال ۳ ساعته فروشنده","۳.۷","[object Object]","۱۵۵,۰۰۰","[object Object]","[object Object]","","","","","۸٪","۲,۳۰۰,۰۰۰","",""
"","سر والف لاستیک خودرو کیا مدل KIA-2025 بسته 4 عددی با حک لیزری آرم KIA، جنس آلومینیوم، دارای واشر آب‌بندی داخلی جهت جلوگیری از زنگ‌زدگی و ورود گرد و غبار، مناسب برای انواع کیا سراتو، سورنتو، اپتیما و سایر مدل‌ها","ارسال سریع دیجی‌کالا","۴.۶","۳۶۰,۰۰۰","","کفپوش سه بعدی خودرو پانیذ مدل دور دوخت MHDO مناسب سیتروئن زانتیا، پلی اورتان مقاوم در برابر مایعات و تغییر شکل، ضد لغزش و ضد سایش، طراحی قالب‌خورده با نوار هم رنگ، ساخت ایران","[object Object]","ارسال فروشنده","۳.۵","[object Object]","۱,۵۵۸,۰۰۰","","کنسول وسط خودرو سمند مدل 4 لیوانه با روکش چرمی، دارای 2 محفظه، جای موبایل و پاوربانک، نصب آسان با دو پایه جداشونده، مناسب برای سمند LX، سورن و سورن پلاس","تنها ۱ عدد در انبار باقی مانده","۳.۶","۹۲۸,۰۰۰","","کفپوش سه بعدی خودرو پلی‌اتیلن بابل پوشش مدل BT-BP101 مناسب ساینا با پوشش کامل کف، مقاوم در برابر گرما و سرما و قابلیت شستشوی آسان","","","۳.۶","[object Object]","۸۴۵,۰۷۰","","سوکت چپقی راهنما کد bbz-034 مناسب برای پژو 405","ارسال ۳ ساعته فروشنده","۳.۵","[object Object]","۷۸,۵۰۰","[object Object]","","","تنها ۲ عدد در انبار باقی مانده","","","۲۹٪","۲,۲۰۰,۰۰۰","",""
"https://dkstatics-public.digikala.com/digikala-products/c7c92dfac69af2c4e26ad410a926ebb362771404_1661715406.jpg?x-oss-process=image/resize,m_lfit,h_600,w_600/quality,q_90","برچسب بدنه خودرو طرح کربن مدل SK103M رول یک متری در عرض بیست سانتیمتر مقاوم در برابر شستشو، حرارت و آفتاب مناسب برای داشبورد، دسته درب، سقف و کاپوت خودرو","موجود در انبار دیجی کالا","۴","۲۲۱,۴۴۰","https://dkstatics-public.digikala.com/digikala-products/7aba19cb131e36d1dba6ce684775ae1d50c2b241_1681817890.jpg?x-oss-process=image/resize,m_lfit,h_600,w_600/quality,q_90","برچسب بدنه خودرو ونگارد مدل BadBoy بسته 12 عددی از جنس PVC ضد آب و مقاوم در برابر نور خورشید، قابل شست‌وشو، همراه با سلفون نصب و ابعاد متنوع بین 5x15 تا 9x9 سانتی‌متر","[object Object]","موجود در انبار دیجی کالا","۴","[object Object]","۳۱۰,۰۰۰","https://dkstatics-public.digikala.com/digikala-products/da6cf73a830a94cad1b2bf44f1be719dae743dd2_1614954520.jpg?x-oss-process=image/resize,m_lfit,h_600,w_600/quality,q_90","اسفنج ضربه‌گیر خودرو کد 2 بسته 4 عددی مناسب برای تمام خودروها","ارسال فروشنده","۳.۸","۷۴,۲۷۰","https://dkstatics-public.digikala.com/digikala-products/a84a40890349195dda30d9ea0dd589786d974fa1_1752150765.jpg?x-oss-process=image/resize,m_lfit,h_600,w_600/quality,q_90","آفتابگیر شیشه جلو پراید هئوروتات مدل DARK PRIDE از جنس PVC مشکی با برش لیزری فابریک، نصب آسان از داخل، مقاوم در برابر آب و جلوگیری از آزار چشم در نور مستقیم صبح و غروب","[object Object]","ارسال فروشنده","۳.۸","[object Object]","۳۲۱,۶۰۰","https://dkstatics-public.digikala.com/digikala-products/08d2c8704fbabdf5b513edf98edf121c9b089c52_1643101718.jpg?x-oss-process=image/resize,m_lfit,h_600,w_600/quality,q_90","اسفنج خشگیر خودرو مدل همه کاره SMB3092 ساخت آلمان، بدون نیاز به مواد شیمیایی، مناسب برای از بین بردن خط و خش سطحی، لکه‌های چرب و آلودگی‌های سخت روی بدنه، کف و تودوزی خودرو، بدون آسیب به رنگ، ابعاد 12x7x3 سانتی‌متر و وزن 12 گرم","","۴","[object Object]","۸۹,۰۰۰","[object Object]","","[object Object]","موجود در انبار دیجی کالا","https://www.digikala.com/statics/img/svg/productCard/topBadge/SpecialSell.svg","[object Object]","۸٪","۲۴۱,۵۷۰","۴٪","۳۳۵,۰۰۰"
"https://dkstatics-public.digikala.com/digikala-products/67042655ec217dc9aca4f2a5ea6ab452028289bc_1743926596.jpg?x-oss-process=image/resize,m_lfit,h_600,w_600/quality,q_90","آفتابگیر شیشه جلو پژو 206 مدل sunscreen206 با فریم فنری، جنس شمعی، نصب آسان، ضد چروک، تا شو و کیف نگهدارنده برای خنک نگه داشتن و محافظت داشبورد خودرو","موجود در انبار دیجی کالا","۳.۷","۱۹۲,۰۰۰","https://dkstatics-public.digikala.com/digikala-products/50280a51e365c372056f35c6a809f755e0a416cc_1729001241.jpg?x-oss-process=image/resize,m_lfit,h_600,w_600/quality,q_90","آویز دستگیره خودرو مدل سوریکاوا طرح قلب شاخ دار بسته 2 عددی از جنس پلاستیک ABS و پارچه با ابعاد 10 سانتی‌متر و طول زنجیر 15 سانتی‌متر، مقاوم، رنگ ثابت و قابل شست‌وشو مناسب نصب روی آینه، دستگیره سقف و بکسل بند خودرو","[object Object]","ارسال سریع دیجی‌کالا","۳.۸","[object Object]","۳۱۵,۰۰۰","https://dkstatics-public.digikala.com/digikala-products/eb311bff7105f6a493b94a4fc6caa6bbb64d25be_1756736219.jpg?x-oss-process=image/resize,m_lfit,h_600,w_600/quality,q_90","فرچه نظافت خودرو فارماسیس مدل 110","","۳.۸","۱۷۲,۰۰۰","https://dkstatics-public.digikala.com/digikala-products/7c101550ace5b0e4a84d9148e8754dc982703a0f_1754809523.jpg?x-oss-process=image/resize,m_lfit,h_600,w_600/quality,q_90","جاروشارژی خودرو دمنده و مکنده مدل LT145 با موتور براشلس، باتری 4000 میلی‌آمپر ساعت، شارژ USB، 6 سری متنوع، فیلتر HEPA و قابلیت استفاده تا 20 دقیقه برای تمیزکاری داخلی خودرو و محیط‌های کوچک","[object Object]","موجود در انبار دیجی کالا","۳.۸","[object Object]","۵,۱۹۴,۰۰۰","https://dkstatics-public.digikala.com/digikala-products/0d3cbafd3c79bf6cc0612f1f31ff59b48109498a_1759592752.jpg?x-oss-process=image/resize,m_lfit,h_600,w_600/quality,q_90","چشمی شیشه شوی چیکال مدل P-70 مناسب برای پراید و تیبا بسته 2 عددی","ارسال ۳ ساعته فروشنده","۲.۸","[object Object]","۱۰۵,۲۷۰","[object Object]","","[object Object]","ارسال سریع دیجی‌کالا","https://www.digikala.com/statics/img/svg/productCard/topBadge/SpecialSell.svg","","۲٪","۵,۳۰۰,۰۰۰","",""
"https://dkstatics-public.digikala.com/digikala-products/a03f2ca92340e0f2107f9af1b7d6f3830a0b9b03_1733826663.jpg?x-oss-process=image/resize,m_lfit,h_600,w_600/quality,q_90","سوکت جافیوزی خودرو کد bbz-334","موجود در انبار دیجی کالا","۳.۸","۷۵,۰۰۰","https://dkstatics-public.digikala.com/digikala-products/115190772.jpg?x-oss-process=image/resize,m_lfit,h_600,w_600/quality,q_90","خوشبو کننده خودرو مدل BLCR 603 با رایحه Black Crystal و ماندگاری سه ماه","[object Object]","ارسال فروشنده","۳.۸","[object Object]","۵۰۱,۱۰۰","https://dkstatics-public.digikala.com/digikala-products/fc1811e9f774f9d5d13b71c6fa7a09b7f23b6d12_1782037064.jpg?x-oss-process=image/resize,m_lfit,h_600,w_600/quality,q_90","آفتابگیر شیشه جلو خودرو چیکال طرح عینکی کد V-296","موجود در انبار دیجی کالا","۳.۸","۲۴۳,۵۲۰","https://dkstatics-public.digikala.com/digikala-products/4fc498eb6c58a6ebf3ded9ef905c38167d03d91e_1692713933.jpg?x-oss-process=image/resize,m_lfit,h_600,w_600/quality,q_90","کفپوش پنج بعدی خودرو مدل LS مناسب برای جک J4","[object Object]","ارسال فروشنده","۳.۸","[object Object]","۴,۰۹۸,۹۰۰","https://dkstatics-public.digikala.com/digikala-products/01c35528dd4a4f0e33be99f8eca322376d519f17_1711881473.jpg?x-oss-process=image/resize,m_lfit,h_600,w_600/quality,q_90","خار ثابت و چرخشی میل کاپوت خودرو بیلگین مدل Xan مناسب برای زانتیا سیروئن مجموعه 4 عددی","","۳.۶","[object Object]","۱۳۰,۰۰۰","[object Object]","","[object Object]","موجود در انبار دیجی کالا","","[object Object]","","","",""
"https://dkstatics-public.digikala.com/digikala-products/41bfdc69ff022d4e7a1f266f5214d875a85a337e_1778492918.jpg?x-oss-process=image/resize,m_lfit,h_600,w_600/quality,q_90","استیکر تزئینی خودرو طرح ایران کد 006 کاغذ روکش‌دار مقاوم در برابر آب، نور خورشید و دما با کمچسب شفاف برای نصب آسان روی سطوح صاف مانند شیشه، چوب، بدنه و داشبورد خودرو","موجود در انبار دیجی کالا","۳.۷","۸۵,۰۰۰","https://dkstatics-public.digikala.com/digikala-products/78cfa2b9e0fb1e3088d71514e7e69bf9ddf592c3_1649837906.jpg?x-oss-process=image/resize,m_lfit,h_600,w_600/quality,q_90","آرم خودرو چیکال مدل P-92 مناسب پراید صبا بسته 2 عددی ساخته شده از پلاستیک و ABS با آبکاری کروم، مقاوم در برابر زنگ زدگی و آفتاب سوختگی، نصب آسان با چسب دوطرفه","[object Object]","ارسال سریع دیجی‌کالا","۴","[object Object]","۱۰۲,۵۳۰","https://dkstatics-public.digikala.com/digikala-products/a6b0186512b6475ab5967a634395a434dcc6785f_1688291829.jpg?x-oss-process=image/resize,m_lfit,h_600,w_600/quality,q_90","کاردک شیشه خودرو مدل K4040 مناسب برای انواع خودروها با طراحی ساده و کاربردی برای نصب و تعمیر شیشه دودی","موجود در انبار دیجی کالا","۳.۷","۱۲۴,۱۶۰","https://dkstatics-public.digikala.com/digikala-products/66d7575cfa9326091f3f22fc92116845169d907d_1743685386.jpg?x-oss-process=image/resize,m_lfit,h_600,w_600/quality,q_90","موتور برف‌پاک‌کن آی آر امکو مدل 001 مناسب برای پراید و تیبا با بدنه فلزی و پلاستیکی، افزایش عملکرد فنی و هماهنگی کامل با اهرم کنترل فرمان خودرو","[object Object]","موجود در انبار دیجی کالا","۳.۷","[object Object]","۲,۹۶۷,۰۰۰","https://dkstatics-public.digikala.com/digikala-products/211659d044b2373493825499a551bbade6d3e83d_1729535878.jpg?x-oss-process=image/resize,m_lfit,h_600,w_600/quality,q_90","اسپری خوشبوکننده خودرو دورابل پرفیوم مدل Ocean حجم 120 میلی‌لیتر با ماندگاری بالا و پخش بوی قوی بدون نیاز به برق، مناسب استفاده روی سطوح پارچه‌ای و نمدی خودرو","","۴","[object Object]","۲۹۴,۴۰۰","[object Object]","","[object Object]","ارسال فروشنده","https://www.digikala.com/statics/img/svg/productCard/topBadge/SpecialSell.svg","[object Object]","۳٪","۱۲۸,۰۰۰","۸٪","۳۲۰,۰۰۰"
"https://dkstatics-public.digikala.com/digikala-products/113913379.jpg?x-oss-process=image/resize,m_lfit,h_600,w_600/quality,q_90","پارکابی چرمی خودرو پژو 206 کد SK045، مجموعه 4 عددی با چسب یک‌تکه، ضدآب، ضدزنگ، ضدخش، قابل شستشو، رنگ ثابت، بدون برجستگی و جلوگیری از پوسیدگی و زنگ‌زدگی بدنه خودرو","موجود در انبار دیجی کالا","۳.۹","۱۹۹,۹۱۰","https://dkstatics-public.digikala.com/digikala-products/ae5a7fd19e48afd861ac7ef98342fb17659a5677_1707734906.jpg?x-oss-process=image/resize,m_lfit,h_600,w_600/quality,q_90","تشک بادی خودرو مدل Sleeper با رویه جیر ضد تعریق، تحمل وزن تا 155 کیلوگرم، شامل پمپ باد فندکی دوکاره، دو عدد بالشتک بادی و پر کننده جاپایی، مناسب استفاده در صندلی عقب، استخر و کمپ","[object Object]","موجود در انبار دیجی کالا","۳.۷","[object Object]","۴,۰۹۹,۰۰۰","https://dkstatics-public.digikala.com/digikala-products/655ce0a2e65213471677d7fc433d74e5a7486754_1631709975.jpg?x-oss-process=image/resize,m_lfit,h_600,w_600/quality,q_90","گل پخش کن عقب مخصوص سپر چپ و راست پراید 132 مدل 1122 بسته 2 عددی","تنها ۱ عدد در انبار باقی مانده","۳.۷","۱۶۷,۲۱۰","https://dkstatics-public.digikala.com/digikala-products/031c6895c4562fd6125cbbe710ff597d43ee7df5_1687782790.jpg?x-oss-process=image/resize,m_lfit,h_600,w_600/quality,q_90","جعبه نظم دهنده صندوق عقب خودرو مدل O-6","[object Object]","ارسال فروشنده","۴.۶","[object Object]","۲,۱۱۶,۰۰۰","https://dkstatics-public.digikala.com/digikala-products/39407135c543efdbe3a114a18da89f5842d3308a_1657729044.jpg?x-oss-process=image/resize,m_lfit,h_600,w_600/quality,q_90","آنتن خودرو قطعه سازان کبیر مدل AN-BOLAND405-580 مناسب برای پژو 405","ارسال ۳ ساعته فروشنده","۳.۷","[object Object]","۱۵۵,۰۰۰","[object Object]","[object Object]","","","https://www.digikala.com/statics/img/svg/productCard/topBadge/SpecialSell.svg","","۸٪","۲,۳۰۰,۰۰۰","",""
"https://dkstatics-public.digikala.com/digikala-products/bc5b9b8491a891f62fdbba7284aa3303ebf724c4_1726940874.jpg?x-oss-process=image/resize,m_lfit,h_600,w_600/quality,q_90","سر والف لاستیک خودرو کیا مدل KIA-2025 بسته 4 عددی با حک لیزری آرم KIA، جنس آلومینیوم، دارای واشر آب‌بندی داخلی جهت جلوگیری از زنگ‌زدگی و ورود گرد و غبار، مناسب برای انواع کیا سراتو، سورنتو، اپتیما و سایر مدل‌ها","ارسال سریع دیجی‌کالا","۴.۶","۳۶۰,۰۰۰","https://dkstatics-public.digikala.com/digikala-products/cee30c6875bc16f017bab3d8b9dcfca3c7007a8c_1687776845.jpg?x-oss-process=image/resize,m_lfit,h_600,w_600/quality,q_90","کفپوش سه بعدی خودرو پانیذ مدل دور دوخت MHDO مناسب سیتروئن زانتیا، پلی اورتان مقاوم در برابر مایعات و تغییر شکل، ضد لغزش و ضد سایش، طراحی قالب‌خورده با نوار هم رنگ، ساخت ایران","[object Object]","ارسال فروشنده","۳.۵","[object Object]","۱,۵۵۸,۰۰۰","https://dkstatics-public.digikala.com/digikala-products/3c2adda5d6932cc68ee246ff70a60d57d9cfceba_1776329915.jpg?x-oss-process=image/resize,m_lfit,h_600,w_600/quality,q_90","کنسول وسط خودرو سمند مدل 4 لیوانه با روکش چرمی، دارای 2 محفظه، جای موبایل و پاوربانک، نصب آسان با دو پایه جداشونده، مناسب برای سمند LX، سورن و سورن پلاس","تنها ۱ عدد در انبار باقی مانده","۳.۶","۹۲۸,۰۰۰","https://dkstatics-public.digikala.com/digikala-products/de84089dc938032a2c06934d089b0e511c195146_1645602640.jpg?x-oss-process=image/resize,m_lfit,h_600,w_600/quality,q_90","کفپوش سه بعدی خودرو پلی‌اتیلن بابل پوشش مدل BT-BP101 مناسب ساینا با پوشش کامل کف، مقاوم در برابر گرما و سرما و قابلیت شستشوی آسان","","","۳.۶","[object Object]","۸۴۵,۰۷۰","https://dkstatics-public.digikala.com/digikala-products/1049407da3c42476fb6e562a43359a13e739fd87_1733408836.jpg?x-oss-process=image/resize,m_lfit,h_600,w_600/quality,q_90","سوکت چپقی راهنما کد bbz-034 مناسب برای پژو 405","ارسال ۳ ساعته فروشنده","۳.۵","[object Object]","۷۸,۵۰۰","[object Object]","","","تنها ۲ عدد در انبار باقی مانده","https://www.digikala.com/statics/img/svg/productCard/topBadge/SpecialSell.svg","","۲۹٪","۲,۲۰۰,۰۰۰","",""
"","چادر خودرو نانو ضدآب لوکس مدل مناسب پژو پارس با پوشش ضدخش نرم، جای آینه، بازتاب‌دهنده نور خورشید، منافذ هوا، مقاوم در برابر آب، گردوغبار و خط‌وخش، همراه کیف و کاور","ارسال فروشنده","۴.۵","۴,۶۰۰,۰۰۰","","آچار پمپ بنزین مدل هیوندا کیا","[object Object]","موجود در انبار دیجی کالا","۴.۶","[object Object]","۵,۶۰۰,۰۰۰","","گالن بنزین مدل ضد انفجار ظرفیت 20 لیتر","تنها ۲ عدد در انبار باقی مانده","۲.۵","۹,۵۰۰,۰۰۰","","کفپوش سه‌بعدی خودرو پلی‌اتیلن بابل پوشش مدل 02 مناسب پژو 405 با پوشش‌دهی حداکثری، انعطاف‌پذیری بالا، قابلیت شستشو آسان و جلوگیری از نفوذ گرد و غبار","[object Object]","موجود در انبار دیجی کالا","۳.۴","[object Object]","۱,۰۳۹,۰۰۰","","دستگیره سقف عقب راست خودرو کد 1010 مناسب برای دنا","ارسال ۳ ساعته فروشنده","۳.۵","[object Object]","۳۳۰,۳۷۰","[object Object]","[object Object]","","","","","۱۶٪","۵,۴۵۰,۰۰۰","",""
"","کفپوش سه بعدی صندوق خودرو بابل کارپت مدل سوپر مناسب پژو 206 هاچبک و 207 هاچبک، جنس پلی‌اتیلن و نمد، طراحی مقاوم لبه‌ها، قابل شست‌وشو","موجود در انبار دیجی کالا","۴.۵","۱,۱۷۲,۳۰۰","","جاسوئیچی خودرو فلزی طرح نیترو سبک و مقاوم مناسب برای تمام خودروها با وزن 30 گرم و ابعاد 3x1x1 سانتی‌متر","[object Object]","ارسال فروشنده","۴.۵","[object Object]","۱۶۱,۰۰۰","","دزدگیر خودرو چیتا مدل F5 double","ارسال سریع دیجی‌کالا","۴.۴","۱۱,۰۰۰,۰۰۰","","قاب زیر در کنسول وسط خودرو سمند چیکال مدل M-20 مقاوم در برابر فشار دست و افزایش دوام قطعه داخلی کنسول وسط","[object Object]","ارسال فروشنده","۴.۳","[object Object]","۱۶۴,۰۶۰","","سردنده دستی اسپرت مدل 2008-ST مناسب برای پراید، تیبا، ساینا و کوییک با رویه چرم مصنوعی دلتا و بدنه پلاستیکی ضد سایش آبکاری کروم","","۴.۵","[object Object]","۳۱۵,۰۰۰","[object Object]","[object Object]","[object Object]","ارسال سریع دیجی‌کالا","","[object Object]","","","",""
"","زه بغل درب خودرو مناسب پژو 206 پیشرو یدک ایران کد 90 بسته 4 عددی با کیفیت بالا و نصب آسان","ارسال سریع دیجی‌کالا","۴.۴","۶۲۰,۰۰۰","","دستمال مرطوب خودرو پانو مدل 01 بسته 3 عددی هر بسته شامل 12 عدد، فاقد الکل، پاک‌کننده و براق‌کننده داشبورد و سطوح پلاستیکی، ضد گرد و غبار، دارای رایحه مطبوع و سازگار با پوست دست","[object Object]","ارسال فروشنده","۴.۵","[object Object]","۵۲۰,۰۰۰","","سطل زباله خودرو کانکورد مدل SP578 با 4 محفظه، جنس الیاف مصنوعی، ابعاد 12x23x23 سانتی‌متر، وزن 120 گرم، قابلیت نصب با بند و مناسب استفاده داخل اتاق خودرو","تنها ۳ عدد در انبار باقی مانده","۴.۴","۱۳۰,۰۰۰","","پنکه دوگانه خودرو مدل MARS-304 با قابلیت چرخش 360 درجه، اتصال به فندک 12 ولتی، دارای سیم پیچ 100 درصد مسی، دو حالت سرعت و نصب با چسب 2 طرفه و پیچ","[object Object]","ارسال فروشنده","۳.۴","[object Object]","۱,۷۰۰,۰۰۰","","کنسول وسط خودرو مدل 01 مناسب برای زانتیا","ارسال ۳ ساعته فروشنده","۳.۳","[object Object]","۱,۳۰۰,۰۰۰","[object Object]","[object Object]","","","","","۶٪","۵۵۰,۵۰۰","",""
"","برچسب حلقه دور تیوتر خودرو چیکال مدل P-1169 مناسب برای پژو 206/پژو 207 بسته 2 عددی","ارسال سریع دیجی‌کالا","۳.۳","۱۴۴,۵۳۰","","کفپوش سه بعدی خودرو مدل A-h مناسب برای تیبا، تیبا 2 و کوییک، جنس چرم و نمد، ضد لغزش با زیره نمدی، دور دوزی شده، شامل سه تکه کفپوش راننده، شاگرد و کابین عقب یک‌تکه، با دوام و قابلیت جداسازی آسان برای نظافت","[object Object]","موجود در انبار دیجی کالا","۴.۳","[object Object]","۱,۲۱۹,۰۰۰","","کمربند نظم دهنده صندوق عقب خودرو مدل تنظیم شونده مجموعه دو عددی","تنها ۲ عدد در انبار باقی مانده","۴.۴","۲۲۵,۰۰۰","","برچسب بدنه خودرو مدل A228 از جنس کاغذ روکش‌دار و پلاستیک با مقاومت در برابر آب، نور خورشید و دما، ضدخش","[object Object]","موجود در انبار دیجی کالا","۴.۳","[object Object]","۱۰۰,۰۰۰","","منبع اگزوز اسپرت کمکو مدل رنجروری، طول 50cm، عرض 13cm، ساخته شده از استیل مقاوم در برابر حرارت، ضد آب و ضد زنگ، مناسب برای تمامی خودروها با صدای خروجی تقویت‌شده","","۴.۳","[object Object]","۱,۴۰۰,۰۰۰","[object Object]","[object Object]","[object Object]","ارسال سریع دیجی‌کالا","","","","","",""
"https://dkstatics-public.digikala.com/digikala-products/407db2a2075817cdb03acac7b7e28eb9d6f54f79_1738604087.jpg?x-oss-process=image/resize,m_lfit,h_600,w_600/quality,q_90","چادر خودرو نانو ضدآب لوکس مدل مناسب پژو پارس با پوشش ضدخش نرم، جای آینه، بازتاب‌دهنده نور خورشید، منافذ هوا، مقاوم در برابر آب، گردوغبار و خط‌وخش، همراه کیف و کاور","ارسال فروشنده","۴.۵","۴,۶۰۰,۰۰۰","https://dkstatics-public.digikala.com/digikala-products/8ec14e319b8e1e357debe194b67d8d1459107d85_1615574008.jpg?x-oss-process=image/resize,m_lfit,h_600,w_600/quality,q_90","آچار پمپ بنزین مدل هیوندا کیا","[object Object]","موجود در انبار دیجی کالا","۴.۶","[object Object]","۵,۶۰۰,۰۰۰","https://dkstatics-public.digikala.com/digikala-products/a8dfcdba75fad044d398c3740cae7b6c2df86f3f_1771230281.jpg?x-oss-process=image/resize,m_lfit,h_600,w_600/quality,q_90","گالن بنزین مدل ضد انفجار ظرفیت 20 لیتر","تنها ۲ عدد در انبار باقی مانده","۲.۵","۹,۵۰۰,۰۰۰","https://dkstatics-public.digikala.com/digikala-products/3eaa8d4675124a4218350f73d73c7580ded2ddbe_1638725417.jpg?x-oss-process=image/resize,m_lfit,h_600,w_600/quality,q_90","کفپوش سه‌بعدی خودرو پلی‌اتیلن بابل پوشش مدل 02 مناسب پژو 405 با پوشش‌دهی حداکثری، انعطاف‌پذیری بالا، قابلیت شستشو آسان و جلوگیری از نفوذ گرد و غبار","[object Object]","موجود در انبار دیجی کالا","۳.۴","[object Object]","۱,۰۳۹,۰۰۰","https://dkstatics-public.digikala.com/digikala-products/b114f0184f0b741637231deef9fb121cd5b955cd_1699474633.jpg?x-oss-process=image/resize,m_lfit,h_600,w_600/quality,q_90","دستگیره سقف عقب راست خودرو کد 1010 مناسب برای دنا","ارسال ۳ ساعته فروشنده","۳.۵","[object Object]","۳۳۰,۳۷۰","[object Object]","[object Object]","","","https://www.digikala.com/statics/img/svg/productCard/topBadge/SpecialSell.svg","","۱۶٪","۵,۴۵۰,۰۰۰","",""
"https://dkstatics-public.digikala.com/digikala-products/fa97f00f409e457bde1836faabfd916cd13aeebc_1646818622.jpg?x-oss-process=image/resize,m_lfit,h_600,w_600/quality,q_90","کفپوش سه بعدی صندوق خودرو بابل کارپت مدل سوپر مناسب پژو 206 هاچبک و 207 هاچبک، جنس پلی‌اتیلن و نمد، طراحی مقاوم لبه‌ها، قابل شست‌وشو","موجود در انبار دیجی کالا","۴.۵","۱,۱۷۲,۳۰۰","https://dkstatics-public.digikala.com/digikala-products/80b2e701f09ec4697388299ffe70e82917765efd_1699980432.jpg?x-oss-process=image/resize,m_lfit,h_600,w_600/quality,q_90","جاسوئیچی خودرو فلزی طرح نیترو سبک و مقاوم مناسب برای تمام خودروها با وزن 30 گرم و ابعاد 3x1x1 سانتی‌متر","[object Object]","ارسال فروشنده","۴.۵","[object Object]","۱۶۱,۰۰۰","https://dkstatics-public.digikala.com/digikala-products/e4ab1533cd5d819d6c968a49be0cb41378c90945_1696854280.jpg?x-oss-process=image/resize,m_lfit,h_600,w_600/quality,q_90","دزدگیر خودرو چیتا مدل F5 double","ارسال سریع دیجی‌کالا","۴.۴","۱۱,۰۰۰,۰۰۰","https://dkstatics-public.digikala.com/digikala-products/1c31673229a31f3a76e14a5f6d5d047c7d1396d2_1671701651.jpg?x-oss-process=image/resize,m_lfit,h_600,w_600/quality,q_90","قاب زیر در کنسول وسط خودرو سمند چیکال مدل M-20 مقاوم در برابر فشار دست و افزایش دوام قطعه داخلی کنسول وسط","[object Object]","ارسال فروشنده","۴.۳","[object Object]","۱۶۴,۰۶۰","https://dkstatics-public.digikala.com/digikala-products/404dd6c343a0afc6cf7762588bd1748d938ee5cd_1753361398.jpg?x-oss-process=image/resize,m_lfit,h_600,w_600/quality,q_90","سردنده دستی اسپرت مدل 2008-ST مناسب برای پراید، تیبا، ساینا و کوییک با رویه چرم مصنوعی دلتا و بدنه پلاستیکی ضد سایش آبکاری کروم","","۴.۵","[object Object]","۳۱۵,۰۰۰","[object Object]","[object Object]","[object Object]","ارسال سریع دیجی‌کالا","","[object Object]","","","",""
"https://dkstatics-public.digikala.com/digikala-products/2e3a47f0f641fbba95c5b5e1839cc44c80bd2103_1714145705.jpg?x-oss-process=image/resize,m_lfit,h_600,w_600/quality,q_90","زه بغل درب خودرو مناسب پژو 206 پیشرو یدک ایران کد 90 بسته 4 عددی با کیفیت بالا و نصب آسان","ارسال سریع دیجی‌کالا","۴.۴","۶۲۰,۰۰۰","https://dkstatics-public.digikala.com/digikala-products/110683982.jpg?x-oss-process=image/resize,m_lfit,h_600,w_600/quality,q_90","دستمال مرطوب خودرو پانو مدل 01 بسته 3 عددی هر بسته شامل 12 عدد، فاقد الکل، پاک‌کننده و براق‌کننده داشبورد و سطوح پلاستیکی، ضد گرد و غبار، دارای رایحه مطبوع و سازگار با پوست دست","[object Object]","ارسال فروشنده","۴.۵","[object Object]","۵۲۰,۰۰۰","https://dkstatics-public.digikala.com/digikala-products/bc38d31df6f7b9c22f125d1cca1f7a3ebe15a94c_1630252793.jpg?x-oss-process=image/resize,m_lfit,h_600,w_600/quality,q_90","سطل زباله خودرو کانکورد مدل SP578 با 4 محفظه، جنس الیاف مصنوعی، ابعاد 12x23x23 سانتی‌متر، وزن 120 گرم، قابلیت نصب با بند و مناسب استفاده داخل اتاق خودرو","تنها ۳ عدد در انبار باقی مانده","۴.۴","۱۳۰,۰۰۰","https://dkstatics-public.digikala.com/digikala-products/0f1fb95d19b7e1d5223591e508c7e1754f3ca814_1682483605.jpg?x-oss-process=image/resize,m_lfit,h_600,w_600/quality,q_90","پنکه دوگانه خودرو مدل MARS-304 با قابلیت چرخش 360 درجه، اتصال به فندک 12 ولتی، دارای سیم پیچ 100 درصد مسی، دو حالت سرعت و نصب با چسب 2 طرفه و پیچ","[object Object]","ارسال فروشنده","۳.۴","[object Object]","۱,۷۰۰,۰۰۰","https://dkstatics-public.digikala.com/digikala-products/b1be906dea66196ac59e66d9cd32c90f3b9369ce_1625684711.jpg?x-oss-process=image/resize,m_lfit,h_600,w_600/quality,q_90","کنسول وسط خودرو مدل 01 مناسب برای زانتیا","ارسال ۳ ساعته فروشنده","۳.۳","[object Object]","۱,۳۰۰,۰۰۰","[object Object]","[object Object]","","","https://www.digikala.com/statics/img/svg/productCard/topBadge/SpecialSell.svg","","۶٪","۵۵۰,۵۰۰","",""
"https://dkstatics-public.digikala.com/digikala-products/2e5008a4cef939d4e47869fdbb3843b4513a3ced_1784460248.jpg?x-oss-process=image/resize,m_lfit,h_600,w_600/quality,q_90","برچسب حلقه دور تیوتر خودرو چیکال مدل P-1169 مناسب برای پژو 206/پژو 207 بسته 2 عددی","ارسال سریع دیجی‌کالا","۳.۳","۱۴۴,۵۳۰","https://dkstatics-public.digikala.com/digikala-products/35fddb9f4fb7abc05f585455905a29ed79771187_1670657935.jpg?x-oss-process=image/resize,m_lfit,h_600,w_600/quality,q_90","کفپوش سه بعدی خودرو مدل A-h مناسب برای تیبا، تیبا 2 و کوییک، جنس چرم و نمد، ضد لغزش با زیره نمدی، دور دوزی شده، شامل سه تکه کفپوش راننده، شاگرد و کابین عقب یک‌تکه، با دوام و قابلیت جداسازی آسان برای نظافت","[object Object]","موجود در انبار دیجی کالا","۴.۳","[object Object]","۱,۲۱۹,۰۰۰","https://dkstatics-public.digikala.com/digikala-products/c5b498f9c2861ab29c36f4c4a92dc70e868e7476_1742882851.jpg?x-oss-process=image/resize,m_lfit,h_600,w_600/quality,q_90","کمربند نظم دهنده صندوق عقب خودرو مدل تنظیم شونده مجموعه دو عددی","تنها ۲ عدد در انبار باقی مانده","۴.۴","۲۲۵,۰۰۰","https://dkstatics-public.digikala.com/digikala-products/91b88b672d8867e0f820952685a3388b560cbe0f_1765819661.jpg?x-oss-process=image/resize,m_lfit,h_600,w_600/quality,q_90","برچسب بدنه خودرو مدل A228 از جنس کاغذ روکش‌دار و پلاستیک با مقاومت در برابر آب، نور خورشید و دما، ضدخش","[object Object]","موجود در انبار دیجی کالا","۴.۳","[object Object]","۱۰۰,۰۰۰","https://dkstatics-public.digikala.com/digikala-products/9c0fe77903137a126339e418363795b6ef8bb419_1686748527.jpg?x-oss-process=image/resize,m_lfit,h_600,w_600/quality,q_90","منبع اگزوز اسپرت کمکو مدل رنجروری، طول 50cm، عرض 13cm، ساخته شده از استیل مقاوم در برابر حرارت، ضد آب و ضد زنگ، مناسب برای تمامی خودروها با صدای خروجی تقویت‌شده","","۴.۳","[object Object]","۱,۴۰۰,۰۰۰","[object Object]","[object Object]","[object Object]","ارسال سریع دیجی‌کالا","","","","","",""